land_area_ha,families_affected,current_stage_index,days_in_current_stage,days_since_last_action,days_since_update,award_overdue,pending_approvals,pending_notifications,noc_pending_count,budget_released,has_legal_dispute,num_legal_cases,ownership_conflicts,compensation_pct,compensation_pending_months,rr_completion_pct,documentation_pct,stakeholder_response_pct,possession_pct,land_cost_cr,amount_paid_cr,project_value_cr,district_historical_delay_rate,prev_delayed_district,officer_responsiveness,funding_readiness,notice_delivery_pct,mutation_completion_pct,is_delayed,project_type_code,state_code
1474.26,4228,1,1009,489,202,0,12,5,1,1,1,7,0,11.8,14,14.0,45.1,35.3,30.4,12388.41,1461.83,119016.19,0.36,6,3.6,15.1,39.0,0.0,1,6,11
1106.32,3764,2,1018,449,341,1,5,1,6,1,0,0,3,52.3,3,39.7,53.7,54.3,6.5,20008.79,10464.6,281386.68,0.74,35,2.7,41.7,46.7,0.0,1,5,13
461.95,282,3,73,33,8,0,7,1,4,1,1,4,2,93.8,0,58.9,84.5,66.8,35.8,13598.43,12755.33,246958.53,0.45,8,6.9,77.9,63.6,0.0,1,8,3
1060.58,4134,3,96,221,357,0,6,4,5,1,1,12,1,50.9,35,45.1,53.4,25.3,38.9,40532.32,20630.95,451459.93,0.4,18,2.3,35.4,29.9,0.0,1,12,12
228.18,403,3,428,191,373,0,10,2,7,0,0,0,3,13.5,6,5.1,39.3,13.1,38.6,10606.08,1431.82,165399.42,0.51,25,2.2,42.5,41.9,0.0,1,4,3
146.63,397,5,58,60,41,0,7,1,5,0,0,0,1,53.5,16,56.7,76.8,74.7,71.6,3147.73,1684.04,32756.68,0.65,31,6.2,59.4,76.1,52.1,1,6,6
889.05,3124,5,25,27,46,0,9,4,1,0,1,9,0,98.4,0,95.6,93.2,54.1,99.3,12115.57,11921.72,195221.46,0.57,18,5.4,99.8,82.2,76.7,1,6,8
956.19,3554,1,171,643,152,0,8,1,7,1,1,9,0,92.6,0,44.1,58.1,48.8,26.3,27231.08,25215.98,209533.83,0.37,17,4.4,23.3,26.5,0.0,1,7,5
151.16,188,4,179,85,45,0,4,0,1,0,0,0,0,94.0,0,62.2,62.1,90.9,63.2,6732.78,6328.81,103439.07,0.4,9,7.2,70.4,87.5,94.1,1,12,3
670.45,642,2,393,96,157,1,4,5,1,0,1,8,8,52.3,36,0.6,18.8,49.7,12.3,30169.97,15778.89,492681.69,0.77,20,1.7,43.3,37.7,0.0,1,7,13
1763.43,1034,1,1032,287,172,0,2,4,4,0,1,15,6,58.1,16,16.0,54.4,14.9,8.9,58495.87,33986.1,536546.79,0.46,4,3.5,27.6,45.5,0.0,1,10,0
81.32,210,5,10,90,42,0,4,0,4,1,0,0,1,80.3,0,70.7,72.3,76.7,84.3,3825.54,3071.91,58403.29,0.64,20,5.2,96.4,84.9,86.5,0,12,13
387.72,1096,4,129,55,18,0,4,1,5,1,0,0,0,80.8,0,58.1,79.7,45.0,60.7,9275.32,7494.46,169007.97,0.46,6,6.3,78.2,85.3,73.4,0,9,11
1700.23,1283,3,55,54,29,0,0,0,5,1,0,0,0,85.9,0,63.0,73.0,53.1,51.1,5076.56,4360.77,32924.38,0.52,17,5.5,85.0,99.5,0.0,0,4,7
1488.59,3217,4,95,30,26,0,1,2,4,1,1,11,1,88.3,0,71.3,83.2,60.1,54.0,11858.28,10470.86,105475.08,0.35,6,5.0,69.9,78.6,34.0,1,4,5
16.76,29,0,886,557,231,0,6,4,7,0,0,0,6,42.3,35,48.0,59.9,32.0,29.0,705.68,298.5,13091.6,0.6,23,1.8,39.6,53.1,0.0,1,5,0
678.31,2427,2,176,83,7,0,5,1,0,0,0,0,1,62.6,6,68.2,88.7,47.9,77.0,7032.96,4402.63,16645.89,0.48,6,5.8,80.4,68.7,0.0,0,4,10
1159.48,4349,2,154,87,52,0,3,3,6,1,0,0,1,69.8,13,44.6,86.1,79.5,52.0,38547.27,26905.99,124940.23,0.45,2,5.5,77.1,77.3,0.0,0,2,5
1233.75,4587,3,778,643,171,0,5,4,6,0,0,0,4,29.3,16,49.8,19.3,49.7,7.3,13571.17,3976.35,222037.67,0.52,22,2.9,37.8,45.8,0.0,1,14,10
1586.9,1310,5,79,45,13,0,8,2,1,1,0,0,1,83.2,0,62.1,79.9,63.9,56.0,15921.24,13246.47,66104.76,0.69,33,5.3,88.2,71.1,68.3,0,4,4
1417.5,1336,5,122,60,40,0,0,2,0,1,1,5,2,97.2,0,78.3,88.9,50.6,62.6,61172.62,59459.79,247967.41,0.35,12,5.6,85.9,66.1,92.4,1,2,9
763.85,2810,2,50,33,18,0,3,1,4,0,0,0,1,65.3,4,76.6,88.3,97.1,24.5,483.1,315.46,4883.69,0.7,16,5.2,86.8,88.1,0.0,0,6,4
1091.4,3019,2,914,539,76,1,9,1,8,1,0,0,1,13.6,20,35.7,56.2,51.5,17.5,32854.21,4468.17,591691.57,0.53,22,2.1,21.4,53.7,0.0,1,5,12
1040.33,2130,2,51,85,20,0,5,2,5,1,0,0,1,81.7,0,69.5,59.1,64.1,49.7,34640.79,28301.53,318977.26,0.53,3,6.1,66.4,64.6,0.0,0,10,12
1247.15,2799,1,726,305,108,0,12,5,7,1,1,5,8,17.9,19,26.3,49.9,15.5,3.7,61879.5,11076.43,1140608.6,0.69,8,2.7,34.9,55.8,0.0,1,9,13
1018.94,3645,1,1004,561,152,0,11,5,6,1,1,13,6,30.4,33,16.0,15.1,42.7,13.3,38986.88,11852.01,342686.14,0.67,11,3.2,38.6,31.7,0.0,1,6,8
1961.73,4381,5,177,18,21,0,7,0,0,1,0,0,2,66.6,7,92.5,74.8,73.9,73.5,95096.0,63333.94,769716.74,0.54,24,6.6,93.4,94.4,75.2,0,11,0
1842.25,5000,4,24,5,5,0,4,0,2,1,0,0,0,88.0,0,82.2,59.5,54.2,71.5,23189.82,20407.04,218376.95,0.48,7,4.7,82.4,75.3,74.4,0,14,9
1802.91,5000,5,133,25,0,0,7,2,3,0,0,0,1,99.4,0,57.9,98.3,83.0,78.6,52200.0,51886.8,1037133.44,0.36,16,6.7,80.5,87.4,89.8,0,3,11
441.91,515,2,158,56,56,0,0,2,1,1,0,0,2,84.0,0,48.2,59.4,79.5,25.4,6676.36,5608.14,103180.84,0.41,5,6.4,98.7,81.2,0.0,0,8,3
1609.44,3442,5,13,11,6,0,8,2,0,1,0,0,0,93.0,0,83.5,99.1,98.2,72.7,54407.13,50598.63,767256.66,0.46,20,8.4,85.4,78.9,84.8,1,11,9
1300.23,1181,3,116,75,60,0,8,3,3,1,1,8,0,54.9,35,48.1,75.4,81.9,56.9,61088.87,33537.79,429779.9,0.44,7,5.4,65.6,74.5,0.0,1,0,11
187.89,233,3,69,75,51,0,1,1,1,1,0,0,0,89.3,0,54.6,60.7,76.1,67.3,5636.9,5033.75,39407.27,0.5,6,5.9,62.9,86.4,0.0,1,13,11
1484.73,3476,3,153,368,71,0,12,5,8,0,0,0,5,40.8,7,27.1,26.1,37.7,33.9,32070.98,13084.96,126465.91,0.49,16,2.5,26.1,27.4,0.0,1,7,7
1013.57,2032,0,730,485,79,0,9,4,5,0,1,11,8,53.3,14,25.8,59.4,28.6,15.0,8164.94,4351.91,151979.99,0.41,4,1.6,47.2,38.6,0.0,1,2,0
1882.55,3727,2,325,629,315,1,3,3,4,1,1,5,4,31.1,33,12.8,47.8,20.1,32.3,79698.09,24786.11,1557447.23,0.74,32,2.6,11.3,66.5,0.0,1,11,4
1134.81,2159,2,23,41,17,0,5,2,4,0,0,0,0,54.6,34,52.9,73.9,63.7,23.0,5150.09,2811.95,51377.47,0.48,20,6.2,64.7,80.5,0.0,1,10,0
1968.97,1362,5,146,16,29,0,6,1,4,1,0,0,0,88.2,0,57.4,60.4,72.4,77.9,66095.14,58295.91,553547.4,0.4,2,7.0,96.5,94.5,83.0,0,6,5
922.89,2688,3,29,42,15,0,7,2,2,1,0,0,0,62.2,26,71.4,72.8,62.1,51.8,9319.56,5796.77,148853.02,0.69,31,5.8,59.6,70.2,0.0,1,8,1
1520.95,3150,0,810,665,76,0,6,3,5,1,1,11,5,61.9,21,9.1,18.4,29.9,18.5,3591.81,2223.33,31023.46,0.68,31,3.0,40.8,45.4,0.0,1,4,1
646.45,1399,3,103,67,4,0,7,3,2,1,1,2,1,99.1,0,45.1,84.1,47.2,43.2,25105.54,24879.59,357004.77,0.38,17,5.7,69.8,82.3,0.0,1,14,3
287.15,495,3,1131,155,100,0,4,5,6,0,0,0,6,17.7,6,18.6,33.8,45.6,12.4,13663.42,2418.43,111373.03,0.52,8,2.5,17.7,34.8,0.0,1,12,3
266.44,484,4,124,78,36,0,3,3,1,1,0,0,2,90.5,0,49.9,74.7,67.6,65.5,10797.98,9772.17,112755.54,0.57,15,6.8,99.3,78.5,71.3,0,8,0
1284.15,4570,2,66,55,23,0,8,1,2,1,1,14,2,92.6,0,57.1,89.3,60.0,75.8,27015.17,25016.05,246815.22,0.41,11,6.2,65.1,72.7,0.0,0,2,9
1663.07,5000,4,70,14,1,0,10,4,1,0,0,0,0,51.0,14,90.1,79.7,85.0,61.9,53431.3,27249.96,705859.01,0.46,16,5.3,83.4,83.0,76.7,1,4,10
140.02,327,4,71,8,41,0,2,3,2,1,0,0,2,51.0,31,42.6,72.4,65.5,88.6,5165.58,2634.45,41248.89,0.33,12,4.5,62.9,91.2,60.2,1,9,5
1772.15,2843,2,104,34,23,0,2,3,7,1,1,14,2,73.7,3,85.2,63.6,64.6,64.6,79364.95,58491.97,711078.67,0.81,29,5.5,96.6,80.8,0.0,0,8,1
1323.53,2081,0,243,714,377,0,8,3,7,1,0,0,2,72.2,29,42.5,58.5,25.9,14.5,53145.36,38370.95,756226.1,0.51,7,4.5,49.1,21.7,0.0,1,13,5
747.17,2369,0,626,456,67,0,9,5,8,1,0,0,6,28.9,18,15.0,20.7,43.1,8.6,23003.81,6648.1,333363.2,0.72,12,1.7,32.6,64.9,0.0,1,4,14
584.27,905,5,16,30,25,0,3,1,4,1,0,0,2,81.9,0,87.6,77.9,51.7,68.4,23535.13,19275.27,280765.74,0.46,4,6.0,100.0,88.8,81.0,0,9,9
1756.53,5000,2,1152,290,77,1,4,3,2,1,1,3,6,40.2,4,49.9,40.9,23.7,10.0,56095.36,22550.33,668384.38,0.53,12,2.5,35.1,28.4,0.0,1,1,6
167.04,638,3,699,310,397,0,6,4,1,1,1,4,6,47.1,2,29.9,46.4,23.0,6.3,3520.08,1657.96,36467.88,0.47,6,2.7,26.0,69.4,0.0,1,7,0
901.94,895,5,137,63,3,0,3,1,3,1,0,0,2,70.9,11,88.8,97.0,84.7,51.2,42651.86,30240.17,473350.36,0.77,13,6.5,57.3,79.8,95.3,0,13,4
1528.89,2722,2,110,16,2,0,4,0,2,1,0,0,0,68.1,19,44.4,77.7,87.0,53.5,28433.56,19363.25,130703.74,0.46,13,5.4,56.8,88.5,0.0,1,0,9
788.94,2096,0,943,399,399,0,2,3,1,1,0,0,8,59.7,35,29.4,43.1,31.4,23.9,10764.11,6426.17,148551.58,0.56,23,2.4,12.6,44.0,0.0,1,1,3
224.24,126,4,1069,272,399,0,4,5,6,1,1,12,0,70.5,31,92.4,88.1,48.4,97.8,5214.33,3676.1,60466.87,0.63,30,5.1,44.0,60.2,47.2,0,12,14
1411.28,4115,4,47,50,52,0,8,3,2,1,0,0,2,96.7,0,87.7,67.3,51.7,97.8,6226.51,6021.04,116013.41,0.41,14,6.0,79.2,97.3,87.8,0,8,2
109.72,213,1,678,726,119,0,9,4,1,0,1,13,0,50.3,36,58.7,22.9,39.4,36.3,540.73,271.99,6669.58,0.46,3,4.4,30.9,61.9,0.0,1,14,7
1754.1,933,1,320,339,128,0,10,4,8,0,1,6,1,72.7,35,31.5,59.5,16.0,25.9,63271.46,45998.35,142583.22,0.45,10,3.4,18.8,62.8,0.0,1,11,12
650.59,890,2,332,301,357,1,12,3,3,1,1,13,1,97.7,0,58.1,87.5,45.6,16.2,16508.57,16128.87,299005.38,0.76,18,4.6,55.8,34.8,0.0,1,10,1
1100.72,2364,1,1189,123,291,0,11,1,6,0,0,0,3,55.7,6,31.5,41.4,26.3,34.2,24624.33,13715.75,350781.32,0.59,21,2.3,32.3,22.8,0.0,1,5,10
512.64,261,5,56,36,43,0,9,1,7,1,1,7,1,85.0,0,72.5,57.7,94.2,68.7,22874.52,19443.34,230430.33,0.76,22,4.6,98.4,95.0,38.6,1,7,4
1513.58,5000,5,167,84,3,0,1,0,0,1,0,0,1,76.6,15,54.9,70.6,60.2,62.0,5798.37,4441.55,73587.08,0.61,29,5.8,66.0,61.8,58.5,0,11,14
1154.34,2910,1,964,630,239,0,6,1,1,1,0,0,3,28.1,10,59.1,41.1,28.6,38.9,54379.26,15280.57,765886.49,0.61,15,3.7,17.5,38.8,0.0,1,3,10
1935.73,4743,5,164,34,58,0,3,0,0,1,1,4,1,82.3,0,95.3,93.1,50.1,59.4,73952.58,60862.97,1112061.5,0.39,13,5.7,70.0,98.3,60.6,0,9,2
796.28,1065,4,62,60,37,0,7,0,3,1,1,8,2,82.4,0,58.5,71.2,93.6,52.3,34456.79,28392.39,528654.78,0.38,15,6.7,87.4,71.8,42.8,0,0,12
1480.49,3128,3,371,66,371,0,3,1,4,1,1,3,8,39.3,35,59.4,62.9,33.6,2.7,11808.34,4640.68,70105.57,0.67,5,3.4,56.7,65.6,0.0,1,0,4
39.2,131,5,30,34,54,0,6,3,7,1,0,0,2,55.4,7,71.5,65.8,79.1,72.9,491.52,272.3,7151.74,0.58,5,5.3,84.2,61.3,56.3,1,9,14
1133.88,3971,4,14,22,15,0,4,0,4,1,0,0,0,61.5,31,56.3,96.6,82.6,57.2,46629.9,28677.39,782274.53,0.59,14,5.9,80.5,94.0,87.1,1,14,0
876.99,3012,5,120,45,17,0,7,1,4,0,0,0,2,69.8,21,41.8,67.3,99.6,83.0,4158.56,2902.67,54623.04,0.54,27,4.4,61.9,88.5,71.2,1,7,12
179.16,359,3,884,358,104,0,8,1,4,1,0,0,1,51.3,23,33.3,44.8,45.3,22.9,1593.51,817.47,14107.63,0.63,15,2.6,13.2,41.7,0.0,1,13,13
918.43,894,3,132,41,20,0,2,2,3,1,0,0,2,69.0,22,66.4,74.4,90.3,78.1,13709.11,9459.29,198908.76,0.38,15,7.9,71.9,92.7,0.0,1,12,2
925.94,2758,3,118,32,2,0,4,1,0,1,1,12,0,90.9,0,87.7,73.4,72.5,46.9,27868.69,25332.64,347812.19,0.43,21,5.4,90.6,74.4,0.0,1,7,5
1295.76,848,1,1002,582,181,0,6,2,8,0,0,0,6,68.0,22,57.9,36.5,10.5,30.9,38400.11,26112.07,422723.16,0.69,4,2.2,30.8,68.1,0.0,0,1,1
954.94,1941,1,417,309,232,0,12,2,7,0,1,5,0,90.5,0,46.9,57.5,39.2,38.3,11437.17,10350.64,106261.07,0.32,14,3.9,11.5,50.7,0.0,1,4,2
1156.81,3815,0,802,661,374,0,11,4,8,0,1,4,1,55.7,32,31.7,47.0,36.9,24.7,47174.76,26276.34,693836.49,0.46,20,3.4,16.7,25.9,0.0,1,8,0
375.58,1023,0,1082,427,257,0,11,1,7,0,0,0,2,43.3,32,17.3,24.4,47.9,38.6,9584.49,4150.08,104561.58,0.72,22,2.9,34.4,24.1,0.0,1,5,4
1486.32,4727,3,118,69,5,0,0,3,5,0,1,2,1,88.8,0,89.4,71.5,90.2,65.1,22646.45,20110.05,452648.82,0.37,9,6.1,74.8,99.8,0.0,1,4,2
1234.22,4007,0,367,586,394,0,11,3,7,1,0,0,5,41.9,35,10.1,64.0,23.2,36.8,61251.95,25664.57,1078454.3,0.35,4,2.2,26.1,32.4,0.0,1,5,5
1590.22,5000,4,26,58,36,0,0,0,3,1,0,0,2,96.8,0,62.1,97.8,63.0,60.9,34614.85,33507.17,201227.42,0.35,8,6.1,60.9,94.1,91.5,0,13,11
915.75,3636,2,105,32,5,0,1,2,5,1,0,0,0,94.1,0,58.1,94.3,93.2,29.9,18423.89,17336.88,138163.82,0.44,8,6.4,86.7,60.0,0.0,1,10,11
1976.37,3909,3,27,17,39,0,2,3,0,1,1,7,0,86.5,0,46.1,69.1,93.5,56.6,17043.76,14742.85,141827.59,0.34,4,7.0,85.9,94.4,0.0,1,11,11
499.33,1376,3,110,66,38,0,4,1,0,1,0,0,2,80.4,0,86.7,86.1,91.6,67.0,19869.35,15974.96,125338.63,0.4,8,7.0,58.2,95.5,0.0,0,8,5
1909.13,5000,5,31,54,9,0,8,3,4,1,1,5,0,52.0,4,96.9,72.9,60.8,80.8,27175.8,14131.42,205947.02,0.62,11,7.0,79.1,75.6,85.4,0,10,14
176.99,357,5,98,20,1,0,2,0,5,1,0,0,1,83.3,0,79.5,62.9,45.7,63.0,3346.44,2787.58,51856.35,0.57,6,6.3,70.1,77.2,64.1,0,7,0
337.93,355,3,397,432,398,0,2,4,1,0,0,0,1,61.4,33,0.2,57.9,10.6,22.1,15457.06,9490.63,236987.41,0.56,14,2.8,26.0,61.3,0.0,1,11,8
142.51,303,3,844,308,239,0,6,5,8,1,0,0,1,54.3,30,40.5,25.0,35.4,39.9,5544.54,3010.69,84190.18,0.71,14,3.1,11.2,47.1,0.0,1,7,13
618.48,753,0,285,529,191,0,8,3,7,1,1,1,2,52.7,6,2.6,26.6,48.0,3.0,17692.94,9324.18,173916.15,0.69,13,2.0,56.3,39.6,0.0,1,0,6
222.4,193,4,164,87,16,0,3,2,6,0,1,2,2,67.9,14,67.1,75.9,91.9,57.4,7940.19,5391.39,154287.42,0.43,3,5.4,91.9,67.0,91.9,1,8,7
128.03,413,1,998,126,323,0,3,1,2,1,1,7,1,84.3,0,96.3,58.8,36.4,36.2,5320.05,4484.8,42389.62,0.63,21,3.3,31.7,56.2,0.0,1,13,1
74.13,197,2,107,80,11,0,8,1,2,1,1,7,2,74.0,6,56.8,61.2,56.0,48.8,2904.49,2149.32,23795.37,0.61,15,5.1,56.2,83.9,0.0,0,4,6
204.77,573,4,101,30,51,0,2,1,0,1,0,0,2,52.8,15,74.5,99.2,66.4,85.2,3667.08,1936.22,44803.37,0.41,6,6.8,94.7,79.7,72.4,1,6,12
406.92,389,2,900,134,362,1,10,3,6,1,0,0,5,13.6,10,35.2,60.9,44.8,12.1,2951.94,401.46,14272.84,0.54,24,4.1,25.9,55.4,0.0,1,3,7
1469.32,2249,3,94,63,46,0,3,0,1,1,1,12,2,69.6,3,50.9,69.3,89.5,40.8,23973.68,16685.68,322478.64,0.69,34,5.6,94.9,77.9,0.0,1,5,6
842.21,911,2,18,57,35,0,3,1,2,1,0,0,1,77.3,7,89.7,90.5,76.8,35.7,4787.03,3700.37,39026.49,0.46,6,6.9,97.4,99.1,0.0,0,4,2
318.42,272,5,156,6,30,0,3,0,3,1,1,12,2,86.1,0,83.8,66.9,60.5,57.7,5846.52,5033.85,56693.16,0.46,21,6.5,64.0,61.0,66.8,1,12,0
1285.52,2386,2,31,89,26,0,0,1,4,1,0,0,0,72.3,17,66.4,66.9,91.0,44.8,48778.56,35266.9,297316.53,0.29,8,6.6,98.5,87.5,0.0,0,2,2
1144.58,2642,5,30,5,58,0,3,1,3,1,0,0,0,56.0,29,50.4,99.3,98.5,60.1,47176.06,26418.59,219925.76,0.4,10,6.4,91.3,63.5,66.2,0,7,2
229.48,234,4,108,52,25,0,8,2,4,1,0,0,0,96.2,0,73.8,59.5,60.7,80.4,540.32,519.79,3759.25,0.4,17,5.6,56.7,95.6,51.5,0,9,3
564.29,1253,3,522,252,63,0,11,1,7,1,1,14,3,18.1,29,46.4,31.0,42.8,29.6,21496.58,3890.88,378541.91,0.53,19,3.3,25.6,45.3,0.0,1,2,3
502.73,1054,3,1003,441,44,0,2,2,8,0,0,0,4,32.1,30,30.3,46.8,15.6,23.5,8955.19,2874.62,44267.7,0.78,38,1.4,29.3,28.1,0.0,1,11,13
45.0,145,3,804,493,369,0,12,3,4,1,1,15,2,48.8,1,13.4,45.4,52.4,18.7,1530.95,747.1,25777.52,0.38,4,3.1,58.3,62.0,0.0,1,5,11
653.65,960,3,16,87,52,0,6,2,2,1,0,0,2,64.9,10,71.0,65.8,48.1,35.6,13869.8,9001.5,124674.92,0.31,15,6.5,63.5,89.1,0.0,1,2,11
1753.61,1988,4,67,28,30,0,5,0,2,1,1,5,2,90.4,0,85.8,63.2,82.4,71.0,77858.1,70383.72,676608.98,0.49,16,7.3,57.4,85.4,83.2,0,11,3
279.04,335,2,11,81,27,0,2,2,1,1,0,0,1,57.2,12,86.7,76.9,79.7,65.7,2468.38,1411.91,38903.41,0.72,7,5.1,83.5,76.1,0.0,1,11,1
385.2,1104,5,143,37,12,0,0,2,2,1,1,12,1,65.6,7,63.0,81.5,54.2,71.7,13287.71,8716.74,58575.01,0.55,19,4.9,62.4,96.3,82.8,1,8,7
1302.83,821,3,343,514,369,0,3,4,8,1,1,9,0,45.6,4,39.7,47.7,10.9,28.1,13903.8,6340.13,199426.66,0.35,10,2.8,36.0,51.1,0.0,1,1,7
401.3,481,1,95,398,68,0,5,4,2,0,0,0,0,67.9,27,57.7,56.8,32.3,36.3,16791.99,11401.76,235799.75,0.61,6,4.9,46.2,25.1,0.0,1,13,4
1705.24,3002,4,33,56,30,0,5,2,2,1,0,0,0,54.7,3,40.6,61.2,80.6,59.1,34682.0,18971.05,670110.99,0.33,9,5.8,91.0,86.0,81.8,0,10,2
1358.39,1540,5,21,52,14,0,7,0,5,0,1,1,2,94.0,0,83.6,95.1,71.6,65.7,48054.57,45171.3,682505.63,0.49,20,6.0,99.0,86.8,52.0,0,4,9
301.57,1023,4,71,62,28,0,4,1,5,1,0,0,0,82.2,0,49.4,93.2,91.9,52.5,3475.28,2856.68,47193.3,0.38,7,4.2,91.1,77.9,85.7,1,14,11
5.34,10,3,126,6,14,0,5,2,4,1,0,0,1,94.5,0,73.7,84.5,70.1,56.0,192.1,181.53,1640.4,0.39,4,6.4,55.1,74.2,0.0,0,9,11
1486.31,2871,3,1026,186,277,0,12,5,3,1,1,2,1,60.8,13,83.0,59.8,28.7,38.6,1062.28,645.87,16201.74,0.61,19,4.7,56.2,59.1,0.0,1,10,6
1010.7,1866,2,732,584,393,1,8,5,4,1,0,0,3,26.4,22,58.2,37.6,16.0,8.0,31732.24,8377.31,229437.77,0.41,19,1.9,42.5,67.9,0.0,1,12,9
837.87,2612,1,676,333,261,0,2,2,3,1,1,14,6,58.5,34,6.4,34.0,12.4,33.6,29061.06,17000.72,212509.88,0.77,5,2.0,15.1,63.4,0.0,1,14,1
578.84,1635,2,492,708,91,1,9,2,4,1,1,13,5,67.9,4,0.8,27.6,37.9,11.8,5373.13,3648.36,76770.53,0.62,9,2.7,28.9,41.4,0.0,1,8,4
311.64,507,3,57,67,21,0,1,2,4,1,0,0,2,92.2,0,58.1,90.5,75.3,29.6,8533.47,7867.86,79032.79,0.35,6,7.8,71.2,68.7,0.0,0,10,2
1229.33,3287,3,1086,586,350,0,10,3,4,0,0,0,5,32.9,8,23.2,42.0,22.7,12.8,5625.54,1850.8,20967.6,0.53,20,3.1,13.3,53.5,0.0,1,6,9
1294.89,4906,3,884,324,62,0,11,2,7,0,1,8,5,12.3,5,3.3,54.7,35.1,17.3,1730.11,212.8,24428.08,0.73,33,3.0,47.8,49.3,0.0,1,0,1
1531.72,3112,1,700,709,335,0,10,3,6,1,0,0,7,19.4,15,8.2,34.5,45.9,38.3,1611.27,312.59,28593.28,0.65,4,1.6,29.7,47.4,0.0,1,13,1
289.2,330,0,685,720,150,0,10,4,5,1,1,2,0,83.5,0,74.0,57.4,43.8,3.9,10531.7,8793.97,113420.38,0.47,6,4.7,15.0,51.0,0.0,1,11,0
1616.36,5000,5,101,59,12,0,5,3,3,1,0,0,0,85.6,0,78.5,67.5,64.8,77.6,14871.52,12730.02,192129.6,0.49,6,8.2,66.8,95.5,63.1,1,12,5
1105.43,2655,0,902,573,101,0,4,4,1,0,1,13,2,31.9,15,53.5,44.5,48.6,26.5,46953.25,14978.09,775560.68,0.72,10,2.8,32.3,29.0,0.0,1,6,13
467.34,666,4,36,83,41,0,0,0,4,1,0,0,2,95.4,0,61.7,76.1,70.0,81.7,6560.53,6258.75,100732.84,0.52,21,6.2,72.0,83.5,95.9,1,8,0
1586.35,5000,2,179,77,26,0,2,2,2,1,0,0,1,58.3,5,70.9,67.6,53.3,63.2,38603.94,22506.1,409922.25,0.39,5,7.1,56.0,61.7,0.0,1,1,7
1035.7,1987,1,462,480,227,0,4,2,5,1,0,0,4,66.8,14,27.0,64.6,49.0,6.7,35666.16,23824.99,663473.86,0.72,6,1.7,16.6,20.8,0.0,1,3,13
1201.63,4292,2,145,47,27,0,6,3,3,1,0,0,0,74.1,9,94.1,79.3,45.1,67.4,23277.02,17248.27,293357.15,0.49,24,5.6,61.0,79.1,0.0,0,3,9
1579.9,3986,5,154,68,23,0,4,2,2,1,1,11,0,84.4,0,59.0,71.3,53.5,99.6,31872.87,26900.7,180607.17,0.48,19,6.3,80.2,79.4,99.5,0,0,3
205.06,467,4,66,8,38,0,6,0,4,1,0,0,0,58.0,1,88.3,92.0,70.9,51.9,4003.62,2322.1,78951.65,0.57,21,4.8,57.6,90.9,41.4,1,0,10
1034.05,1355,3,142,75,52,0,6,3,5,0,1,4,2,50.0,11,45.2,67.4,67.0,24.1,5132.21,2566.11,36545.89,0.54,22,5.6,67.4,84.3,0.0,0,12,3
592.03,2258,3,146,529,241,0,5,3,5,1,0,0,8,58.8,17,41.7,63.3,35.3,2.7,18865.78,11093.08,375345.34,0.42,7,3.7,57.8,45.8,0.0,1,13,2
1863.14,4039,1,601,294,33,0,6,2,6,1,0,0,4,21.0,13,29.9,25.0,43.1,6.2,10771.04,2261.92,199946.98,0.76,35,2.6,48.2,47.1,0.0,1,13,1
564.13,720,3,736,183,164,0,4,4,1,1,1,13,1,73.9,35,2.0,32.4,48.7,27.0,10877.38,8038.38,41480.46,0.55,11,2.2,21.9,43.6,0.0,1,8,8
562.86,635,3,131,18,50,0,6,1,1,1,0,0,0,90.7,0,83.2,91.2,75.5,45.3,4028.02,3653.41,72822.04,0.48,18,7.8,76.9,70.0,0.0,1,11,7
197.12,612,4,93,36,9,0,3,1,3,1,0,0,2,96.6,0,55.5,55.9,51.7,88.7,4459.45,4307.83,15212.68,0.57,19,6.5,94.1,85.6,97.1,0,11,10
1307.76,3905,1,570,83,43,0,4,2,2,1,1,15,7,56.9,24,44.9,41.0,30.3,8.4,26356.28,14996.72,98044.49,0.56,19,2.5,48.5,46.2,0.0,1,1,3
1254.83,1203,1,1194,515,207,0,6,5,8,0,1,11,5,61.6,21,51.9,38.4,49.2,25.2,40122.73,24715.6,487560.21,0.72,32,2.3,34.1,31.4,0.0,1,2,1
691.05,1480,5,153,24,40,0,8,2,1,1,0,0,1,65.0,28,87.9,81.9,88.8,58.2,25560.1,16614.06,230424.78,0.53,11,5.7,65.8,90.6,96.4,0,8,10
368.9,558,2,82,23,19,0,8,0,5,1,0,0,1,85.0,0,69.5,69.4,53.4,46.3,334.26,284.12,1211.21,0.4,7,5.6,90.4,79.9,0.0,0,11,0
942.94,1105,0,1157,531,311,0,2,2,4,1,0,0,0,17.3,16,23.1,63.7,21.1,18.9,32278.15,5584.12,245893.93,0.68,30,3.2,36.0,32.7,0.0,1,13,1
35.06,115,3,50,11,34,0,4,3,6,1,1,4,0,98.4,0,74.9,86.1,82.9,75.9,1747.75,1719.79,23161.85,0.35,16,4.1,90.6,65.0,0.0,0,5,9
1380.05,2420,5,80,41,34,0,2,2,4,1,0,0,1,85.3,0,73.5,79.4,72.0,95.7,38570.68,32900.79,124960.46,0.41,9,7.8,71.5,60.0,85.5,1,6,12
1318.29,3145,2,21,12,53,0,5,0,1,1,0,0,1,88.3,0,49.2,67.7,67.5,30.7,2699.92,2384.03,10602.57,0.38,2,6.2,72.5,79.6,0.0,0,0,9
1313.22,4923,0,234,601,128,0,11,3,2,1,1,11,0,31.7,27,49.3,54.7,12.6,37.8,63098.97,20002.37,236504.18,0.5,19,2.0,36.3,32.4,0.0,1,3,7
1406.59,2805,4,105,70,35,0,5,2,5,1,0,0,2,70.1,22,79.5,79.0,78.0,71.5,51242.71,35921.14,663666.92,0.63,11,5.9,96.7,70.2,98.5,1,14,14
18.1,71,5,101,4,36,0,2,0,2,0,1,13,2,91.1,0,95.1,78.0,76.4,68.4,530.63,483.4,3286.67,0.44,4,6.2,96.3,89.4,88.9,1,3,2
79.56,264,5,23,81,46,0,3,0,0,1,0,0,1,67.4,28,65.0,94.1,92.8,66.0,2264.53,1526.29,17851.22,0.54,7,5.0,99.9,98.8,78.9,1,14,0
1491.9,3608,3,153,83,5,0,7,3,5,1,0,0,1,88.7,0,47.8,61.1,75.8,51.5,18640.69,16534.29,126619.27,0.47,22,6.8,60.1,76.5,0.0,1,4,12
1644.06,5000,1,679,695,297,0,2,2,2,0,1,15,3,22.0,24,9.4,51.4,13.9,12.2,39167.95,8616.95,312316.65,0.45,8,2.0,47.5,47.4,0.0,0,1,11
514.64,365,4,176,2,11,0,5,0,3,1,0,0,1,52.7,1,44.0,84.7,81.5,75.4,18336.42,9663.29,335000.84,0.4,17,6.3,63.9,98.7,82.4,1,9,11
1370.2,2389,3,97,28,26,0,0,2,5,1,0,0,2,63.8,4,77.5,94.5,94.0,28.2,50189.79,32021.09,570804.53,0.42,18,7.2,65.8,66.1,0.0,0,7,2
1601.21,5000,2,57,8,47,0,2,2,1,1,0,0,2,95.5,0,65.8,95.9,87.4,63.6,61468.9,58702.8,1096751.12,0.66,20,5.3,97.0,95.8,0.0,1,9,4
537.39,1335,3,1096,248,143,0,12,3,3,1,1,11,0,68.0,31,48.0,57.3,31.1,7.7,1126.03,765.7,17748.15,0.62,13,4.3,47.1,69.4,0.0,1,12,1
857.97,2759,3,176,522,55,0,10,1,4,1,0,0,5,33.6,35,31.5,58.8,45.4,20.7,17230.4,5789.41,262471.74,0.59,22,3.0,19.5,42.0,0.0,1,4,8
1807.83,3837,1,1021,664,391,0,4,4,6,0,1,9,0,59.0,35,8.1,35.7,30.3,27.7,82083.69,48429.38,1340980.89,0.59,7,1.9,32.5,38.1,0.0,1,0,10
1537.68,5000,3,40,36,0,0,6,4,4,1,0,0,2,58.1,10,50.7,87.0,68.1,20.2,59027.06,34294.72,131024.71,0.68,24,5.0,82.4,79.7,0.0,0,5,4
559.84,1511,0,190,399,120,0,11,3,3,0,1,3,2,13.3,23,2.2,57.7,40.0,6.5,8160.7,1085.37,113406.33,0.62,25,2.8,58.3,57.5,0.0,1,3,8
1687.4,1227,0,1080,704,96,0,3,5,5,1,1,14,1,66.5,27,31.5,49.8,37.5,17.1,71657.13,47651.99,478231.14,0.62,27,2.7,40.7,44.8,0.0,1,8,6
240.82,512,1,666,71,232,0,12,2,2,0,0,0,3,58.0,27,24.8,31.7,35.2,12.3,6160.45,3573.06,48240.2,0.37,17,2.4,46.2,50.8,0.0,1,6,3
965.58,2602,0,516,628,203,0,11,3,6,1,0,0,5,37.7,27,55.7,17.8,33.4,32.0,42927.23,16183.57,359074.25,0.69,15,3.3,59.2,51.3,0.0,1,14,6
1421.13,2060,5,139,11,20,0,0,1,3,0,0,0,1,72.6,20,53.0,68.6,51.2,95.2,11549.31,8384.8,93804.49,0.42,15,6.3,61.4,94.9,92.9,0,0,5
13.2,49,3,92,81,7,0,0,2,2,0,0,0,1,66.7,3,46.2,89.5,86.0,36.6,215.13,143.49,2138.41,0.42,5,4.7,55.7,84.9,0.0,1,9,0
493.43,369,1,1003,461,268,0,3,4,5,1,1,8,0,17.8,31,54.2,17.5,27.3,13.3,5086.42,905.38,79608.81,0.66,6,4.0,38.4,24.6,0.0,1,2,6
519.82,921,5,128,44,20,0,7,0,2,1,0,0,1,89.4,0,92.9,75.4,46.7,88.4,15812.82,14136.66,67885.89,0.3,15,7.4,80.0,62.8,72.1,0,10,2
420.44,1231,5,93,14,24,0,1,3,3,1,0,0,2,89.4,0,72.7,65.6,81.4,58.8,20103.86,17972.85,65396.6,0.37,15,6.7,69.7,85.8,62.5,1,13,7
586.55,1556,0,1135,656,213,0,7,1,3,1,1,15,1,65.0,20,55.1,61.8,42.3,34.1,2105.32,1368.46,38357.59,0.57,2,4.6,15.5,34.1,0.0,1,4,12
426.38,471,2,46,9,57,0,2,0,3,1,0,0,1,92.0,0,49.3,99.9,81.9,59.5,20790.83,19127.56,92393.69,0.33,10,7.0,90.5,84.2,0.0,1,5,11
19.82,44,3,253,175,369,0,9,3,5,0,0,0,4,34.7,35,34.6,16.7,11.7,18.6,86.67,30.07,1561.66,0.6,21,2.5,58.0,23.9,0.0,1,5,4
1812.58,4547,5,158,7,32,0,11,3,1,0,1,13,1,64.5,3,81.7,81.9,61.7,82.8,27083.18,17468.65,413637.11,0.61,21,4.0,58.5,91.4,46.4,1,4,13
1320.02,2368,5,108,63,48,0,2,1,3,0,0,0,0,74.2,34,91.7,70.4,49.6,86.3,11590.46,8600.12,143717.45,0.57,4,6.1,91.9,62.1,60.2,1,0,0
528.94,1246,2,776,502,331,1,10,3,2,0,1,13,1,69.1,21,57.7,49.1,11.8,10.2,15559.7,10751.75,160264.2,0.51,10,3.6,48.5,46.0,0.0,0,5,3
212.3,437,0,335,713,386,0,5,5,3,0,1,4,0,51.2,6,43.4,44.7,50.2,15.0,8133.42,4164.31,111121.27,0.76,12,4.9,19.2,34.7,0.0,1,13,13
518.39,1675,5,55,25,6,0,1,3,0,1,1,7,1,99.8,0,55.5,91.6,54.8,57.2,19984.46,19944.49,118526.97,0.41,13,6.7,56.6,62.8,89.1,1,8,2
1401.61,5000,5,133,0,41,0,8,1,4,0,0,0,1,73.9,26,90.6,90.1,88.2,96.8,25602.45,18920.21,365424.88,0.38,17,6.4,59.1,81.4,92.5,1,2,11
386.05,1133,3,219,560,58,0,11,2,5,1,0,0,5,39.2,29,44.1,22.0,18.7,20.0,18632.79,7304.05,309528.01,0.49,2,1.3,26.9,56.1,0.0,1,5,11
1483.4,1951,2,88,22,38,0,2,0,0,1,0,0,1,82.7,0,68.3,96.3,47.5,47.4,13275.13,10978.53,167781.25,0.74,8,5.1,91.0,68.8,0.0,1,9,4
278.97,956,5,72,21,31,0,7,5,1,1,0,0,2,58.7,5,47.2,61.4,67.8,56.7,11063.14,6494.06,148019.32,0.48,7,4.1,58.6,60.3,90.2,1,12,0
1048.56,2036,0,572,488,367,0,6,3,2,0,0,0,0,79.8,32,36.7,19.4,47.2,24.8,45303.23,36151.98,895285.97,0.5,17,3.6,20.4,22.7,0.0,1,14,0
112.79,200,3,123,9,6,0,7,0,2,1,1,10,1,52.2,4,95.5,62.9,88.2,45.1,4227.46,2206.73,76815.95,0.42,5,5.4,65.7,76.5,0.0,0,3,3
912.71,1693,2,129,17,57,0,0,2,1,1,0,0,2,67.9,18,52.1,60.7,83.1,65.6,10389.15,7054.23,75974.89,0.35,15,7.6,62.6,98.8,0.0,1,6,5
1461.39,4496,2,130,5,15,0,0,3,4,1,1,10,0,94.6,0,75.5,61.7,76.6,22.0,39151.41,37037.23,416056.09,0.64,7,5.4,58.7,90.1,0.0,1,2,8
1339.73,1428,5,172,80,39,0,4,3,2,0,0,0,2,51.2,30,67.8,61.2,83.7,69.2,46478.12,23796.8,537127.46,0.56,12,5.5,79.4,91.8,81.2,0,7,6
226.38,402,3,519,176,206,0,5,5,4,1,1,3,8,52.3,36,42.6,25.2,54.2,12.8,10175.26,5321.66,112580.98,0.68,5,1.5,32.6,45.1,0.0,1,3,13
1891.0,5000,0,393,342,272,0,3,2,4,1,1,15,7,15.2,26,53.9,29.4,53.0,20.8,59661.37,9068.53,434158.77,0.53,20,3.5,27.3,42.2,0.0,1,1,9
1159.52,3241,1,1081,326,112,0,6,2,5,0,1,11,8,60.5,29,27.5,43.4,50.4,30.8,3295.69,1993.89,27539.37,0.43,6,2.7,45.6,34.3,0.0,1,1,9
257.31,363,2,113,15,21,0,2,2,1,1,0,0,0,83.3,0,98.7,61.7,69.7,76.9,11946.04,9951.05,57448.01,0.49,19,7.5,84.1,71.8,0.0,0,1,11
680.68,607,3,159,7,25,0,1,2,2,1,1,11,2,55.8,2,64.1,92.8,69.5,31.7,3156.78,1761.48,54581.12,0.46,4,6.2,63.8,72.7,0.0,0,3,5
748.8,1120,1,266,484,75,0,4,4,5,0,0,0,8,15.3,29,44.5,35.8,29.9,19.0,32529.77,4977.05,642771.67,0.51,21,3.1,10.3,51.9,0.0,1,1,6
983.72,3324,4,116,15,23,0,4,3,5,0,0,0,1,78.0,30,53.5,90.6,53.5,82.2,1876.85,1463.94,29588.41,0.42,3,6.2,81.1,82.6,94.7,1,2,5
329.88,232,4,145,37,55,0,5,0,0,1,0,0,0,67.9,4,56.4,73.9,95.2,75.7,12680.22,8609.87,67185.57,0.64,9,6.1,69.2,93.8,92.0,0,11,1
566.43,1827,5,29,53,38,0,8,0,1,0,0,0,0,55.1,10,70.2,92.4,88.7,96.2,13728.08,7564.17,104447.66,0.65,21,6.5,78.5,98.8,41.2,0,10,4
1962.31,3898,0,608,540,132,0,11,1,5,0,1,1,7,55.4,3,11.8,16.6,39.7,26.7,74273.9,41147.74,1194522.97,0.63,11,3.3,19.2,37.6,0.0,1,6,10
1227.85,2783,5,103,27,32,0,0,0,1,1,0,0,0,76.4,13,97.9,62.7,86.5,72.0,58824.47,44941.9,309138.69,0.39,11,6.7,65.2,64.5,99.4,1,8,5
659.59,596,5,104,8,25,0,6,1,5,0,0,0,1,84.4,0,90.5,65.2,67.4,74.6,3763.63,3176.5,37203.67,0.51,5,5.8,73.0,83.6,64.1,0,7,12
469.57,932,3,126,35,31,0,9,5,5,0,0,0,2,79.7,26,61.4,85.0,97.3,49.4,5599.94,4463.15,106193.09,0.36,2,5.8,85.5,98.9,0.0,0,5,7
1536.31,5000,5,125,15,10,0,0,3,3,1,0,0,1,75.2,35,60.6,93.7,75.1,72.1,3504.42,2635.32,18165.67,0.45,10,7.3,77.1,65.4,88.6,1,8,5
1709.43,3886,4,99,16,26,0,0,0,4,1,0,0,1,80.8,0,61.2,99.0,62.6,51.3,76277.28,61632.04,621096.71,0.32,8,7.4,70.8,86.4,69.9,0,4,11
79.57,222,0,1090,646,253,0,8,3,4,0,0,0,6,26.0,31,35.3,64.3,27.0,13.4,2020.05,525.21,31852.69,0.69,30,2.5,20.1,51.8,0.0,1,9,1
1610.18,4324,2,1123,138,310,1,5,3,7,1,0,0,1,79.6,18,4.0,55.1,31.4,26.5,25780.55,20521.32,243823.59,0.4,14,2.8,19.0,20.9,0.0,1,12,7
1706.29,5000,2,221,480,88,1,6,4,7,1,0,0,0,76.1,24,27.7,27.0,43.6,10.7,25097.32,19099.06,122738.88,0.49,9,2.5,17.5,21.4,0.0,1,8,7
277.18,389,2,220,381,322,1,2,1,7,1,0,0,2,82.2,0,42.5,51.1,45.2,35.9,9354.21,7689.16,167842.11,0.6,7,2.5,46.7,66.6,0.0,1,10,14
248.94,827,4,122,27,43,0,1,1,4,1,0,0,1,90.3,0,84.6,97.1,57.0,52.8,6698.17,6048.45,97747.19,0.39,15,6.5,66.1,71.1,91.4,0,6,3
1326.14,5000,5,12,56,55,0,1,1,3,1,0,0,0,62.6,25,58.6,98.1,65.0,96.4,60919.39,38135.54,451777.39,0.47,9,4.9,95.1,96.6,71.0,0,7,2
1475.2,5000,5,17,41,36,0,11,5,3,1,1,15,0,91.2,0,81.9,77.8,64.4,81.5,58499.73,53351.75,260303.91,0.68,30,4.5,58.7,66.3,63.6,0,4,13
959.34,2948,2,152,2,39,0,6,1,5,1,0,0,1,90.0,0,51.9,73.7,55.0,33.7,4704.93,4234.44,48572.04,0.39,5,5.3,74.3,70.4,0.0,1,1,9
1655.38,3690,3,459,253,380,0,5,3,3,0,1,14,1,64.4,32,22.9,36.6,19.3,1.2,80812.91,52043.51,504170.84,0.71,14,2.6,42.4,24.3,0.0,1,3,1
516.17,430,5,87,32,31,0,0,0,5,1,0,0,0,73.5,23,99.8,97.3,98.2,68.5,24992.36,18369.38,301709.94,0.64,13,5.5,96.9,95.1,65.3,0,0,14
1496.91,5000,3,152,62,16,0,2,2,5,1,0,0,2,91.5,0,95.6,78.3,69.0,58.2,33350.38,30515.6,180110.7,0.63,10,5.2,62.4,78.7,0.0,0,11,1
229.42,692,3,116,67,7,0,3,0,1,1,1,4,1,59.0,11,85.0,92.0,76.0,66.1,7801.88,4603.11,140220.21,0.49,23,6.6,72.7,83.6,0.0,0,4,8
1910.63,4928,4,92,6,49,0,2,1,5,1,0,0,2,81.1,0,67.2,97.6,100.0,53.5,90982.4,73786.73,806562.32,0.7,11,5.8,93.9,63.6,94.1,0,4,1
1613.67,2558,3,274,674,376,0,6,5,6,1,1,11,1,59.9,33,12.0,37.3,27.5,24.6,35481.77,21253.58,343048.67,0.39,10,3.3,21.2,54.3,0.0,1,5,12
604.28,2383,0,1041,482,123,0,10,4,5,1,1,4,8,35.7,4,33.1,60.9,33.1,14.2,17817.56,6360.87,282152.5,0.58,27,2.9,52.1,22.3,0.0,1,3,4
685.96,2547,3,919,548,184,0,2,2,8,1,1,2,4,62.3,7,26.0,15.9,27.8,12.1,27952.91,17414.66,366222.45,0.54,26,3.5,14.4,26.8,0.0,1,8,0
874.4,2353,0,1010,542,395,0,9,4,4,1,1,5,1,57.4,28,1.3,23.3,16.9,11.8,36338.15,20858.1,328903.9,0.42,4,3.1,31.6,40.8,0.0,1,14,7
1224.93,3522,5,169,14,14,0,6,3,2,1,0,0,2,53.0,2,65.3,69.2,48.5,72.4,27062.85,14343.31,132716.27,0.43,15,5.3,77.8,83.5,74.5,0,12,2
1667.0,4760,3,165,25,16,0,4,2,7,1,0,0,2,81.1,0,56.9,88.7,81.7,76.6,41573.97,33716.49,258795.48,0.59,3,4.5,71.1,66.3,0.0,0,5,8
452.07,633,3,317,508,110,0,3,1,2,1,1,1,8,26.0,10,51.2,58.7,37.2,32.9,1165.2,302.95,4541.25,0.75,13,4.7,46.4,55.4,0.0,1,13,1
881.02,1722,1,400,704,294,0,8,3,7,1,1,13,7,30.5,33,10.3,28.3,42.2,31.5,6458.51,1969.85,62769.04,0.63,21,3.5,49.7,38.1,0.0,1,11,10
1963.98,2111,5,151,53,9,0,8,2,5,1,0,0,2,96.1,0,49.1,80.9,98.8,87.1,89374.69,85889.08,191462.05,0.44,16,6.2,86.5,77.8,68.2,0,1,12
1762.54,1401,1,137,710,220,0,10,3,5,0,1,12,2,41.2,35,17.0,19.6,34.8,9.7,68423.23,28190.37,1031628.43,0.6,7,3.1,23.0,45.4,0.0,1,5,0
1611.75,5000,1,305,446,61,0,11,2,4,0,0,0,8,60.7,15,21.0,29.2,45.3,32.9,29628.39,17984.43,111514.77,0.62,19,1.4,31.2,26.5,0.0,1,1,8
1170.69,3193,0,525,585,86,0,9,2,1,0,0,0,7,53.9,27,49.4,22.2,15.7,29.9,55293.38,29803.13,478175.88,0.71,30,2.9,16.0,48.6,0.0,1,11,14
1568.67,3099,2,1016,552,260,1,2,4,7,1,1,5,3,21.0,32,0.1,42.4,13.0,19.0,56694.33,11905.81,731514.17,0.65,24,2.5,43.4,27.4,0.0,1,10,6
96.41,274,2,59,82,59,0,10,1,1,1,1,2,0,85.4,0,74.3,90.8,83.9,77.4,2538.17,2167.6,39367.15,0.42,2,4.3,78.9,98.5,0.0,1,1,5
806.59,530,2,384,232,395,1,3,5,2,0,1,7,0,70.7,34,19.0,27.9,15.2,6.2,38419.62,27162.67,546133.14,0.35,8,1.7,12.9,39.5,0.0,1,12,9
476.8,1087,4,297,79,102,0,12,2,3,0,0,0,1,53.0,30,73.2,57.9,46.6,65.2,9838.25,5214.27,34535.7,0.65,11,5.0,28.7,69.3,80.8,1,12,14
582.05,2271,3,146,5,13,0,3,2,2,1,0,0,1,63.7,17,90.4,72.1,64.3,25.4,20413.8,13003.59,345992.8,0.63,13,7.3,82.5,98.3,0.0,0,11,8
425.19,1639,5,110,71,22,0,2,3,5,1,0,0,0,82.3,0,40.1,76.4,94.6,82.6,11549.5,9505.24,208656.73,0.44,14,6.1,98.7,75.1,69.1,0,1,2
446.93,254,5,165,35,35,0,7,1,4,0,0,0,1,59.6,20,88.5,65.0,98.9,99.2,14347.61,8551.18,57347.94,0.66,24,5.1,63.7,89.6,73.7,1,4,13
1762.6,5000,5,174,0,33,0,8,3,5,1,0,0,0,99.6,0,81.6,79.0,58.9,52.6,82786.83,82455.68,810140.92,0.6,13,6.1,76.0,74.5,90.4,1,11,0
168.21,420,5,120,3,21,0,1,0,4,1,0,0,2,71.2,5,95.0,63.9,63.1,89.9,7869.79,5603.29,134802.71,0.57,19,6.4,92.5,92.9,80.8,1,6,14
1833.85,3339,0,693,632,262,0,3,1,7,1,0,0,2,13.7,29,3.3,45.5,29.4,3.8,69176.83,9477.23,428620.73,0.6,28,2.9,29.2,59.8,0.0,1,13,8
209.87,542,3,45,23,56,0,7,3,0,1,0,0,0,95.2,0,47.6,77.9,64.5,27.7,6177.28,5880.77,69409.54,0.43,11,6.6,79.4,65.8,0.0,0,6,11
1016.68,3480,2,703,399,384,1,9,5,3,0,1,4,3,48.4,13,47.1,32.1,40.1,4.2,44598.93,21585.88,820164.26,0.7,3,2.5,21.5,51.2,0.0,1,7,13
24.73,43,1,785,328,100,0,4,2,4,1,1,8,3,47.9,24,2.6,16.5,18.9,7.1,38.67,18.52,664.04,0.68,4,3.9,28.9,59.4,0.0,0,7,6
1763.92,5000,3,147,5,56,0,6,1,1,1,1,15,0,89.7,0,51.5,72.0,65.6,39.7,5532.22,4962.4,90291.44,0.52,19,7.1,77.0,89.1,0.0,0,9,7
751.66,1740,3,61,26,5,0,6,0,1,1,0,0,2,84.7,0,82.9,77.3,59.8,43.8,11761.19,9961.73,211663.32,0.56,15,6.3,61.0,63.4,0.0,1,8,10
820.86,2721,0,656,719,184,0,10,5,2,1,1,3,1,61.7,5,61.5,58.7,47.9,4.7,15047.78,9284.48,177992.2,0.55,26,4.0,47.3,58.4,0.0,1,4,8
1645.51,5000,3,63,29,20,0,2,3,4,1,0,0,2,87.9,0,40.7,84.4,99.4,55.2,45834.78,40288.77,478390.89,0.61,15,6.0,93.1,77.2,0.0,1,2,10
614.62,1894,2,155,41,36,0,8,2,1,1,0,0,1,67.0,27,65.5,88.9,87.0,29.2,29290.06,19624.34,232695.16,0.47,20,6.7,94.0,99.2,0.0,1,11,9
1790.01,1479,3,84,26,7,0,6,2,0,1,0,0,0,91.3,0,76.2,56.2,55.9,47.3,33559.62,30639.93,73792.49,0.42,13,6.3,60.8,76.7,0.0,1,4,7
1331.26,1405,3,144,51,58,0,7,0,4,1,1,4,2,85.8,0,67.5,64.1,99.5,72.8,30991.9,26591.05,383381.88,0.5,11,5.8,75.5,88.0,0.0,1,11,7
866.99,1600,2,65,85,49,0,8,2,3,1,0,0,0,69.7,3,54.4,94.2,60.1,79.5,24158.49,16838.47,481133.12,0.4,4,6.1,69.7,78.0,0.0,0,12,12
796.37,428,5,81,17,42,0,3,3,1,1,0,0,1,83.5,0,67.9,75.8,49.5,91.9,24325.87,20312.1,126257.56,0.64,19,5.4,89.4,87.1,66.1,1,11,1
1623.97,4455,4,71,31,56,0,6,1,0,0,0,0,1,84.5,0,66.6,81.9,47.7,71.1,80337.61,67885.28,648171.84,0.34,15,4.8,59.3,93.4,73.2,1,11,11
1868.98,3518,4,176,8,50,0,7,1,0,1,1,2,1,66.2,1,64.1,69.2,66.4,53.4,21154.54,14004.31,157127.81,0.46,5,6.4,99.6,94.0,41.1,0,12,9
667.43,1817,0,566,575,285,0,12,2,2,0,1,14,7,14.1,2,36.5,44.3,27.2,12.4,24712.74,3484.5,386270.59,0.52,4,2.2,24.8,27.6,0.0,1,0,0
1288.99,4075,2,180,26,0,0,5,1,5,1,0,0,2,90.6,0,85.0,65.3,85.3,61.8,14837.54,13442.81,262753.61,0.42,6,6.0,57.9,79.7,0.0,1,2,5
476.44,368,5,30,34,52,0,12,2,6,1,1,12,0,62.2,12,76.4,68.6,76.7,69.9,4194.78,2609.15,41716.12,0.45,14,5.6,97.9,79.3,79.5,1,11,7
764.0,1199,4,135,64,4,0,0,0,3,1,0,0,1,53.6,9,82.9,63.8,95.4,97.0,37084.09,19877.07,323247.48,0.38,17,7.9,73.4,61.6,96.9,0,10,2
1419.71,3865,1,625,720,77,0,12,1,3,1,1,7,6,54.1,16,28.7,61.1,26.3,10.2,43026.29,23277.22,823179.34,0.69,3,2.2,42.2,65.8,0.0,1,1,14
1385.21,3119,3,720,274,177,0,4,3,3,0,0,0,4,54.0,6,6.6,43.6,45.9,32.7,800.84,432.45,2608.45,0.72,27,2.6,46.7,28.5,0.0,1,5,4
375.35,265,4,31,10,17,0,1,1,2,1,0,0,1,99.1,0,92.3,74.8,95.2,53.2,738.88,732.23,4600.3,0.55,6,5.9,88.8,60.3,83.3,1,11,10
1864.6,4020,2,101,48,7,0,5,3,0,1,0,0,1,84.1,0,60.6,69.2,58.2,20.2,81281.28,68357.56,750433.52,0.77,10,5.0,94.1,71.2,0.0,0,8,13
1915.31,5000,2,99,78,45,0,7,3,3,1,0,0,0,98.5,0,84.1,85.5,57.8,79.2,82217.46,80984.2,1504057.41,0.47,10,7.6,61.4,80.8,0.0,0,7,5
1974.5,4213,0,418,505,373,0,3,1,6,1,0,0,7,49.8,16,14.6,23.5,52.5,36.1,75884.55,37790.51,452785.55,0.5,17,3.6,16.2,26.8,0.0,1,14,10
134.01,227,0,318,357,30,0,6,1,4,0,0,0,6,49.2,36,58.0,36.8,20.5,29.8,837.2,411.9,7216.05,0.57,16,3.0,25.5,49.5,0.0,1,8,0
1329.17,3412,2,163,85,13,0,4,1,4,1,1,14,1,65.8,19,90.2,77.5,70.1,79.4,8787.77,5782.35,175256.91,0.52,18,5.9,77.3,88.2,0.0,0,10,12
1472.77,5000,5,28,50,48,0,7,2,2,1,0,0,2,69.6,11,99.5,79.7,63.6,64.1,68029.69,47348.66,994591.08,0.45,4,5.0,90.6,94.6,33.5,1,6,9
423.48,1403,3,24,54,9,0,2,3,3,0,0,0,1,86.3,0,74.5,85.5,99.4,30.8,1311.67,1131.97,25767.73,0.45,18,6.6,83.2,76.2,0.0,1,3,5
1982.37,5000,5,80,2,8,0,7,1,0,1,0,0,2,69.1,29,62.0,60.4,49.5,89.7,18761.71,12964.34,201040.1,0.53,16,5.2,59.5,62.5,89.1,1,5,0
979.68,2269,5,90,71,7,0,2,0,1,0,0,0,1,87.7,0,52.4,84.6,51.5,78.8,32139.09,28185.98,115082.91,0.65,4,4.5,77.8,74.5,65.4,0,8,13
1320.02,2715,2,58,30,27,0,1,0,1,0,0,0,2,95.5,0,99.8,82.3,73.1,77.4,40004.72,38204.51,235576.57,0.35,4,6.8,58.3,70.2,0.0,0,8,2
411.51,1112,4,121,19,40,0,2,3,4,1,0,0,2,59.6,24,73.8,84.1,73.1,62.4,5708.14,3402.05,66022.99,0.76,23,4.4,59.0,96.4,80.6,0,10,1
355.58,1084,3,91,6,54,0,11,1,7,1,0,0,1,54.8,23,82.0,93.9,75.3,30.8,14365.86,7872.49,204004.03,0.78,31,5.2,73.1,83.7,0.0,0,13,1
1837.29,5000,5,143,35,40,0,7,2,1,1,0,0,2,80.4,0,82.4,63.2,99.2,65.3,78943.05,63470.21,1504195.37,0.38,9,7.3,58.6,89.2,97.8,1,2,11
1019.82,3118,2,590,607,119,1,2,4,1,1,0,0,8,51.9,26,0.8,24.5,47.4,24.3,49206.36,25538.1,695846.77,0.76,28,3.0,13.8,62.0,0.0,1,5,4
503.28,1201,3,1089,96,34,0,6,5,1,0,1,5,7,27.6,14,0.1,46.6,27.7,24.6,8436.64,2328.51,70615.26,0.52,8,2.0,15.1,44.6,0.0,1,3,14
944.04,1708,0,825,504,112,0,4,3,4,1,0,0,8,58.7,7,59.4,47.8,29.8,4.4,13785.38,8092.02,60741.78,0.7,18,4.7,43.3,67.4,0.0,0,2,1
1503.42,4857,4,138,19,18,0,0,1,5,0,0,0,2,92.2,0,63.3,59.9,50.9,61.8,51231.08,47235.06,417970.71,0.68,3,5.4,67.7,63.3,57.9,0,10,8
1642.12,1961,3,112,15,33,0,2,1,1,0,0,0,2,86.5,0,76.7,63.5,92.0,75.7,35473.07,30684.21,464569.96,0.3,2,5.8,68.8,85.3,0.0,1,6,2
564.71,976,3,468,163,96,0,6,5,8,0,1,1,2,12.5,4,39.6,31.1,22.8,14.5,8790.08,1098.76,32909.8,0.58,23,3.9,26.6,57.1,0.0,1,2,4
1774.95,1698,1,1182,545,217,0,7,3,1,1,1,10,3,21.6,29,55.5,18.7,34.6,5.1,37631.64,8128.43,557281.55,0.68,27,3.4,32.4,55.9,0.0,1,5,6
1935.14,2929,3,889,508,292,0,3,2,5,0,1,12,3,54.4,26,29.7,41.6,33.1,8.3,1312.46,713.98,16135.6,0.49,2,3.0,32.8,55.4,0.0,1,2,3
480.24,305,4,171,0,39,0,8,0,2,1,0,0,0,63.5,4,78.5,66.2,90.3,66.2,22738.49,14438.94,407286.26,0.45,5,6.7,68.3,99.4,85.0,0,7,0
217.35,676,5,49,74,52,0,4,1,5,1,0,0,2,81.7,0,73.1,91.8,57.1,86.3,4074.81,3329.12,74320.57,0.3,4,6.8,93.8,67.6,79.6,0,14,2
291.33,580,2,315,453,34,1,3,4,1,1,0,0,1,55.0,34,48.2,88.8,45.6,5.3,11251.4,6188.27,76709.98,0.64,27,3.1,57.9,25.3,0.0,1,6,10
618.23,1345,5,46,65,43,0,4,0,1,0,0,0,1,81.4,0,47.4,92.1,50.7,51.2,13380.48,10891.71,62256.39,0.48,9,6.9,72.3,95.4,92.9,1,4,7
1847.02,5000,2,803,699,31,1,12,3,5,1,0,0,2,35.7,22,36.0,49.0,16.8,36.6,61423.98,21928.36,1154271.63,0.78,39,2.8,53.1,68.9,0.0,1,13,1
560.56,457,1,874,201,245,0,12,3,8,0,1,7,5,29.2,28,28.9,63.6,37.1,21.5,13948.85,4073.06,162529.57,0.53,5,2.4,36.3,58.8,0.0,1,5,8
950.48,919,3,67,31,23,0,2,3,1,0,0,0,1,92.4,0,92.0,91.9,61.2,27.0,33210.86,30686.83,151952.25,0.65,31,7.0,57.4,64.2,0.0,1,1,6
29.89,101,2,83,56,27,0,6,2,0,0,0,0,1,87.2,0,84.9,86.4,61.5,72.9,62.47,54.47,969.56,0.55,2,6.0,85.6,95.0,0.0,0,6,10
1946.38,4525,3,731,539,83,0,11,1,7,1,1,4,6,47.1,15,23.5,56.1,53.9,33.1,16853.33,7937.92,277407.61,0.71,12,1.8,13.9,50.2,0.0,1,10,4
379.55,457,3,1114,349,287,0,2,3,7,0,1,2,0,43.8,31,2.7,30.7,52.5,29.0,18486.21,8096.96,270782.72,0.6,18,3.0,15.1,60.4,0.0,1,8,4
1770.98,1463,3,96,57,39,0,8,2,4,1,0,0,2,82.7,0,86.1,62.2,98.0,71.4,38659.82,31971.67,697123.1,0.47,13,5.1,82.3,98.3,0.0,0,4,5
1000.33,2092,3,377,322,217,0,6,4,8,1,1,2,1,78.8,23,45.4,24.0,44.7,1.6,43034.86,33911.47,396648.25,0.77,36,2.8,35.6,51.2,0.0,1,11,13
1954.98,1367,3,281,457,233,0,3,2,8,0,0,0,8,10.5,7,17.4,22.9,28.0,25.7,88084.09,9248.83,913198.94,0.5,5,3.6,48.4,30.0,0.0,1,7,8
81.37,85,3,15,6,55,0,9,2,7,1,0,0,1,78.4,25,43.7,91.4,88.4,36.2,2601.12,2039.28,9116.0,0.49,14,4.3,87.0,94.9,0.0,0,2,8
333.24,573,3,29,71,57,0,6,0,4,1,0,0,2,89.2,0,97.9,74.7,95.2,57.0,5506.71,4911.99,108782.98,0.53,13,4.9,75.6,65.9,0.0,1,1,9
1270.41,3476,0,848,650,263,0,5,2,1,1,1,12,3,35.2,35,46.5,45.0,19.7,12.1,19938.82,7018.46,333834.21,0.54,19,2.7,30.7,37.6,0.0,1,4,14
1107.74,1184,3,302,691,262,0,12,1,2,1,1,11,6,48.0,7,59.7,55.3,14.7,25.3,28154.76,13514.28,464713.22,0.63,19,3.0,37.6,25.7,0.0,1,1,6
794.64,3010,3,156,64,322,0,12,2,3,0,0,0,4,62.8,17,18.4,60.1,50.9,31.6,33468.72,21018.36,379580.08,0.53,13,3.2,59.6,32.1,0.0,1,0,12
783.87,2389,3,33,41,5,0,4,1,3,0,1,3,1,61.5,9,70.3,83.4,88.1,20.7,30270.39,18616.29,143931.92,0.46,17,6.5,80.7,61.0,0.0,0,10,9
391.69,1348,5,162,14,13,0,0,0,1,0,0,0,1,88.5,0,79.6,67.4,96.4,64.1,17541.03,15523.81,64375.38,0.48,13,6.5,72.6,79.6,31.4,0,6,12
1618.06,1827,4,41,20,13,0,7,0,0,0,1,10,2,80.3,0,41.9,98.9,99.7,76.8,42297.3,33964.73,663953.3,0.34,9,5.1,56.3,65.5,35.4,1,3,11
1491.66,3334,4,52,74,38,0,6,0,5,1,0,0,0,62.5,13,81.2,94.9,60.5,74.4,65933.52,41208.45,634759.92,0.5,12,5.7,72.2,68.0,52.9,0,2,7
1209.74,4319,1,733,440,317,0,5,3,6,0,1,7,0,16.9,21,25.8,24.3,21.0,27.5,43528.54,7356.32,254550.71,0.48,12,3.0,13.3,34.2,0.0,1,5,3
1150.03,3176,5,53,15,58,0,6,0,4,1,0,0,1,59.9,4,88.2,77.4,99.5,69.1,33388.23,19999.55,238080.26,0.53,21,6.8,75.8,65.2,92.8,0,14,0
1447.89,2115,0,149,442,127,0,12,1,1,0,1,9,5,39.6,4,23.6,49.8,30.5,5.5,71931.53,28484.89,1259161.28,0.64,12,2.3,46.2,60.6,0.0,1,8,6
1894.55,1444,5,173,74,46,0,5,1,0,1,0,0,1,63.5,11,95.5,81.3,51.6,76.1,23503.62,14924.8,249201.43,0.5,11,5.9,76.7,63.7,90.6,1,13,0
428.89,1220,0,356,576,172,0,9,2,6,0,1,8,0,67.0,34,30.8,30.7,52.5,15.4,9819.6,6579.13,129310.43,0.39,11,3.0,31.2,54.3,0.0,1,4,7
378.12,226,0,993,401,334,0,8,5,2,0,1,5,1,65.6,6,21.3,25.6,27.9,2.0,7348.71,4820.75,137452.91,0.52,8,2.7,23.8,50.4,0.0,1,3,8
536.03,391,3,62,26,47,0,4,3,2,1,1,10,2,85.8,0,63.5,59.6,85.4,62.4,7909.09,6786.0,16260.49,0.39,19,6.1,68.7,96.3,0.0,1,7,7
951.83,1588,5,38,31,49,0,0,3,0,0,1,2,0,84.0,0,91.2,81.7,98.3,78.4,47139.81,39597.44,803095.61,0.56,8,6.3,59.2,72.2,77.9,0,7,10
605.76,1010,3,101,84,24,0,6,1,1,1,0,0,2,74.2,18,81.1,87.8,46.1,54.7,21166.71,15705.7,206438.27,0.32,3,5.0,83.7,98.6,0.0,0,11,2
785.1,1539,0,1111,172,279,0,7,3,3,1,1,1,8,52.1,8,26.0,37.8,53.6,18.7,6230.77,3246.23,120877.48,0.6,28,1.6,24.4,60.0,0.0,1,1,8
1322.21,664,5,159,25,25,0,4,1,2,1,1,5,2,83.3,0,86.1,62.0,49.7,60.9,31630.3,26348.04,265168.83,0.48,21,5.1,98.5,63.9,47.0,1,5,5
503.79,985,5,90,17,58,0,6,0,5,1,0,0,1,78.3,30,72.7,71.9,93.2,85.6,11932.14,9342.87,115718.43,0.38,11,6.5,80.2,98.3,76.8,0,8,11
1756.22,1207,0,685,401,134,0,12,1,6,1,1,11,0,37.8,34,27.6,17.7,12.5,34.6,11435.47,4322.61,143207.7,0.45,22,1.4,35.8,48.1,0.0,1,9,7
1612.21,4325,2,41,50,54,0,0,3,3,1,1,3,2,94.0,0,71.2,66.1,50.7,79.0,66267.33,62291.29,1136549.28,0.41,18,6.4,84.6,64.9,0.0,1,3,11
954.94,1446,0,670,211,211,0,8,4,7,0,0,0,7,32.0,18,23.5,49.9,14.8,0.4,14788.87,4732.44,201305.53,0.58,25,2.4,58.1,43.4,0.0,1,9,0
1052.49,2416,0,1080,463,96,0,12,3,8,0,1,11,2,78.2,30,42.9,54.3,22.5,24.2,9923.44,7760.13,146400.54,0.6,28,3.1,44.9,49.4,0.0,1,1,6
1332.2,2994,2,324,686,387,1,3,1,2,0,1,4,3,16.3,12,43.7,34.2,53.8,17.7,25350.36,4132.11,338764.29,0.63,10,2.4,32.5,26.7,0.0,1,6,1
870.96,2046,1,1171,408,64,0,10,1,4,1,1,1,1,22.2,9,53.6,33.0,28.4,22.8,20859.3,4630.76,173922.94,0.6,24,4.2,31.9,51.3,0.0,1,0,8
1083.37,627,1,1150,649,164,0,3,5,5,1,1,14,4,33.4,23,4.1,58.6,53.6,16.0,3579.55,1195.57,52101.5,0.6,21,3.1,42.7,21.6,0.0,1,7,4
1825.08,1310,3,79,61,56,0,3,5,2,1,0,0,0,67.3,5,97.0,81.9,78.7,22.1,46770.25,31476.38,641036.11,0.69,16,5.4,98.7,60.9,0.0,0,1,13
1107.23,755,2,984,258,37,1,7,3,4,1,0,0,6,52.1,36,8.3,36.9,50.4,9.3,32814.49,17096.35,199783.34,0.73,28,2.4,53.7,32.5,0.0,1,0,4
1996.19,1904,4,103,56,3,0,5,1,2,1,0,0,2,53.8,17,96.3,64.3,83.8,93.4,25128.41,13519.08,454161.15,0.34,13,5.8,70.6,76.4,91.8,1,3,2
747.92,2511,5,86,75,2,0,4,2,0,1,0,0,2,72.0,30,97.2,56.0,91.0,53.0,32012.04,23048.67,285254.57,0.34,9,5.9,65.1,75.2,86.4,0,6,9
1845.78,5000,5,83,70,59,0,2,1,8,1,0,0,0,67.0,28,91.9,90.2,96.1,71.2,66635.24,44645.61,1055650.29,0.43,12,4.8,65.7,96.3,48.2,1,8,12
552.17,795,2,122,59,5,0,2,3,0,0,0,0,2,50.6,20,74.1,69.4,59.5,78.0,13401.33,6781.07,230474.14,0.42,3,6.2,67.4,84.4,0.0,1,7,12
353.12,1253,2,123,325,291,0,5,1,6,1,1,11,0,59.2,33,51.6,44.0,11.9,21.6,958.47,567.41,5966.04,0.4,14,3.4,13.9,30.2,0.0,1,6,12
1577.39,2638,0,523,86,362,0,4,5,6,1,0,0,7,66.5,19,37.3,23.0,12.0,37.6,30368.8,20195.25,379256.28,0.75,10,2.0,13.9,23.9,0.0,1,1,1
1597.42,4192,4,39,58,23,0,7,2,8,1,0,0,1,63.5,19,94.7,69.8,88.9,86.6,70400.26,44704.17,599378.02,0.39,14,4.3,84.4,84.2,59.2,1,13,5
1333.48,3492,0,431,524,42,0,5,2,5,0,1,2,1,34.5,33,59.0,43.8,38.5,30.6,47623.11,16429.97,498017.95,0.47,3,3.7,44.5,69.5,0.0,1,14,10
1425.41,1306,3,982,705,33,0,9,4,8,0,0,0,1,99.7,0,42.7,51.9,26.0,28.0,52462.84,52305.45,788345.16,0.49,18,2.7,39.7,38.5,0.0,1,9,3
989.12,661,3,1153,275,116,0,4,1,6,0,0,0,8,60.6,28,17.1,34.2,44.1,4.0,14438.34,8749.63,59686.93,0.63,20,2.1,24.4,65.9,0.0,1,6,4
1510.96,900,3,1001,644,282,0,5,3,8,1,0,0,2,76.9,13,40.4,56.6,11.2,11.8,8953.85,6885.51,131745.15,0.47,15,4.3,23.2,63.2,0.0,1,11,11
317.67,531,4,58,90,24,0,6,0,5,1,0,0,2,88.9,0,82.4,69.2,95.9,91.9,10003.75,8893.33,190924.43,0.63,12,4.9,94.2,68.8,42.7,1,13,6
1715.03,5000,3,86,61,6,0,3,2,2,1,1,9,2,60.4,12,42.3,86.0,78.7,60.1,42474.41,25654.54,566629.65,0.6,23,5.4,64.9,98.5,0.0,0,13,8
1912.85,5000,4,78,3,27,0,6,1,3,1,0,0,0,88.7,0,69.0,91.2,71.9,53.0,74035.01,65669.05,496693.08,0.54,16,6.8,72.9,96.5,70.7,1,10,8
416.37,1119,0,190,421,112,0,3,3,6,1,0,0,5,17.8,35,1.2,51.1,46.1,21.4,20513.82,3651.46,350513.14,0.36,18,1.9,55.5,36.6,0.0,1,10,2
1583.73,1026,0,246,336,230,0,8,2,7,0,1,11,2,62.4,18,45.0,55.6,27.0,0.8,59011.8,36823.36,693421.88,0.78,8,3.3,19.7,50.3,0.0,1,9,13
1154.52,2098,2,311,463,103,1,2,4,1,0,1,7,8,26.7,19,54.5,41.7,21.0,15.9,13842.37,3695.91,119830.48,0.71,32,2.3,50.5,68.8,0.0,1,2,13
1049.19,3607,2,518,65,314,1,11,4,8,1,1,8,4,34.7,22,50.1,16.8,41.0,21.8,16781.06,5823.03,230507.25,0.54,27,2.6,52.9,69.6,0.0,1,12,8
336.56,683,0,981,363,380,0,8,1,5,1,1,7,7,20.2,34,29.2,52.4,34.6,20.9,10415.68,2103.97,90505.72,0.65,9,1.8,20.2,50.7,0.0,1,0,14
332.66,998,2,25,42,17,0,10,4,3,1,1,3,0,73.5,1,58.7,63.4,83.2,24.0,10644.79,7823.92,190543.63,0.55,2,6.0,67.8,96.5,0.0,0,0,8
409.16,1053,5,63,78,0,0,5,2,1,0,1,3,1,78.2,9,87.8,81.4,87.1,99.5,2054.49,1606.61,33817.66,0.41,6,6.4,69.6,95.8,62.1,1,14,12
757.73,1401,3,1093,633,268,0,4,4,5,1,1,9,5,41.8,14,57.3,62.3,47.5,27.4,21304.57,8905.31,209582.44,0.57,3,4.4,48.5,37.3,0.0,1,9,6
395.69,697,4,174,82,55,0,4,0,0,1,0,0,1,54.7,24,94.9,77.6,45.7,99.8,13992.03,7653.64,97036.53,0.38,15,6.6,87.3,78.8,69.5,1,0,3
1789.06,1853,3,124,344,370,0,3,5,6,1,0,0,0,54.1,8,43.4,83.7,48.4,35.9,15879.82,8590.98,313671.94,0.44,12,4.8,30.2,61.9,0.0,1,7,11
554.67,663,0,328,534,141,0,3,5,3,1,1,12,0,28.7,36,21.0,32.1,35.6,29.2,5374.82,1542.57,67941.34,0.77,11,3.0,41.9,43.0,0.0,1,4,4
761.72,1146,2,135,33,53,0,4,3,2,1,0,0,1,61.3,13,56.4,64.0,98.9,40.9,24581.0,15068.15,248123.48,0.43,6,5.2,81.3,66.2,0.0,0,2,11
1660.57,5000,5,160,17,57,0,2,3,4,1,0,0,1,60.9,17,41.9,60.2,81.2,68.9,49194.96,29959.73,128364.22,0.44,19,5.6,55.4,76.9,51.8,1,9,11
1619.4,3396,3,139,5,19,0,6,2,3,0,0,0,1,73.7,16,55.2,71.8,63.6,66.4,77281.18,56956.23,712030.33,0.29,10,4.9,94.9,98.6,0.0,1,7,2
622.0,1978,3,274,268,311,0,4,2,3,1,1,3,7,10.1,10,12.0,23.6,23.8,27.4,26348.28,2661.18,230195.45,0.48,12,2.3,44.3,54.9,0.0,1,7,12
1527.27,1477,1,571,287,100,0,11,1,6,0,0,0,6,45.8,35,4.3,39.4,43.3,20.1,883.96,404.85,11301.48,0.48,4,2.8,35.0,22.2,0.0,1,10,0
74.48,287,3,91,1,19,0,3,4,7,0,1,11,2,91.7,0,67.9,58.7,82.7,61.2,79.96,73.32,1100.95,0.58,18,5.5,74.1,89.7,0.0,0,14,10
1943.68,1731,5,121,65,16,0,4,1,2,0,0,0,1,93.5,0,44.8,55.3,97.2,52.0,84474.06,78983.25,868774.56,0.59,25,5.8,74.2,87.0,79.8,1,11,4
227.81,697,1,1162,529,81,0,6,3,1,1,1,3,1,42.1,9,43.6,46.6,29.4,3.1,4317.77,1817.78,20040.96,0.72,32,3.9,29.1,69.0,0.0,0,7,14
1307.53,4694,3,530,647,122,0,2,3,7,1,1,2,3,44.3,20,36.9,42.0,45.7,11.0,45238.88,20040.82,241704.21,0.62,4,2.4,43.9,33.6,0.0,1,2,14
198.81,255,0,792,631,374,0,8,4,6,0,1,10,4,53.7,30,35.3,46.7,24.8,32.9,1593.07,855.48,27685.02,0.55,21,3.1,29.5,40.1,0.0,1,14,10
741.54,1128,5,70,71,7,0,0,2,4,1,0,0,0,57.8,11,77.5,80.4,67.8,56.6,22655.92,13095.12,391812.1,0.5,9,5.7,80.7,67.1,66.4,0,0,8
642.21,1137,4,125,59,58,0,6,3,1,0,0,0,2,88.1,0,59.1,79.1,66.6,70.0,427.2,376.36,7235.74,0.67,30,6.3,59.4,83.2,76.7,1,12,14
1143.32,2207,5,104,20,1,0,6,1,1,1,0,0,0,78.5,31,81.1,97.8,46.2,58.8,53608.53,42082.7,996311.44,0.41,9,5.3,64.3,78.4,69.8,0,13,7
1744.81,5000,5,76,9,52,0,7,3,4,1,0,0,0,50.3,3,80.9,73.3,73.6,56.0,67945.57,34176.62,927294.51,0.59,3,6.5,87.7,71.7,75.9,0,11,8
211.73,733,4,34,26,44,0,3,3,5,1,0,0,1,86.1,0,62.0,84.5,52.8,53.7,9530.0,8205.33,103385.11,0.45,9,5.2,75.0,91.5,75.5,0,8,0
728.63,1106,2,876,682,290,1,4,2,4,0,1,11,4,38.5,29,40.4,22.7,46.2,1.1,7998.37,3079.37,59613.6,0.57,11,2.0,47.3,69.8,0.0,1,1,10
759.07,2839,1,659,289,298,0,6,2,2,1,0,0,7,20.5,25,0.9,62.3,25.4,26.0,13774.71,2823.82,141435.84,0.68,3,3.4,54.9,57.1,0.0,1,9,6
1077.77,838,2,658,101,146,1,9,2,4,0,1,9,3,24.7,12,41.4,47.5,21.0,29.3,49485.39,12222.89,906104.09,0.53,12,1.4,22.2,58.1,0.0,1,9,6
886.59,1920,5,10,75,41,0,7,1,3,1,0,0,2,74.4,1,74.9,93.8,51.1,80.1,22061.87,16414.03,114226.96,0.7,25,5.8,68.5,94.7,70.0,0,4,13
641.82,2509,1,312,247,342,0,12,5,4,1,1,2,1,83.6,0,45.7,58.1,25.4,12.3,10022.98,8379.21,158318.68,0.57,27,3.1,20.5,53.6,0.0,1,4,8
1308.71,4267,3,895,375,170,0,7,4,1,1,1,15,4,38.3,20,22.2,30.3,42.7,30.5,26831.19,10276.35,521497.43,0.52,6,3.2,11.0,55.2,0.0,1,9,10
1122.14,1344,3,1087,107,86,0,11,4,7,0,0,0,1,55.3,16,49.6,51.1,52.4,2.4,3678.01,2033.94,30043.66,0.61,20,5.0,33.6,64.0,0.0,0,1,6
1125.86,2289,5,64,46,47,0,1,2,3,0,0,0,2,63.0,34,89.0,86.0,52.7,61.4,20748.57,13071.6,115812.98,0.53,11,5.8,97.0,65.6,85.7,0,12,9
1133.6,4517,0,1179,154,250,0,3,5,2,0,0,0,5,57.4,32,17.0,31.7,13.0,23.0,26852.85,15413.54,367968.15,0.38,3,2.8,50.9,43.3,0.0,0,1,9
1563.32,4827,2,546,214,396,1,7,4,6,1,0,0,6,44.5,1,37.4,34.5,10.4,21.3,51361.05,22855.67,287928.4,0.66,17,3.0,53.4,27.6,0.0,1,4,6
1082.45,4158,1,990,87,234,0,5,3,7,0,1,4,2,60.4,20,9.8,64.6,20.5,1.0,47024.74,28402.94,817073.01,0.64,5,3.4,19.9,58.5,0.0,1,8,13
245.11,542,3,123,174,363,0,6,5,7,0,0,0,5,34.9,14,59.1,55.0,26.2,16.0,10526.47,3673.74,88256.66,0.77,6,2.9,25.0,70.0,0.0,1,8,4
95.51,331,5,50,47,59,0,12,3,3,1,1,9,0,57.0,31,85.7,57.8,89.1,96.8,4611.45,2628.53,70810.66,0.64,10,4.6,59.9,66.5,62.3,1,14,8
1778.2,1102,0,320,489,30,0,5,1,8,1,0,0,0,77.0,34,10.2,20.0,25.7,39.3,76247.35,58710.46,889127.18,0.31,13,3.5,25.6,43.5,0.0,1,1,2
1663.02,4156,4,57,28,17,0,1,1,2,1,0,0,0,61.3,6,84.6,87.3,60.5,66.4,81007.13,49657.37,1136563.61,0.6,24,7.4,89.2,65.3,76.9,0,4,6
290.19,179,1,1018,522,125,0,11,4,8,1,1,6,0,44.3,31,51.5,24.4,49.1,4.7,4157.15,1841.62,65820.98,0.78,20,3.4,22.8,60.3,0.0,1,10,13
855.9,504,1,904,576,107,0,10,1,4,1,1,8,0,56.0,19,47.6,32.4,30.4,5.7,29261.88,16386.65,467207.01,0.34,9,3.6,38.1,46.5,0.0,1,8,11
1271.64,4458,5,131,49,59,0,6,2,1,1,0,0,2,57.6,28,91.5,67.5,97.7,86.1,19519.25,11243.09,65343.98,0.54,25,5.9,88.0,83.8,62.7,1,14,0
1184.88,1623,1,654,514,368,0,4,2,1,1,1,5,0,94.6,0,47.4,52.0,52.5,25.5,31127.63,29446.74,355986.07,0.6,25,3.9,31.9,61.1,0.0,1,5,10
1676.77,2337,4,71,11,17,0,3,0,5,1,0,0,0,93.8,0,81.5,90.8,86.7,74.7,59071.19,55408.78,577987.47,0.38,4,6.5,92.9,89.3,88.8,1,7,3
489.27,1092,2,161,5,45,0,6,3,5,1,0,0,0,99.9,0,89.6,77.0,78.4,77.2,14185.63,14171.44,58367.07,0.43,12,6.5,95.7,76.9,0.0,0,8,2
1880.69,5000,4,101,58,40,0,8,1,6,1,0,0,0,60.8,12,41.4,97.6,50.4,67.6,90831.0,55225.25,633944.48,0.54,13,4.9,66.8,91.7,43.6,1,9,12
670.86,1782,1,873,569,87,0,7,5,8,0,0,0,3,29.0,20,6.1,51.1,38.8,14.0,27097.33,7858.23,491113.21,0.67,10,1.9,19.5,35.5,0.0,1,4,14
191.26,572,0,753,688,385,0,3,3,8,1,0,0,4,18.7,22,32.0,34.8,51.5,33.0,2423.69,453.23,11609.99,0.78,4,2.2,59.2,32.3,0.0,1,13,4
1676.67,3270,2,973,432,305,1,8,3,4,0,0,0,6,21.2,34,34.9,46.4,50.0,12.8,30473.76,6460.44,586487.0,0.63,30,2.1,38.9,24.8,0.0,0,12,13
699.94,2070,3,207,82,44,0,3,2,8,1,0,0,3,37.9,4,27.6,36.9,36.6,34.7,5473.58,2074.49,78141.52,0.59,12,2.4,45.7,44.5,0.0,1,6,4
468.97,1545,2,28,75,1,0,0,2,4,1,0,0,2,99.0,0,75.2,93.8,98.4,44.8,3976.75,3936.98,21884.62,0.55,8,6.8,84.2,79.8,0.0,1,2,7
1695.29,1933,2,144,57,33,0,1,2,4,0,1,7,1,75.0,12,55.6,64.0,64.3,23.7,47600.11,35700.08,680147.57,0.34,1,6.7,55.6,73.1,0.0,0,4,5
367.66,464,2,169,56,43,0,2,1,4,0,0,0,0,80.0,0,74.4,95.1,83.9,73.3,14627.56,11702.05,60925.18,0.69,15,5.6,63.1,80.7,0.0,0,12,6
1569.2,5000,0,746,161,350,0,9,5,7,1,1,4,1,57.1,32,11.3,35.2,26.1,30.3,50745.3,28975.57,359586.68,0.35,5,2.4,31.3,41.8,0.0,1,9,5
1542.83,4545,3,475,370,378,0,2,1,1,0,1,2,4,63.5,35,10.4,30.7,12.2,32.9,53021.18,33668.45,520056.82,0.68,10,2.7,45.0,65.5,0.0,0,8,4
1282.64,711,1,851,459,393,0,7,2,7,1,1,12,1,65.5,1,54.3,48.0,51.2,1.8,9636.01,6311.59,61970.31,0.53,16,4.3,53.2,51.3,0.0,0,6,0
559.78,2045,2,39,81,44,0,3,0,3,0,0,0,0,81.3,0,63.7,86.3,69.7,24.0,15158.01,12323.46,75981.06,0.43,20,5.7,72.9,81.5,0.0,1,5,2
1693.68,2037,2,987,506,192,1,3,2,8,1,1,8,1,16.7,3,50.0,24.2,44.3,23.9,4288.52,716.18,80645.96,0.77,13,3.5,12.2,20.7,0.0,1,13,1
763.17,2910,1,383,354,400,0,11,5,6,1,1,11,0,66.8,29,1.5,37.0,48.0,2.3,26249.81,17534.87,246187.39,0.56,24,3.4,56.6,38.5,0.0,1,7,10
243.69,313,3,135,57,23,0,11,4,6,1,0,0,1,51.0,31,96.2,84.0,60.5,78.8,7802.11,3979.08,82892.14,0.7,23,4.9,65.1,71.5,0.0,0,8,14
292.25,616,5,125,53,13,0,6,3,3,1,0,0,0,99.4,0,47.5,83.2,56.4,73.2,5032.89,5002.69,70343.3,0.31,11,4.9,87.1,82.7,91.6,0,8,2
617.26,1157,3,459,589,109,0,4,4,1,1,0,0,7,28.0,27,3.1,25.9,34.8,27.8,12101.72,3388.48,169495.28,0.53,25,2.5,42.1,48.8,0.0,1,1,8
1063.52,2869,3,88,19,18,0,5,1,2,1,1,2,0,51.1,4,59.9,59.0,96.2,57.4,17141.02,8759.06,313359.66,0.44,11,6.8,68.6,92.1,0.0,0,12,7
1259.22,3714,5,107,48,57,0,0,1,0,1,0,0,0,98.8,0,79.8,61.6,69.5,79.3,62198.88,61452.49,530115.84,0.71,29,5.0,55.9,79.7,73.7,1,9,1
1833.94,1629,0,945,566,115,0,7,5,6,1,0,0,3,67.7,21,17.5,54.6,45.4,34.1,18348.84,12422.16,129257.03,0.6,3,2.2,12.6,31.9,0.0,1,14,6
165.09,401,4,106,88,35,0,6,0,4,1,0,0,2,50.5,2,58.2,64.0,70.9,92.7,6490.34,3277.62,60551.7,0.67,18,6.6,63.7,71.3,63.3,0,4,13
1613.42,1411,2,49,79,12,0,0,2,3,1,0,0,0,78.6,16,86.7,93.9,45.5,57.9,27233.85,21405.81,380426.53,0.49,3,6.5,96.3,97.1,0.0,0,7,3
1252.78,1471,0,252,249,68,0,2,4,4,0,0,0,7,46.3,12,28.2,51.6,36.6,10.5,55084.42,25504.09,680722.99,0.56,6,2.7,19.4,62.4,0.0,1,5,14
440.43,607,4,25,63,37,0,0,0,3,1,1,1,2,94.5,0,81.0,67.7,53.9,54.0,16885.85,15957.13,251429.88,0.34,16,5.2,89.7,96.6,87.9,0,14,9
1001.89,3177,5,128,51,55,0,7,2,1,1,0,0,0,61.4,11,42.6,70.9,70.6,86.9,19622.44,12048.18,374659.37,0.57,14,5.5,83.4,76.0,30.9,0,4,0
545.43,650,2,307,121,243,1,4,4,6,0,1,14,2,63.9,13,29.2,51.2,29.5,28.2,16683.05,10660.47,75851.16,0.42,15,3.4,34.5,67.8,0.0,1,4,5
685.49,1238,3,664,709,147,0,5,3,6,1,1,10,1,53.2,29,22.2,27.3,52.5,27.9,30944.3,16462.37,599655.05,0.48,19,4.1,45.4,50.5,0.0,1,9,5
300.97,489,5,73,7,31,0,4,3,1,0,0,0,2,63.3,29,63.4,63.7,87.3,66.4,12438.92,7873.84,132921.75,0.4,8,5.9,99.3,84.2,64.9,1,5,3
1049.39,2376,5,30,83,17,0,0,0,1,1,0,0,2,90.9,0,40.7,66.7,52.9,72.3,20368.62,18515.08,98291.05,0.41,10,5.6,75.5,67.9,84.3,0,0,5
287.8,981,0,1137,642,150,0,7,5,3,0,1,7,5,33.7,21,36.8,53.0,39.0,19.9,13349.3,4498.71,60317.56,0.62,9,3.5,14.6,38.0,0.0,1,4,13
1580.51,4632,1,1070,718,354,0,2,1,4,0,1,4,7,19.5,17,13.6,17.8,40.8,30.3,75111.08,14646.66,1440598.84,0.65,16,1.9,43.5,21.0,0.0,1,5,1
421.63,1070,4,78,80,16,0,2,0,4,1,0,0,2,94.1,0,70.5,92.3,66.8,69.4,17634.13,16593.72,274653.1,0.45,7,7.2,72.7,86.0,78.1,0,12,0
1486.91,5000,4,65,72,29,0,0,1,2,1,0,0,2,64.9,14,93.2,91.8,64.9,50.6,61802.77,40110.0,1080710.69,0.42,12,6.2,99.3,84.1,40.7,0,5,12
1240.46,4341,2,945,137,355,1,8,3,5,1,0,0,4,36.7,11,5.8,33.4,39.1,30.8,55791.95,20475.65,414919.27,0.35,6,1.8,47.2,54.1,0.0,0,7,11
1391.36,2025,5,129,63,46,0,0,0,0,1,0,0,0,86.6,0,49.2,57.9,82.3,78.8,3728.38,3228.78,11685.43,0.75,16,6.2,76.6,92.1,31.6,0,11,13
1120.09,3315,4,151,84,49,0,2,2,2,1,0,0,0,64.3,6,75.9,75.5,71.0,86.8,19787.5,12723.36,101536.18,0.56,19,6.4,68.2,92.6,78.9,1,12,8
1292.7,2685,3,111,17,59,0,4,5,7,0,0,0,0,67.2,10,75.9,79.3,90.8,72.8,64027.36,43026.39,755006.87,0.62,25,4.0,79.8,97.7,0.0,0,1,14
1874.17,4368,0,1104,576,79,0,5,1,2,0,1,6,6,51.3,7,13.5,47.2,17.0,27.8,29376.71,15070.25,458406.24,0.54,9,2.3,57.6,29.6,0.0,1,1,8
1890.02,5000,5,91,4,37,0,0,3,2,1,0,0,1,69.4,14,58.2,82.9,95.6,85.0,81513.08,56570.08,726085.5,0.45,4,6.5,82.9,74.0,98.9,1,13,9
1449.94,4356,3,284,688,267,0,9,2,3,0,1,12,5,24.5,31,2.1,30.5,45.0,23.7,49188.51,12051.18,123376.76,0.58,5,2.2,23.7,48.3,0.0,1,13,8
590.31,631,3,106,49,44,0,3,0,1,0,0,0,0,84.3,0,98.1,58.5,71.5,33.4,25587.28,21570.08,319949.92,0.38,19,6.3,97.7,64.6,0.0,1,10,2
862.8,2570,2,1062,329,130,1,3,1,4,0,1,9,1,35.1,3,16.7,42.9,29.0,36.3,37824.19,13276.29,158036.87,0.35,14,2.1,32.3,69.8,0.0,1,8,5
408.88,634,2,589,200,351,1,2,3,4,1,1,6,0,40.6,1,6.8,48.3,36.4,7.5,9813.36,3984.22,104190.59,0.4,11,2.9,37.1,60.2,0.0,1,7,12
333.64,898,3,105,3,41,0,5,3,4,1,0,0,0,91.4,0,64.4,88.9,47.4,70.2,3878.13,3544.61,71106.06,0.44,16,6.7,94.2,85.4,0.0,0,13,9
1410.43,4541,3,880,583,62,0,6,4,3,1,1,5,6,26.9,22,18.2,41.8,24.7,18.8,7057.64,1898.51,76322.45,0.69,26,2.5,22.6,33.4,0.0,1,9,1
387.73,648,2,508,430,202,1,6,2,3,1,1,10,6,50.2,13,46.1,59.5,16.3,4.7,14065.2,7060.73,101920.66,0.55,23,2.8,19.2,52.4,0.0,1,1,6
148.74,139,5,60,65,11,0,8,2,3,1,0,0,1,50.2,13,88.7,66.5,72.2,81.4,3678.82,1846.77,14514.51,0.37,9,5.2,60.5,90.4,94.6,1,2,2
849.41,543,2,574,333,112,1,11,5,6,0,1,2,5,68.6,18,17.1,27.0,19.9,30.5,7649.95,5247.87,148372.27,0.66,25,2.5,14.6,57.0,0.0,1,0,4
335.46,371,1,877,513,298,0,8,4,7,1,1,4,2,65.4,25,26.8,26.6,48.1,0.9,12871.69,8418.09,73269.75,0.75,24,3.5,27.1,21.0,0.0,1,4,1
1368.14,1490,2,125,82,5,0,0,1,0,1,1,6,1,63.7,19,93.9,72.1,93.3,43.3,24060.95,15326.83,213119.31,0.45,14,6.1,74.7,73.9,0.0,0,11,7
1064.22,1261,2,144,32,19,0,8,0,3,1,0,0,0,88.0,0,45.4,96.2,50.1,28.9,7993.23,7034.04,78702.04,0.62,9,5.7,62.5,62.7,0.0,0,9,10
476.31,1584,3,146,22,57,0,7,2,1,1,0,0,0,88.6,0,56.1,90.2,74.4,67.2,7912.06,7010.09,40290.6,0.43,2,6.4,57.6,65.4,0.0,1,5,12
495.35,551,5,150,86,53,0,7,3,3,1,1,11,2,87.7,0,44.0,72.0,45.0,94.4,11689.12,10251.36,159584.06,0.44,18,5.5,88.7,90.1,64.0,1,2,9
235.49,862,4,111,17,56,0,9,5,1,0,1,1,1,74.4,2,52.9,89.9,86.3,95.0,10651.53,7924.74,69794.78,0.46,23,4.9,64.2,65.2,92.4,1,1,12
1774.66,5000,4,139,24,23,0,5,2,0,0,1,14,2,77.6,3,96.0,94.1,71.4,57.3,63354.83,49163.35,434167.8,0.62,11,5.5,56.1,76.1,81.9,0,3,1
869.65,1999,1,492,207,321,0,9,3,7,0,0,0,8,14.0,10,56.0,33.9,39.7,11.0,9915.54,1388.18,27686.58,0.6,7,2.8,19.7,60.0,0.0,1,8,13
534.69,1170,4,157,60,43,0,5,2,5,1,0,0,0,96.2,0,69.6,58.6,70.3,66.5,17866.45,17187.52,205120.51,0.5,25,7.1,67.6,83.8,95.9,1,11,3
1904.44,2954,2,935,577,190,1,3,5,7,1,1,3,8,23.4,15,52.8,27.4,50.7,22.7,29146.85,6820.36,185516.65,0.62,29,1.4,56.3,22.8,0.0,1,5,6
1758.82,3907,3,259,394,387,0,4,5,2,0,0,0,6,35.8,16,17.2,45.5,17.4,31.8,1618.55,579.44,18980.2,0.7,7,3.1,42.4,69.6,0.0,1,6,13
1333.79,1075,5,37,50,54,0,3,1,2,1,0,0,0,51.9,6,99.3,82.6,90.2,80.8,35400.56,18372.89,600833.88,0.4,3,7.0,66.7,85.7,88.0,0,0,9
1621.49,2846,1,407,532,174,0,5,2,1,0,1,12,6,35.1,16,47.7,57.4,40.0,23.5,10259.24,3600.99,40402.33,0.69,9,3.0,48.5,54.4,0.0,1,0,13
1791.7,5000,1,759,520,114,0,8,3,7,1,1,6,0,52.4,17,23.4,55.6,30.9,26.3,85865.83,44993.69,1333260.55,0.79,12,1.9,57.7,40.8,0.0,0,0,1
1442.96,2831,1,770,276,50,0,10,2,5,1,0,0,5,58.0,24,20.2,20.2,44.7,21.2,64261.54,37271.69,1277863.81,0.49,21,1.9,32.7,56.0,0.0,1,2,3
951.66,3401,2,898,653,68,1,2,2,4,0,0,0,3,65.4,15,27.0,30.0,39.3,1.6,45322.26,29640.76,457142.92,0.68,21,1.3,50.1,33.7,0.0,1,14,13
430.76,1212,1,1072,396,248,0,8,1,3,0,1,4,1,78.0,22,10.6,47.8,10.6,37.2,15802.57,12326.0,79683.0,0.64,13,2.8,20.2,28.2,0.0,0,4,4
1706.8,873,2,133,65,16,0,8,3,2,1,0,0,1,98.3,0,46.8,75.3,51.7,67.1,30952.52,30426.33,113179.18,0.62,10,5.6,87.6,96.4,0.0,0,10,4
1071.94,2331,1,1080,231,264,0,8,2,2,1,0,0,0,30.4,25,47.6,36.6,46.3,39.0,40047.93,12174.57,681663.87,0.81,29,2.6,29.4,52.1,0.0,1,11,1
1299.19,2539,2,335,566,84,1,4,4,1,1,0,0,7,15.1,7,35.7,43.1,15.2,31.4,41684.48,6294.36,267976.03,0.71,22,1.8,12.7,35.0,0.0,1,3,13
730.75,1639,0,631,176,189,0,3,3,6,1,1,1,4,29.7,6,52.2,61.6,37.1,35.5,6971.09,2070.41,40582.82,0.68,12,2.8,52.1,47.5,0.0,1,13,14
1317.51,1121,0,308,156,156,0,4,1,1,1,0,0,4,65.1,27,5.6,31.7,43.3,18.8,24210.36,15760.94,284601.48,0.63,26,3.4,14.1,28.4,0.0,1,3,4
1477.03,4988,3,25,70,37,0,5,4,7,1,1,7,0,84.1,0,92.5,81.0,85.1,31.5,39326.17,33073.31,322349.6,0.38,15,5.0,67.9,70.0,0.0,1,10,11
386.37,535,1,536,464,204,0,2,1,2,0,1,11,2,56.0,16,47.9,56.8,54.9,23.0,12660.08,7089.64,188765.05,0.47,2,4.2,20.3,27.2,0.0,1,5,11
1327.92,4650,4,10,6,7,0,4,3,1,1,0,0,0,93.5,0,91.5,84.8,71.9,53.1,59095.58,55254.37,181580.73,0.59,13,5.9,94.7,65.6,71.2,1,2,6
901.44,2622,3,151,49,33,0,5,4,3,1,0,0,1,63.5,31,53.2,95.7,45.9,26.6,32633.49,20722.27,371907.84,0.72,15,5.9,91.0,89.9,0.0,0,14,4
1712.42,4298,2,92,641,351,0,10,4,3,1,0,0,7,68.6,1,8.9,16.0,44.6,4.3,26822.89,18400.5,422592.48,0.4,8,3.3,30.1,62.1,0.0,1,14,7
716.98,2262,0,509,480,141,0,4,2,2,1,0,0,1,97.9,0,41.0,58.4,35.4,4.1,35486.1,34740.89,421369.94,0.62,11,4.7,28.5,21.8,0.0,1,7,8
1847.52,4879,2,135,84,17,0,4,1,1,1,1,10,2,87.3,0,96.3,65.9,71.2,67.7,82084.72,71659.96,312060.15,0.38,7,7.3,55.0,87.9,0.0,0,13,2
1336.26,1568,1,154,693,62,0,9,2,4,0,1,1,2,21.8,14,11.9,29.7,12.8,14.7,50712.64,11055.36,796171.56,0.62,19,1.9,51.7,28.0,0.0,1,12,10
311.71,274,3,124,20,18,0,5,3,4,1,0,0,1,85.7,0,82.8,94.8,74.2,70.2,7023.22,6018.9,53960.41,0.57,3,6.1,71.9,81.4,0.0,0,6,10
1899.38,1701,2,140,30,16,0,3,1,4,1,0,0,2,85.6,0,89.0,57.4,54.9,73.1,23654.86,20248.56,282462.48,0.47,18,4.9,69.9,65.4,0.0,1,0,0
1038.32,2789,2,16,4,5,0,5,0,5,1,0,0,2,54.0,21,67.7,85.7,99.6,21.5,42129.91,22750.15,107273.42,0.41,18,7.0,86.0,79.2,0.0,0,14,7
1439.85,5000,5,143,36,30,0,2,3,0,1,0,0,2,82.3,0,85.2,66.7,49.7,57.5,59473.97,48947.08,428307.12,0.42,2,6.4,56.8,77.4,61.1,1,12,11
1034.2,2435,3,157,39,54,0,0,2,0,1,0,0,0,70.6,18,70.7,99.6,65.3,53.2,2532.87,1788.21,26483.3,0.43,8,5.0,82.6,78.4,0.0,0,1,7
1856.64,5000,3,142,63,9,0,2,3,5,0,0,0,2,95.8,0,84.3,66.8,85.3,65.8,49482.99,47404.7,156118.17,0.43,6,7.0,86.3,84.8,0.0,1,2,12
1514.18,1448,5,50,37,23,0,0,3,2,1,0,0,1,60.7,20,97.6,66.3,70.4,87.9,65685.94,39871.37,181407.85,0.38,7,5.8,70.3,87.3,49.1,0,6,11
1028.4,3969,4,94,22,40,0,10,5,3,1,0,0,0,88.6,0,83.8,71.6,75.6,73.3,42855.27,37969.77,133174.53,0.76,5,4.8,57.6,94.1,45.5,1,2,1
248.75,758,1,583,681,47,0,10,1,4,1,0,0,1,15.7,30,31.6,51.1,45.4,19.7,1783.04,279.94,24235.99,0.7,4,3.1,46.2,67.8,0.0,1,1,6
1558.93,4709,1,1162,622,335,0,8,1,4,1,1,15,0,60.4,2,99.8,56.3,14.8,27.5,26541.83,16031.27,357332.71,0.48,11,4.8,16.0,56.2,0.0,1,9,12
157.12,410,3,488,202,202,0,2,5,3,0,0,0,4,16.5,19,13.6,34.9,31.5,37.7,4796.11,791.36,53262.46,0.36,11,2.1,30.9,24.6,0.0,1,10,7
1660.02,4493,1,203,103,380,0,8,1,4,1,1,8,1,71.4,3,71.2,59.3,43.6,14.5,33520.12,23933.37,433538.95,0.44,2,3.9,32.8,36.0,0.0,1,0,2
1020.61,1165,2,39,37,55,0,8,2,4,0,0,0,1,71.2,36,78.6,61.4,56.6,20.3,27175.36,19348.86,273214.01,0.39,9,5.1,85.0,82.0,0.0,1,11,7
744.27,2172,3,113,32,42,0,0,3,5,1,0,0,2,68.4,5,88.2,67.9,55.0,54.4,35098.47,24007.35,336007.57,0.47,13,7.9,68.3,82.1,0.0,0,13,7
1568.14,3963,2,57,24,3,0,3,1,1,1,0,0,0,66.5,7,57.7,89.8,93.8,37.7,11751.59,7814.81,228497.69,0.38,15,7.0,73.4,88.0,0.0,1,10,11
886.77,2768,3,178,66,7,0,12,2,1,1,0,0,2,61.4,15,59.5,84.8,94.9,70.2,43501.71,26710.05,735363.56,0.8,24,5.9,99.2,96.1,0.0,1,7,1
297.49,836,2,47,54,25,0,8,3,4,1,0,0,2,68.9,27,77.8,96.6,56.9,38.8,5109.15,3520.2,95177.68,0.4,6,6.8,79.4,69.6,0.0,1,9,12
1505.9,758,0,256,266,343,0,8,5,6,1,0,0,2,69.5,25,43.8,17.8,47.5,32.9,62125.27,43177.06,152749.63,0.49,14,3.9,42.4,24.0,0.0,1,10,11
395.82,1004,4,890,513,206,0,9,4,8,0,1,3,0,86.5,0,53.2,67.6,45.9,94.3,14422.91,12475.82,226921.33,0.68,8,4.7,11.0,59.9,78.5,1,14,13
138.25,445,4,53,40,5,0,1,1,3,0,0,0,2,76.7,5,98.2,63.9,70.0,55.4,3796.61,2912.0,13002.31,0.52,7,6.9,82.1,60.0,64.5,1,3,14
755.08,880,5,85,18,6,0,5,0,0,1,0,0,2,64.8,17,75.6,87.7,54.3,71.6,11020.88,7141.53,32535.87,0.39,18,5.7,72.9,81.4,97.1,0,12,11
1279.93,4574,3,986,408,120,0,11,5,7,0,0,0,2,16.1,13,15.7,61.5,28.9,34.7,15315.16,2465.74,257383.43,0.63,7,3.9,37.2,69.8,0.0,1,11,4
1275.12,2435,0,860,433,231,0,4,1,2,1,1,8,0,34.2,32,14.2,35.3,45.1,26.4,11427.04,3908.05,68909.03,0.55,26,1.6,43.9,53.0,0.0,1,9,8
150.36,417,2,571,607,47,1,10,5,5,0,1,10,2,29.6,26,58.1,52.7,53.0,31.3,6536.13,1934.69,125203.26,0.4,2,3.4,57.6,54.6,0.0,1,10,3
264.33,948,5,33,4,42,0,8,3,1,1,0,0,2,77.7,5,78.8,67.8,69.9,61.8,7249.64,5632.97,72905.46,0.5,19,6.9,63.4,97.4,78.1,1,2,0
304.08,815,0,906,385,229,0,2,5,4,1,1,12,2,60.2,9,19.2,43.8,32.2,14.7,10620.7,6393.66,190050.72,0.53,14,2.9,29.0,51.0,0.0,1,5,0
688.55,1246,3,172,81,12,0,4,1,5,1,0,0,1,73.0,26,51.8,70.9,89.8,52.0,19978.03,14583.96,136780.47,0.7,13,6.2,79.6,96.1,0.0,1,8,1
1524.19,4615,2,299,602,227,1,5,3,2,0,1,6,6,20.1,11,24.2,44.5,49.1,22.4,30278.58,6085.99,259925.74,0.47,16,2.7,57.5,47.9,0.0,1,10,2
1258.11,1157,3,78,74,52,0,3,2,0,1,0,0,2,53.7,8,94.8,82.0,54.1,70.3,13718.68,7366.93,103390.13,0.37,12,5.3,69.7,64.3,0.0,1,6,11
480.11,956,1,1025,422,33,0,3,1,2,0,1,10,4,67.2,10,41.8,47.2,14.9,27.8,12686.52,8525.34,153592.41,0.46,5,3.4,23.6,26.5,0.0,1,9,9
1619.15,5000,2,662,405,177,1,4,4,6,1,1,6,8,34.9,29,32.3,29.0,48.8,29.3,34629.16,12085.58,295967.66,0.67,33,2.9,18.9,26.4,0.0,1,1,6
1765.57,1147,0,516,384,175,0,3,3,6,0,1,4,3,14.4,16,7.9,58.9,49.7,19.2,46484.72,6693.8,622965.96,0.47,7,2.6,25.2,62.6,0.0,1,3,12
849.03,3095,1,232,354,340,0,4,3,3,1,0,0,4,48.6,10,44.8,21.5,48.1,28.3,34370.94,16704.28,134235.76,0.43,3,2.4,17.2,62.1,0.0,1,0,0
981.63,1191,3,747,551,196,0,4,3,6,0,1,9,2,56.0,26,31.1,19.4,30.5,22.5,13397.97,7502.86,59513.78,0.55,22,3.1,17.1,24.5,0.0,1,5,14
1738.72,5000,0,757,250,248,0,11,5,3,0,0,0,2,13.8,14,11.9,54.4,42.8,23.1,49658.35,6852.85,648864.09,0.67,10,3.3,50.0,52.9,0.0,1,7,14
1406.43,1906,1,895,284,89,0,9,4,1,0,0,0,3,29.2,20,16.0,21.1,42.6,22.8,18876.23,5511.86,124019.33,0.74,26,2.8,19.0,42.3,0.0,1,14,4
496.75,1815,3,17,16,11,0,2,1,0,1,0,0,1,85.9,0,52.9,86.9,90.0,28.1,9206.37,7908.27,139252.38,0.6,4,6.0,56.7,61.8,0.0,1,7,10
701.88,868,2,81,25,29,0,0,0,1,1,0,0,1,83.4,0,61.4,65.7,74.4,75.4,22774.35,18993.81,379514.25,0.47,19,5.7,58.0,93.4,0.0,1,12,11
1559.54,4763,2,157,25,3,0,2,5,8,1,1,1,0,65.1,31,56.6,94.1,73.1,25.0,53796.78,35021.7,591634.09,0.49,5,4.1,83.5,89.3,0.0,1,12,3
234.76,751,3,599,601,121,0,4,3,4,0,1,7,1,55.2,12,42.5,45.9,11.4,1.5,6763.02,3733.19,66048.15,0.44,17,2.5,32.8,63.8,0.0,1,10,3
1367.67,3677,3,103,75,59,0,2,0,2,1,0,0,0,78.8,21,98.9,61.8,60.8,63.3,57527.59,45331.74,183416.15,0.53,24,5.3,64.7,86.7,0.0,1,7,12
288.05,336,0,378,219,115,0,6,1,1,1,0,0,8,32.0,20,45.8,21.5,48.1,16.9,5303.06,1696.98,26065.44,0.53,19,1.8,40.0,23.1,0.0,1,4,8
1064.44,4053,2,41,31,27,0,4,0,2,0,0,0,0,91.4,0,81.1,83.9,57.2,74.5,21900.03,20016.63,239476.1,0.52,23,7.1,95.2,72.3,0.0,0,10,9
961.75,839,0,934,272,308,0,3,1,2,1,1,7,0,16.6,36,3.6,20.9,45.3,18.0,13628.4,2262.31,258636.69,0.6,19,2.3,10.7,24.9,0.0,1,6,6
126.3,100,2,1097,603,300,1,6,3,7,0,1,2,0,52.7,15,19.9,63.4,46.6,7.0,4464.86,2352.98,10922.04,0.43,6,3.1,43.8,42.3,0.0,1,1,5
1215.89,1274,3,45,67,21,0,5,0,3,1,0,0,1,91.9,0,93.4,74.7,53.2,21.1,4073.54,3743.58,27651.51,0.43,4,5.3,83.2,61.0,0.0,1,14,7
1311.93,3344,3,180,40,19,0,4,0,0,1,0,0,0,91.0,0,73.8,86.5,83.9,39.0,11833.57,10768.55,78094.35,0.6,4,6.3,84.1,83.9,0.0,0,7,8
1182.68,3427,2,598,551,334,1,2,4,3,0,1,9,4,16.1,25,57.3,22.4,31.8,30.5,26168.26,4213.09,151693.15,0.72,26,2.6,24.5,48.4,0.0,1,6,4
57.48,122,2,284,705,329,1,12,1,2,1,0,0,8,60.7,7,5.3,17.7,17.1,9.4,1975.88,1199.36,30659.06,0.73,31,3.3,32.4,27.3,0.0,0,14,1
1018.89,3416,1,991,585,244,0,7,5,6,1,0,0,6,63.6,20,32.1,23.0,15.4,17.5,1091.16,693.98,5571.85,0.56,11,2.3,33.7,43.7,0.0,1,2,0
1337.63,5000,0,637,548,211,0,8,5,6,0,0,0,4,57.5,28,33.6,40.2,30.9,9.2,8476.22,4873.83,154987.57,0.54,22,2.4,31.4,44.7,0.0,1,13,14
218.48,821,5,108,78,28,0,6,2,5,1,0,0,2,83.5,0,63.9,68.2,47.5,63.2,6725.75,5616.0,16553.27,0.39,9,4.7,55.5,82.4,36.6,0,5,11
254.49,574,5,132,33,13,0,8,2,8,0,0,0,0,63.3,26,72.0,77.6,78.8,80.1,985.75,623.98,2362.83,0.55,5,4.7,99.9,64.5,88.2,1,9,12
220.38,274,0,429,400,46,0,3,4,5,0,0,0,1,59.3,16,42.6,27.7,35.0,30.0,5516.51,3271.29,37067.03,0.44,14,3.4,53.7,54.9,0.0,1,0,5
135.34,311,1,288,624,231,0,8,4,8,0,0,0,8,47.8,35,32.5,60.4,10.1,10.8,3531.03,1687.83,70320.38,0.5,12,3.3,41.3,67.4,0.0,1,3,9
1101.36,1751,2,167,14,59,0,5,0,4,0,0,0,2,94.6,0,45.4,70.3,59.4,60.8,3744.75,3542.53,53827.59,0.48,13,5.1,72.2,87.8,0.0,1,0,12
1615.97,1979,2,22,62,3,0,0,3,5,0,0,0,2,82.4,0,46.0,81.1,63.0,59.1,24895.75,20514.1,110685.54,0.41,17,5.9,68.2,75.1,0.0,0,8,11
657.11,1330,4,66,39,25,0,0,3,4,0,0,0,1,65.7,24,69.4,74.9,74.6,90.3,1268.3,833.27,5523.96,0.57,15,5.3,94.4,91.3,85.5,1,5,0
461.66,317,3,726,549,77,0,9,4,6,1,0,0,2,92.8,0,47.1,22.6,18.1,24.5,9146.46,8487.91,35358.51,0.64,32,4.8,28.6,68.6,0.0,0,12,13
34.95,75,2,1003,73,114,1,7,4,7,0,1,12,7,69.5,9,11.8,19.0,36.0,31.7,1492.74,1037.45,20144.07,0.66,9,3.4,12.7,46.4,0.0,1,3,4
100.95,246,2,831,392,269,1,5,5,5,1,0,0,5,69.0,33,10.5,21.4,40.2,1.9,3427.57,2365.02,33337.47,0.41,11,1.8,26.9,27.3,0.0,1,5,7
1231.48,3790,1,152,561,61,0,12,2,7,0,0,0,1,72.5,26,45.8,27.1,23.2,27.4,50580.04,36670.53,918498.45,0.42,2,3.2,50.1,23.4,0.0,0,2,7
1988.69,5000,2,111,65,16,0,0,0,4,1,0,0,0,63.3,15,59.9,65.3,61.8,37.2,90082.98,57022.53,1546371.91,0.35,5,5.4,96.3,98.2,0.0,1,5,2
1240.98,2576,3,961,611,389,0,12,3,3,1,1,11,5,24.5,8,8.8,37.8,32.6,35.4,47572.4,11655.24,607942.34,0.41,10,3.1,16.6,44.0,0.0,1,4,7
1083.19,4194,0,1113,214,394,0,11,1,3,0,1,3,3,59.9,15,35.5,23.1,20.6,37.7,30920.49,18521.37,609173.78,0.62,22,3.2,38.9,66.2,0.0,1,0,14
1384.87,2563,0,695,620,193,0,3,1,7,0,1,15,0,40.5,36,55.2,48.8,42.2,31.9,20487.51,8297.44,379241.13,0.65,26,2.8,42.5,52.1,0.0,1,7,13
1284.82,1519,3,10,51,57,0,0,3,2,1,0,0,2,65.8,7,42.1,63.9,87.5,76.6,61219.87,40282.67,770750.41,0.57,5,5.6,86.0,77.4,0.0,0,11,8
601.69,483,5,20,79,9,0,6,2,0,1,0,0,0,99.3,0,40.1,75.1,62.8,68.4,17030.26,16911.05,93728.63,0.7,11,5.1,72.0,89.0,66.7,1,3,1
1795.92,4454,0,1020,524,213,0,4,3,1,1,0,0,7,56.9,5,21.8,33.5,36.6,27.7,21944.35,12486.34,52688.06,0.62,19,3.8,32.7,68.2,0.0,1,9,13
1523.3,5000,5,84,62,43,0,1,3,5,1,0,0,0,89.2,0,61.7,78.0,98.4,87.4,37579.43,33520.85,335649.63,0.56,5,4.9,90.9,85.8,39.4,0,11,14
671.86,1717,4,105,87,55,0,8,2,0,1,0,0,1,86.1,0,62.0,96.2,50.8,65.9,26259.89,22609.77,112275.28,0.62,8,5.6,71.5,93.2,88.4,0,12,10
1901.53,4007,2,134,7,60,0,6,1,3,1,1,14,1,99.6,0,70.2,96.4,78.6,29.7,25594.54,25492.16,259713.72,0.54,16,4.3,97.0,97.0,0.0,1,5,14
187.48,470,2,555,104,333,1,8,1,8,1,0,0,7,63.2,7,58.9,47.8,24.2,2.1,5378.96,3399.5,30084.37,0.61,5,2.9,25.7,20.7,0.0,1,8,13
1424.2,4197,4,81,16,30,0,6,2,0,1,0,0,2,76.1,27,75.6,80.8,92.6,70.7,52366.08,39850.59,1008992.3,0.46,17,7.1,64.1,72.4,81.5,0,2,11
1329.66,2541,3,1175,215,397,0,5,3,5,0,1,15,4,22.8,24,26.3,41.2,49.7,39.2,29323.49,6685.76,452050.17,0.69,28,2.3,59.8,64.5,0.0,1,8,13
1938.25,2990,2,811,519,200,1,8,3,7,0,0,0,5,30.0,29,49.0,61.4,41.7,6.4,55135.98,16540.79,833951.41,0.45,3,2.3,55.1,36.2,0.0,1,8,10
928.09,2112,2,113,21,0,0,12,2,6,1,0,0,0,57.1,19,82.2,75.0,66.4,75.2,14941.12,8531.38,277284.9,0.65,6,5.2,95.2,86.7,0.0,0,13,13
1720.56,5000,5,172,33,54,0,12,5,6,1,1,6,0,66.9,12,94.4,70.6,88.9,51.6,24921.83,16672.7,478636.44,0.47,15,5.2,60.8,83.8,33.2,0,7,3
101.05,398,4,42,35,19,0,1,0,1,1,0,0,0,98.5,0,86.4,55.5,83.0,71.4,2583.94,2545.18,37666.44,0.45,4,5.8,83.2,96.4,98.2,1,11,11
491.04,887,5,150,50,32,0,0,0,4,0,1,6,1,53.5,4,64.5,76.9,96.7,69.3,10921.71,5843.11,73501.17,0.53,10,6.3,67.0,87.2,76.6,0,8,3
45.92,86,5,90,27,42,0,1,3,3,1,0,0,0,66.7,1,53.1,83.5,90.6,59.2,263.37,175.67,3073.61,0.32,2,6.2,97.6,88.1,39.7,1,1,2
1790.59,3538,3,999,453,318,0,3,1,3,0,1,1,8,43.3,27,30.6,27.1,16.8,24.7,1470.99,636.94,26676.29,0.69,23,1.9,37.8,69.1,0.0,1,7,1
339.14,224,0,348,534,126,0,6,4,8,0,1,11,2,57.8,10,27.5,32.7,18.4,4.6,13618.87,7871.71,233609.48,0.67,26,1.3,31.6,67.9,0.0,1,5,1
1046.9,3857,4,155,75,3,0,8,0,5,1,0,0,1,71.7,8,70.2,64.5,65.4,98.6,9202.49,6598.19,132821.14,0.53,20,4.6,88.8,90.9,89.6,0,8,10
1019.5,2586,1,92,548,109,0,4,2,4,0,0,0,4,29.9,20,52.0,47.9,54.8,24.6,27592.16,8250.06,365731.24,0.51,9,2.9,13.0,24.4,0.0,0,12,9
136.75,534,2,395,111,154,1,12,2,3,0,0,0,3,52.1,9,44.1,51.7,15.7,5.2,3039.39,1583.52,25728.91,0.59,28,3.1,28.6,29.7,0.0,1,0,0
10.76,42,2,15,16,24,0,1,1,4,1,0,0,2,61.5,29,67.4,71.0,94.7,25.4,368.97,226.92,6137.15,0.72,6,5.6,93.9,61.6,0.0,1,5,14
1084.72,1589,2,945,475,108,1,2,3,7,1,1,3,2,54.1,13,56.3,36.0,10.6,18.4,40981.34,22170.9,739165.89,0.43,21,3.1,14.2,45.6,0.0,1,6,7
1959.49,5000,5,44,21,53,0,5,2,2,1,1,4,2,70.8,1,58.1,82.2,54.2,54.4,94934.44,67213.58,626859.28,0.44,20,4.2,88.2,97.6,66.1,0,5,2
988.52,3906,3,629,644,125,0,12,5,6,0,0,0,6,18.9,16,43.5,60.4,42.0,32.2,43914.41,8299.82,657090.33,0.77,17,3.1,54.4,53.3,0.0,1,9,4
1669.74,5000,4,126,63,12,0,6,2,5,1,0,0,1,99.0,0,56.0,93.9,87.8,94.7,66748.92,66081.43,455796.4,0.5,22,5.6,71.2,69.6,54.1,0,13,7
864.66,3173,3,112,43,54,0,4,0,2,1,1,5,1,51.1,1,74.4,96.6,96.5,67.2,16320.61,8339.83,144652.23,0.43,14,5.7,96.5,60.5,0.0,1,8,3
1866.58,2801,2,527,384,378,1,3,3,1,1,0,0,8,45.0,16,47.6,22.9,28.7,18.1,39060.31,17577.14,540600.11,0.47,5,3.2,55.2,21.5,0.0,1,5,12
739.88,1791,5,76,64,55,0,2,3,5,0,0,0,1,65.9,14,61.8,98.6,60.4,82.5,25227.15,16624.69,72527.29,0.68,31,6.6,84.2,92.6,31.6,0,13,4
1156.72,2199,2,16,56,43,0,5,1,2,1,1,8,0,55.6,4,78.7,57.1,87.0,39.5,30303.32,16848.65,597384.6,0.35,4,5.2,63.0,65.1,0.0,1,4,9
1386.14,1291,2,808,447,156,1,3,2,7,1,0,0,8,58.4,6,29.7,23.2,11.6,7.0,50153.14,29289.43,642802.51,0.39,17,3.3,27.2,56.0,0.0,1,6,7
1387.98,4651,3,68,28,29,0,3,2,0,1,0,0,2,80.2,0,50.5,67.9,91.9,50.4,67474.77,54114.77,705230.36,0.32,2,7.1,57.1,67.5,0.0,0,10,11
33.25,31,3,626,705,140,0,3,4,5,1,1,14,2,61.1,36,40.7,46.6,18.2,31.2,804.14,491.33,6302.54,0.73,9,2.6,59.1,69.1,0.0,1,7,4
1122.63,3195,2,190,276,361,1,11,3,4,1,1,14,2,20.7,23,24.3,33.9,46.9,33.3,35872.37,7425.58,537980.68,0.77,15,1.4,15.7,22.8,0.0,1,10,13
1899.81,5000,3,838,294,119,0,6,4,6,0,1,1,2,53.6,25,10.5,48.1,32.9,29.2,75312.9,40367.71,211673.89,0.4,16,2.3,56.8,53.0,0.0,1,6,9
859.39,480,0,370,548,99,0,4,1,3,0,1,12,6,45.5,14,35.5,37.5,32.3,17.4,7163.56,3259.42,16249.54,0.74,34,2.2,46.4,24.5,0.0,1,1,1
1135.23,2371,5,17,56,15,0,2,1,2,1,0,0,1,60.8,11,65.6,95.2,57.7,84.8,54729.23,33275.37,636269.6,0.48,18,6.9,92.8,97.4,97.6,0,4,12
660.99,766,3,864,417,101,0,7,1,5,0,0,0,5,20.9,8,8.7,22.9,36.4,22.5,15253.46,3187.97,283560.22,0.38,19,2.3,31.0,48.1,0.0,1,8,2
1847.1,5000,5,72,2,39,0,5,0,5,1,0,0,1,94.5,0,65.6,99.6,59.1,61.0,19134.85,18082.43,241090.3,0.6,13,7.1,63.4,78.6,63.2,0,12,14
1189.16,3587,4,144,78,27,0,1,2,4,1,0,0,0,76.5,30,64.8,64.3,61.5,92.0,45533.9,34833.43,592443.08,0.39,8,6.3,66.2,98.9,90.1,0,0,5
1225.91,2310,0,1166,330,400,0,6,4,3,1,0,0,3,60.0,17,16.5,37.5,20.2,5.8,3510.2,2106.12,27756.5,0.43,18,2.9,56.8,69.4,0.0,1,8,7
211.7,111,2,484,591,35,1,7,3,7,0,0,0,2,13.7,12,6.9,38.9,12.0,14.8,5058.48,693.01,63437.85,0.75,9,2.4,12.1,33.9,0.0,1,6,4
1794.99,5000,4,159,24,39,0,8,3,5,1,0,0,0,86.7,0,67.7,93.6,92.5,92.0,86536.82,75027.42,1038164.08,0.54,5,7.6,64.8,62.8,88.2,1,7,10
1103.71,737,5,84,39,32,0,3,1,3,0,0,0,0,91.4,0,49.5,85.2,52.5,60.4,6440.35,5886.48,47804.4,0.65,32,5.7,88.4,87.0,72.8,1,3,14
765.95,1944,3,91,38,39,0,3,0,1,0,0,0,2,54.5,32,66.3,67.9,70.6,52.2,30387.58,16561.23,261303.66,0.59,8,6.9,97.5,76.9,0.0,1,12,4
1587.45,845,5,129,32,27,0,3,1,5,1,0,0,2,99.6,0,52.9,94.5,57.6,84.6,53467.24,53253.37,518630.79,0.43,2,7.3,61.4,79.1,84.4,1,10,9
1883.42,2082,4,127,16,10,0,2,0,4,0,0,0,1,90.8,0,50.2,56.3,59.9,90.5,75260.68,68336.7,1393141.71,0.6,20,6.0,84.8,65.3,33.4,1,7,13
1664.24,3606,3,405,609,50,0,10,2,8,1,0,0,4,34.8,12,55.5,17.5,26.2,25.2,28798.31,10021.81,509723.67,0.53,7,3.4,50.1,49.2,0.0,1,0,14
973.51,2623,2,70,65,3,0,1,3,5,1,0,0,0,89.7,0,46.0,58.8,98.9,53.2,39391.57,35334.24,605426.81,0.29,2,5.4,93.8,79.4,0.0,0,10,2
507.38,884,5,56,28,51,0,4,1,2,0,0,0,0,74.7,12,50.5,95.7,97.0,92.9,4012.28,2997.17,16184.59,0.36,17,6.0,66.7,95.2,75.3,0,12,5
607.57,2169,3,1129,688,389,0,2,3,2,1,1,14,8,39.9,22,0.7,38.2,46.2,24.5,26617.84,10620.52,144013.08,0.74,26,1.8,55.2,39.9,0.0,1,2,13
950.96,3120,4,156,83,9,0,2,0,1,1,0,0,0,50.9,6,93.1,70.7,49.6,57.5,13930.57,7090.66,45748.63,0.5,15,6.0,81.6,72.6,86.6,1,4,5
596.83,1894,3,37,24,10,0,5,0,4,0,0,0,0,66.8,17,77.4,56.2,81.8,65.6,1493.36,997.56,10314.64,0.41,7,6.7,57.9,85.7,0.0,1,12,11
1423.9,3394,2,1190,394,120,1,3,5,5,0,0,0,8,40.0,26,17.9,15.4,44.4,39.6,53579.64,21431.86,914555.7,0.58,4,2.8,38.5,45.1,0.0,1,14,10
806.44,3072,3,29,18,7,0,2,3,0,0,1,12,0,79.8,9,53.1,84.6,51.1,38.3,2956.58,2359.35,21044.34,0.47,18,4.7,67.7,79.4,0.0,0,5,7
1651.64,3174,0,539,80,130,0,3,5,7,1,0,0,1,78.8,34,45.8,23.0,41.4,16.4,61121.04,48163.38,942013.9,0.54,4,2.5,47.4,47.0,0.0,1,4,0
492.32,1158,5,146,57,56,0,0,0,1,1,0,0,1,77.7,11,95.5,92.9,78.9,91.1,18676.74,14511.83,351199.71,0.77,12,6.7,64.3,94.9,84.4,0,10,13
1271.82,4567,1,407,136,144,0,3,1,3,1,0,0,6,20.6,30,6.3,36.7,23.7,8.0,14839.13,3056.86,192284.38,0.37,14,2.9,27.5,29.3,0.0,1,9,7
815.09,2962,2,177,66,58,0,12,5,4,1,1,1,1,87.8,0,83.4,92.1,54.2,66.2,25469.86,22362.54,265080.11,0.57,17,4.3,77.6,64.4,0.0,1,0,8
360.5,1032,4,157,21,14,0,8,3,1,1,0,0,2,85.1,0,62.6,86.3,90.2,66.2,3823.08,3253.44,50087.58,0.42,6,5.1,82.1,86.8,70.8,1,14,11
952.98,3027,5,88,76,32,0,2,5,8,1,0,0,1,53.1,29,74.4,72.8,46.2,62.7,17078.54,9068.7,224079.41,0.56,16,4.5,63.7,84.3,62.8,1,2,10
1467.49,3488,4,53,1,57,0,2,3,0,0,0,0,1,88.8,0,72.0,66.9,62.4,58.2,10870.11,9652.66,111486.64,0.42,9,6.4,57.8,93.6,67.2,1,6,9
383.96,1086,4,116,70,13,0,4,0,1,1,0,0,2,90.7,0,73.1,82.8,85.5,50.7,17781.18,16127.53,178654.76,0.45,2,6.6,57.1,73.8,75.6,1,12,12
777.87,653,5,14,64,13,0,7,0,4,1,0,0,1,98.9,0,79.9,95.4,61.2,73.6,16346.97,16167.15,221816.99,0.39,4,6.7,74.2,95.5,64.9,0,3,12
552.15,938,4,98,14,11,0,2,1,3,1,0,0,1,90.9,0,62.5,68.5,47.1,93.6,4018.49,3652.81,75482.91,0.43,6,6.7,60.6,60.3,45.3,0,5,2
610.63,922,0,370,560,157,0,7,1,6,0,1,4,6,29.6,7,50.9,55.9,34.0,8.7,5329.64,1577.57,90178.52,0.56,4,2.5,29.7,52.9,0.0,1,3,12
1939.97,4328,3,159,21,32,0,5,2,1,1,1,11,2,86.6,0,77.0,80.0,84.2,60.9,34222.29,29636.5,507531.89,0.46,13,4.7,69.7,74.7,0.0,1,10,0
190.03,393,5,40,14,21,0,8,2,2,1,0,0,1,81.9,0,61.4,61.4,69.1,85.1,9313.2,7627.51,95649.56,0.65,27,5.2,65.4,80.4,32.0,0,2,13
1837.3,5000,5,60,69,26,0,2,3,4,0,1,8,2,76.7,12,88.7,80.1,64.4,71.7,29654.94,22745.34,92722.33,0.38,12,6.2,69.7,86.4,90.2,1,14,9
852.59,1853,4,67,8,57,0,8,5,7,0,0,0,1,54.4,31,66.6,72.1,53.9,56.8,25942.4,14112.67,171872.18,0.66,21,4.7,70.4,84.4,67.4,0,13,4
1064.93,1404,2,888,726,254,1,6,2,5,0,0,0,2,15.7,6,32.4,35.5,33.5,24.8,50039.54,7856.21,856111.76,0.7,23,3.0,18.5,65.5,0.0,1,12,4
226.77,583,3,173,38,16,0,1,1,3,1,1,12,2,73.1,35,76.6,95.4,91.5,73.9,5300.76,3874.86,98976.56,0.45,17,5.1,96.6,92.4,0.0,0,9,11
170.59,518,2,779,141,115,1,9,5,1,1,1,9,5,55.1,35,6.8,19.1,21.1,29.5,5297.02,2918.66,98019.01,0.67,27,2.5,51.7,42.3,0.0,1,9,8
183.41,623,5,15,16,36,0,5,1,0,1,0,0,0,87.7,0,67.9,88.7,87.3,56.1,2280.88,2000.33,28558.61,0.34,13,6.1,99.3,72.3,85.9,1,6,9
1596.21,5000,1,866,568,155,0,7,5,3,1,1,6,0,62.8,20,12.7,38.1,28.0,36.6,7029.49,4414.52,101391.45,0.7,30,2.0,20.4,32.1,0.0,1,11,13
185.24,502,4,39,45,30,0,7,1,2,0,0,0,0,82.5,0,91.6,91.9,58.2,62.3,8863.3,7312.22,115595.14,0.71,26,7.0,76.9,78.3,94.2,1,11,4
1044.87,1903,4,114,42,31,0,5,1,0,1,1,12,2,70.6,3,93.6,83.1,83.3,98.8,50347.12,35545.07,134654.45,0.65,25,4.4,99.1,60.3,39.3,1,2,14
236.54,743,4,167,22,49,0,0,1,2,1,1,4,0,78.8,3,65.1,73.1,83.2,93.6,8951.32,7053.64,74393.44,0.75,15,5.9,69.8,89.9,59.5,1,2,4
1970.31,5000,3,510,579,273,0,10,1,8,1,0,0,4,56.5,3,12.2,62.4,36.6,26.1,36012.62,20347.13,403897.64,0.5,9,3.4,32.5,61.5,0.0,1,9,7
1747.33,5000,2,177,10,44,0,2,1,3,1,1,3,1,63.2,11,98.2,96.6,48.7,28.0,24099.67,15230.99,169444.12,0.32,16,6.0,81.6,88.2,0.0,1,9,5
968.03,2571,5,75,19,11,0,8,3,4,1,0,0,0,57.2,18,72.6,76.0,77.3,70.3,9268.84,5301.78,80801.09,0.58,13,7.0,68.0,70.6,95.6,1,7,12
768.23,1544,2,574,92,35,1,4,1,7,0,1,8,0,19.0,26,26.9,47.6,12.5,28.9,3049.01,579.31,25877.06,0.7,27,2.4,26.9,43.8,0.0,1,6,1
1598.07,2008,3,244,102,238,0,8,5,8,1,1,13,0,82.7,0,50.3,59.2,19.2,5.7,10287.64,8507.88,169507.07,0.5,25,4.8,49.6,69.9,0.0,1,7,10
817.09,3220,3,97,1,37,0,1,3,4,0,1,5,1,92.8,0,95.8,60.9,64.8,36.2,3736.53,3467.5,71660.28,0.8,37,5.8,67.2,89.7,0.0,0,2,1
1252.89,2011,4,101,34,59,0,12,2,6,1,1,7,0,82.6,0,76.2,68.5,75.6,55.6,2924.55,2415.68,11416.97,0.63,7,4.8,79.2,96.9,35.9,1,5,14
514.32,1258,2,728,598,86,1,2,5,1,0,0,0,8,50.5,9,12.8,34.0,12.6,20.4,6131.06,3096.19,102851.96,0.49,4,3.4,38.6,44.5,0.0,1,3,12
1866.91,5000,0,1122,519,34,0,8,3,4,0,1,10,2,60.0,21,58.8,28.9,22.1,23.0,49707.06,29824.24,384439.39,0.37,5,3.6,18.4,69.9,0.0,1,0,2
1757.91,5000,2,41,0,47,0,1,0,3,0,1,9,2,68.8,19,84.6,99.7,69.9,67.9,2892.75,1990.21,55509.01,0.57,16,5.4,83.2,92.8,0.0,1,1,0
922.36,2773,4,109,61,15,0,8,3,0,0,1,13,2,66.8,35,99.3,97.8,96.9,51.2,27705.76,18507.45,474899.87,0.52,11,6.4,74.6,95.6,88.9,1,12,0
741.91,1043,1,753,431,175,0,2,1,5,1,0,0,4,19.0,2,11.3,28.0,48.2,16.5,1471.64,279.61,11463.68,0.77,33,3.2,39.1,55.2,0.0,1,9,4
1443.43,4814,1,890,61,213,0,11,3,6,0,0,0,1,51.3,10,55.2,47.6,33.1,20.0,5725.19,2937.02,38458.62,0.66,8,3.7,41.9,29.6,0.0,0,3,13
1985.02,4883,2,83,72,26,0,5,2,3,1,0,0,0,77.4,27,96.3,83.3,88.2,26.9,4108.01,3179.6,42574.06,0.51,4,5.9,56.1,63.4,0.0,0,12,8
1967.3,1859,3,969,71,53,0,10,3,6,0,0,0,6,14.1,6,7.5,47.7,21.9,9.0,80339.39,11327.85,1449459.07,0.78,16,2.2,58.5,35.3,0.0,1,10,13
180.78,240,5,31,44,29,0,4,1,3,1,0,0,2,99.2,0,97.8,68.9,91.5,76.7,1550.64,1538.23,11972.97,0.37,17,5.6,85.1,67.3,78.1,1,13,7
1905.64,5000,4,131,79,59,0,8,2,0,1,1,15,2,94.0,0,93.0,73.4,75.0,83.1,55492.17,52162.64,749367.1,0.45,3,5.8,59.9,80.4,62.5,1,8,12
617.94,1215,2,442,425,393,1,7,2,7,0,1,3,1,19.0,22,47.4,36.6,21.4,26.4,8763.88,1665.14,62179.63,0.51,6,1.4,40.6,58.7,0.0,1,2,7
678.04,1731,5,76,51,56,0,6,0,0,1,0,0,2,90.3,0,83.4,78.8,60.2,67.4,3639.59,3286.55,13880.0,0.36,3,5.9,71.7,67.8,90.0,0,2,7
1902.37,3773,3,191,167,383,0,2,2,5,0,1,3,1,52.8,33,23.1,64.4,19.1,1.3,2194.79,1158.85,16155.09,0.79,9,2.0,34.8,24.9,0.0,1,12,13
1522.32,5000,2,836,596,41,1,12,4,2,1,0,0,0,53.3,17,5.9,47.4,48.0,3.1,72966.5,38891.14,593441.66,0.67,10,2.7,33.6,28.3,0.0,1,3,13
1431.54,3060,3,604,670,84,0,4,2,2,1,1,1,8,51.4,8,46.8,38.5,47.6,21.4,35095.13,18038.9,599250.15,0.41,12,3.2,55.0,20.3,0.0,1,12,0
67.8,74,2,108,50,28,0,2,0,3,1,0,0,0,89.9,0,48.1,94.4,98.0,53.1,2876.23,2585.73,19191.55,0.53,3,6.6,85.7,74.3,0.0,0,11,0
647.1,1990,3,82,33,14,0,2,5,2,1,0,0,2,69.4,1,68.8,55.4,55.9,57.2,28053.26,19468.96,347915.73,0.4,9,5.0,56.1,72.1,0.0,1,10,9
739.76,554,2,275,298,109,1,11,3,6,0,1,13,8,69.3,19,24.3,54.7,20.4,0.7,4708.82,3263.21,73923.64,0.8,24,1.8,34.5,61.0,0.0,1,10,1
277.95,888,2,621,409,181,1,10,1,1,0,0,0,5,58.4,9,14.1,33.6,35.3,30.5,11312.25,6606.35,116668.62,0.55,15,1.3,49.3,41.8,0.0,0,0,6
207.98,439,2,65,85,4,0,3,3,2,0,0,0,0,68.1,17,85.3,76.6,99.7,38.4,2454.04,1671.2,5612.45,0.56,18,5.5,92.8,80.1,0.0,1,13,14
1372.08,2620,5,62,57,25,0,2,0,0,0,0,0,2,75.8,20,99.8,75.2,68.6,93.0,48663.75,36887.12,923415.31,0.64,25,6.7,76.4,87.7,53.3,0,8,13
65.27,92,1,1061,597,34,0,7,1,7,0,1,7,3,20.6,22,46.8,53.9,21.7,29.7,3124.55,643.66,24661.12,0.75,24,3.2,25.7,54.1,0.0,1,14,4
691.8,730,1,459,526,219,0,8,2,3,0,0,0,0,62.1,34,15.6,57.3,31.5,7.0,22380.78,13898.46,238995.76,0.5,4,3.6,42.6,44.5,0.0,1,0,8
747.04,1129,1,473,658,166,0,2,2,3,0,1,9,3,11.9,12,56.4,56.8,53.0,29.9,37163.48,4422.45,732531.02,0.61,3,2.7,19.2,39.9,0.0,1,3,10
1843.57,5000,3,63,74,28,0,0,2,3,0,0,0,1,94.4,0,42.4,70.4,45.6,31.0,84587.8,79850.88,742785.11,0.64,7,6.3,62.2,71.1,0.0,0,8,13
1513.68,2479,5,50,16,41,0,3,1,3,1,0,0,2,86.4,0,89.1,79.8,51.0,59.0,65282.54,56404.11,318655.55,0.71,20,6.0,57.1,99.0,82.5,1,0,13
1726.71,4205,2,117,38,59,0,10,4,6,1,0,0,2,74.5,24,41.4,87.5,72.8,65.2,73214.46,54544.77,175027.01,0.53,2,5.3,59.6,98.4,0.0,1,10,14
1241.29,1834,4,27,31,46,0,0,1,2,0,0,0,2,61.3,11,60.9,63.7,56.3,95.3,50105.11,30714.43,410508.38,0.57,6,6.2,65.2,73.5,51.4,0,2,12
1391.81,1709,2,98,0,5,0,6,1,5,1,0,0,0,93.8,0,57.7,66.1,95.6,52.3,45140.46,42341.75,189774.07,0.69,15,6.7,62.3,83.2,0.0,1,9,14
289.57,1124,0,506,716,147,0,11,3,6,1,1,8,1,79.4,18,9.6,60.3,27.3,24.9,11566.32,9183.66,145125.2,0.54,17,2.7,15.0,38.6,0.0,1,7,6
1836.03,2536,4,90,84,22,0,0,1,2,1,0,0,2,51.3,28,47.2,91.4,57.6,53.1,16024.24,8220.44,62592.36,0.35,6,6.7,55.4,63.8,43.6,1,9,2
972.8,2499,4,170,90,34,0,10,2,6,1,1,10,0,68.7,17,91.6,61.9,50.1,85.0,26474.93,18188.28,105113.52,0.32,1,4.5,76.7,61.7,62.0,1,11,2
711.81,1247,4,144,81,11,0,10,3,3,1,1,6,1,85.8,0,79.9,98.2,60.1,98.6,11653.49,9998.69,115024.33,0.53,6,4.6,55.8,80.3,55.9,1,9,3
749.6,2436,2,1005,232,116,1,12,4,7,0,0,0,0,59.2,23,40.5,59.8,18.3,7.5,28592.53,16926.78,510508.59,0.41,4,4.3,49.6,32.3,0.0,1,1,2
791.87,2700,0,1067,249,155,0,8,2,1,1,1,7,0,63.1,22,89.7,57.4,36.1,0.8,9474.06,5978.13,31716.13,0.47,4,4.5,28.5,30.0,0.0,1,14,5
1391.18,2740,5,43,60,11,0,6,0,1,1,0,0,1,74.3,3,59.2,67.6,51.1,85.4,49810.92,37009.51,417006.78,0.48,12,6.0,64.0,76.9,77.8,1,5,8
233.76,642,0,492,354,46,0,7,3,8,0,1,12,1,67.9,20,8.2,25.0,14.5,18.8,10470.25,7109.3,119575.07,0.72,22,3.0,31.1,54.6,0.0,1,8,1
1717.4,1460,1,1001,633,286,0,4,3,5,0,1,2,7,47.2,13,10.3,49.9,11.9,3.1,43042.18,20315.91,255775.46,0.67,17,2.8,51.2,48.6,0.0,1,4,13
1684.92,1649,2,555,669,172,1,2,1,6,1,1,12,1,58.6,34,26.0,50.3,12.8,25.0,26943.79,15789.06,413709.32,0.55,5,2.2,21.7,59.0,0.0,1,6,6
104.57,231,5,106,6,8,0,3,3,3,0,0,0,0,64.7,30,70.3,95.8,59.4,92.2,5037.08,3258.99,41934.94,0.46,14,6.0,85.6,75.5,45.2,0,14,12
748.67,1730,3,878,101,156,0,6,3,4,0,1,1,2,37.2,11,34.6,20.5,45.0,14.5,28276.13,10518.72,274597.53,0.69,4,2.1,32.2,65.7,0.0,1,13,1
1403.18,5000,2,141,78,2,0,4,0,5,1,0,0,0,86.7,0,65.2,95.0,71.1,50.4,23559.8,20426.35,260167.68,0.55,23,6.9,72.4,90.1,0.0,1,5,8
1974.89,1153,3,249,328,235,0,9,1,7,1,0,0,5,60.9,20,34.3,21.9,15.3,27.3,44272.5,26961.95,412992.89,0.49,3,2.8,48.2,48.9,0.0,1,9,10
164.78,656,0,1027,534,110,0,5,2,1,1,0,0,7,17.2,10,25.1,31.1,49.8,21.4,6790.05,1167.89,51219.37,0.4,12,3.1,11.5,55.9,0.0,1,9,7
1375.74,3768,0,843,254,155,0,10,4,3,0,1,6,6,37.0,25,35.9,18.2,25.3,38.3,19180.49,7096.78,232187.53,0.47,10,2.6,50.6,54.9,0.0,1,1,3
1720.76,893,2,380,448,336,1,2,1,2,1,0,0,4,49.8,8,20.6,47.3,36.1,13.1,17871.47,8899.99,180105.63,0.63,22,1.3,58.9,40.6,0.0,1,4,1
911.25,1738,1,1147,528,306,0,2,1,6,1,0,0,6,43.0,19,50.0,57.1,24.7,38.1,8748.56,3761.88,119358.58,0.73,7,2.4,10.1,66.9,0.0,1,14,13
36.03,22,3,93,34,31,0,4,2,3,1,1,10,0,72.8,12,99.7,74.0,82.0,57.8,345.96,251.86,2267.93,0.72,34,6.0,95.5,63.2,0.0,0,5,14
818.6,462,2,73,90,54,0,7,3,5,1,0,0,0,72.9,16,40.5,79.8,59.6,65.7,440.47,321.1,8161.57,0.43,12,5.0,89.4,87.6,0.0,1,1,3
1580.6,5000,5,137,45,2,0,4,1,6,0,1,4,1,91.4,0,56.3,94.5,73.1,63.8,56520.45,51659.69,531295.04,0.72,9,4.6,72.2,92.3,69.3,1,9,14
1935.74,5000,1,112,694,206,0,8,5,7,0,1,12,0,67.1,12,36.3,34.3,17.5,2.9,44441.48,29820.23,833966.23,0.74,11,2.3,28.8,69.3,0.0,1,11,1
499.66,810,2,73,38,12,0,8,1,3,0,0,0,1,77.8,30,82.6,75.3,55.3,22.9,23685.18,18427.07,391625.67,0.63,12,4.4,82.1,89.8,0.0,1,0,10
598.49,1665,0,535,351,270,0,5,1,1,0,0,0,6,18.8,5,57.4,30.2,39.3,8.2,24340.95,4576.1,265869.15,0.48,21,4.3,16.6,49.6,0.0,1,13,10
597.22,322,2,169,54,52,0,9,4,7,1,0,0,2,52.8,12,54.0,92.4,46.7,27.5,28019.04,14794.05,530203.49,0.69,26,5.9,56.5,99.5,0.0,1,0,14
899.9,1736,4,73,0,30,0,12,3,5,1,0,0,2,66.7,31,49.2,89.4,95.3,74.5,5818.34,3880.83,28746.1,0.67,6,5.1,84.7,72.6,56.3,1,3,1
455.38,365,5,59,25,28,0,3,5,1,0,0,0,0,57.3,22,90.0,88.5,77.1,59.5,16722.57,9582.03,277370.1,0.47,11,4.5,67.9,84.4,80.7,1,1,11
1846.39,5000,3,579,151,48,0,10,3,3,1,1,6,1,56.6,5,47.2,46.5,54.0,34.6,55129.38,31203.23,188113.9,0.65,11,3.5,40.3,23.7,0.0,1,1,4
524.84,1581,2,113,111,157,0,9,1,1,1,0,0,3,46.1,8,55.3,17.3,32.1,28.7,8548.17,3940.71,65065.66,0.69,4,3.9,40.2,59.4,0.0,1,1,4
1464.11,1954,2,400,613,337,1,9,5,3,1,0,0,2,70.0,18,77.7,86.2,46.2,24.3,25224.18,17656.93,491237.64,0.68,33,4.1,20.3,30.2,0.0,1,10,13
1008.76,2295,2,163,5,5,0,0,1,0,1,0,0,1,74.4,33,83.2,82.2,71.6,52.5,36600.68,27230.91,529597.26,0.78,17,6.5,59.1,87.2,0.0,0,2,13
689.11,2274,0,732,210,387,0,12,2,8,0,0,0,0,79.7,26,41.9,64.7,45.9,27.1,16583.03,13216.67,317324.79,0.69,15,3.7,57.9,22.8,0.0,0,9,1
1493.07,5000,4,157,31,8,0,6,1,0,1,0,0,2,63.6,32,88.2,99.9,52.3,68.2,72896.22,46362.0,326693.31,0.45,17,4.8,71.8,92.5,89.0,0,2,3
795.47,1062,0,112,661,216,0,11,5,1,1,1,3,8,63.2,6,38.8,36.4,47.7,23.7,39318.18,24849.09,120181.55,0.75,33,1.6,16.8,50.4,0.0,1,6,13
1715.65,4307,2,617,362,198,1,7,4,3,1,0,0,0,13.0,35,25.8,21.7,53.5,1.8,25131.84,3267.14,302161.7,0.6,29,1.8,21.3,24.5,0.0,1,1,8
570.37,1960,2,90,63,27,0,9,5,7,1,1,7,0,93.3,0,75.8,85.9,53.2,20.7,27657.59,25804.53,258626.08,0.74,9,4.6,56.4,60.4,0.0,0,9,4
735.12,1307,4,118,12,37,0,6,3,4,0,0,0,2,50.2,29,53.8,87.7,97.3,72.0,2617.76,1314.12,11311.53,0.42,3,6.1,69.7,77.7,70.6,0,8,3
1169.13,1891,3,119,74,35,0,4,3,0,1,0,0,2,54.0,34,78.2,78.9,68.9,53.2,11858.5,6403.59,92506.31,0.62,13,5.5,75.7,81.9,0.0,0,0,6
1603.57,1299,3,164,24,11,0,3,1,1,1,0,0,2,55.0,12,49.8,82.2,68.8,67.2,11379.64,6258.8,138597.23,0.62,14,5.6,94.1,96.9,0.0,0,11,10
520.28,1060,0,604,82,100,0,5,2,1,1,0,0,2,61.2,35,52.0,47.6,12.1,2.6,16146.34,9881.56,98543.66,0.53,20,3.4,20.6,34.8,0.0,1,14,3
1724.73,2843,1,344,624,107,0,3,2,7,0,1,15,1,52.9,29,19.4,43.4,37.4,31.5,84928.68,44927.27,496152.81,0.4,12,4.2,55.7,44.6,0.0,1,1,3
1857.52,5000,4,367,233,283,0,11,3,2,1,0,0,0,60.4,24,43.1,72.0,46.9,86.4,4385.38,2648.77,46101.31,0.66,5,4.1,23.5,53.8,86.5,1,5,14
1684.51,3375,2,82,52,44,0,6,2,2,1,0,0,0,85.3,0,51.5,77.9,99.0,38.9,41341.6,35264.38,518901.69,0.54,9,7.2,89.7,87.2,0.0,0,3,14
1014.64,629,1,351,363,329,0,8,4,4,0,0,0,5,10.9,19,35.8,55.0,19.3,39.0,13428.12,1463.67,118947.74,0.37,5,2.9,45.2,64.0,0.0,1,3,9
506.7,260,4,54,63,32,0,3,2,5,1,0,0,1,87.1,0,99.3,94.4,52.6,58.1,10228.11,8908.68,105346.59,0.72,25,4.9,89.8,81.1,89.1,1,1,1
139.45,324,2,93,50,0,0,7,2,5,1,1,12,0,84.9,0,55.3,83.9,67.0,46.6,1928.92,1637.65,30767.81,0.38,18,6.2,93.5,94.3,0.0,1,11,11
771.46,743,4,93,51,0,0,9,5,6,1,1,15,1,86.6,0,81.1,73.3,60.3,94.4,13830.13,11976.89,274411.42,0.63,22,5.0,55.3,75.5,59.0,0,5,13
768.32,1070,5,146,25,28,0,2,1,0,1,1,5,1,63.0,33,75.3,76.3,61.3,75.6,9260.08,5833.85,71571.1,0.43,3,6.0,55.9,69.8,42.6,1,13,9
1595.64,2656,2,165,81,21,0,0,3,3,1,0,0,2,61.2,18,84.8,64.6,81.7,72.1,73407.67,44925.49,1329840.83,0.63,8,7.0,99.6,82.2,0.0,1,10,10
711.11,2272,0,377,404,76,0,12,1,7,1,1,9,0,44.4,32,38.4,62.7,35.8,0.0,25601.91,11367.25,166861.57,0.61,4,2.9,27.7,46.5,0.0,1,4,4
458.58,1133,5,78,65,20,0,4,0,5,1,0,0,1,76.6,30,61.8,71.4,97.2,76.1,3837.79,2939.75,7930.73,0.42,5,6.5,90.4,80.8,55.8,0,10,5
67.1,184,0,876,257,76,0,3,4,4,0,1,10,4,19.9,27,50.3,29.6,33.2,26.3,2166.72,431.18,30908.0,0.59,22,3.7,33.4,45.0,0.0,1,10,14
1672.77,5000,1,1055,235,395,0,2,2,1,1,1,8,2,23.2,31,7.1,46.2,52.6,1.4,68117.36,15803.23,1071648.51,0.59,12,3.0,37.1,51.9,0.0,1,9,6
1583.17,3122,5,141,26,38,0,0,3,4,0,1,9,0,99.4,0,92.7,79.5,79.3,53.2,39513.66,39276.58,120335.16,0.6,16,5.3,89.3,85.1,40.9,1,13,8
1919.17,5000,4,32,80,50,0,11,1,2,1,1,10,1,84.1,0,50.8,97.1,88.2,57.7,54830.85,46112.74,888479.6,0.68,19,5.9,89.3,80.4,38.7,0,11,4
1746.79,1161,4,165,84,55,0,4,3,0,1,1,13,0,79.5,10,63.3,82.3,57.7,62.1,28212.49,22428.93,270078.63,0.44,16,5.7,78.3,89.2,44.6,1,12,3
1680.53,4711,3,545,597,189,0,12,1,5,1,1,6,5,47.9,21,26.4,60.3,26.1,10.5,26726.13,12801.82,525793.86,0.71,7,3.2,13.2,64.4,0.0,1,8,13
1702.41,2033,5,125,74,27,0,1,0,4,1,0,0,1,81.4,0,63.6,97.0,74.4,52.7,75217.18,61226.78,464704.81,0.57,25,5.7,78.1,70.5,99.1,1,8,12
137.46,173,3,163,57,13,0,7,2,5,1,0,0,0,87.9,0,70.4,64.4,51.5,28.8,3057.04,2687.14,11862.2,0.43,17,7.5,87.0,65.5,0.0,1,2,7
354.23,289,2,687,272,308,1,2,4,8,1,0,0,1,77.5,17,32.3,44.2,45.9,28.4,6994.07,5420.4,105532.11,0.47,21,2.9,24.2,24.1,0.0,1,6,0
31.19,33,4,180,38,28,0,1,1,5,1,0,0,0,70.2,36,44.3,92.5,60.8,94.5,1104.41,775.3,7280.96,0.48,23,6.2,68.0,89.4,65.1,0,7,3
852.38,2970,5,127,48,47,0,3,3,5,0,0,0,0,78.8,25,82.4,63.4,75.7,68.9,17956.79,14149.95,176679.24,0.3,3,7.1,72.7,69.6,67.0,1,7,2
1229.37,2956,5,167,60,13,0,0,0,1,0,0,0,2,71.9,28,73.2,95.1,71.9,81.8,17415.1,12521.46,161349.11,0.39,2,7.0,66.0,94.3,62.5,0,6,9
224.54,413,3,173,45,59,0,12,3,8,0,1,4,0,78.4,23,84.1,83.9,94.1,42.5,9902.11,7763.25,164514.35,0.43,3,4.0,93.6,91.7,0.0,1,11,3
1560.08,5000,2,74,29,12,0,7,1,2,1,0,0,1,57.0,35,94.6,65.3,45.0,42.7,57843.69,32970.9,202826.4,0.54,12,5.9,61.7,63.7,0.0,0,6,0
1750.32,924,2,212,574,158,1,10,3,8,0,1,4,1,74.8,28,65.5,78.1,47.8,38.6,8306.7,6213.41,47434.15,0.6,6,5.0,21.4,44.1,0.0,1,13,4
95.45,272,1,590,498,124,0,2,2,2,1,1,5,2,29.8,30,50.3,35.3,34.7,14.9,1291.65,384.91,19014.53,0.64,19,1.7,19.8,29.3,0.0,1,4,13
340.56,1053,5,118,12,20,0,2,0,1,1,0,0,0,70.2,31,42.2,69.2,59.1,92.4,8924.61,6265.08,38527.99,0.57,12,4.3,65.4,99.1,38.5,1,1,0
1701.42,1528,3,50,14,11,0,8,3,4,1,0,0,0,61.2,7,51.5,83.9,65.0,35.2,70956.0,43425.07,667764.64,0.36,4,6.8,77.5,71.9,0.0,0,12,11
538.91,1675,2,453,646,236,1,5,3,4,1,0,0,5,24.9,30,38.2,38.7,50.7,14.2,22539.66,5612.38,82451.72,0.74,21,3.2,28.5,36.6,0.0,1,5,13
125.85,466,3,740,463,325,0,9,3,6,1,1,8,1,61.0,26,50.9,49.9,17.2,8.3,3679.57,2244.54,53019.64,0.71,9,4.3,37.6,37.0,0.0,1,14,14
680.82,535,3,178,34,25,0,3,2,4,1,0,0,2,96.7,0,97.1,88.5,75.1,39.7,25584.95,24740.65,164621.71,0.52,16,6.2,87.9,65.9,0.0,0,2,0
1721.59,4920,3,107,60,30,0,9,2,3,0,1,15,2,82.8,0,81.7,59.0,58.5,66.5,66757.58,55275.28,1266640.12,0.37,16,4.7,98.2,96.2,0.0,0,13,5
799.47,949,4,98,49,37,0,12,2,4,1,0,0,1,69.8,21,78.5,92.7,86.2,95.9,7968.41,5561.95,31554.31,0.31,13,5.7,83.4,72.0,44.0,1,13,2
1438.62,3575,2,53,49,2,0,0,0,4,1,0,0,2,51.3,36,53.5,69.8,78.0,21.7,29300.27,15031.04,437496.26,0.73,16,5.9,89.3,63.3,0.0,1,3,1
550.9,1807,3,19,76,37,0,6,3,2,0,0,0,2,89.9,0,55.9,87.8,97.5,74.5,2760.82,2481.98,25422.24,0.68,28,6.8,84.8,63.3,0.0,0,6,8
1662.43,3258,3,41,37,3,0,2,2,4,1,1,15,2,100.0,0,84.9,58.3,79.1,35.5,74507.25,74507.25,1402347.85,0.43,9,5.6,64.4,67.9,0.0,0,9,3
414.79,996,3,87,2,5,0,1,2,5,1,0,0,1,54.9,6,87.4,60.2,93.2,72.0,3524.81,1935.12,66235.92,0.41,18,6.9,60.4,93.6,0.0,0,12,11
430.19,871,3,707,712,107,0,3,1,2,1,1,7,4,61.6,13,36.3,26.9,45.5,26.3,8284.63,5103.33,133251.92,0.57,8,1.7,15.9,34.2,0.0,1,3,3
1931.79,2220,4,82,17,58,0,1,0,0,1,0,0,1,66.9,21,50.5,84.5,85.7,96.7,45578.58,30492.07,536480.98,0.64,14,6.4,95.9,77.0,84.2,0,14,6
1462.29,2945,2,126,81,30,0,2,3,3,0,0,0,1,60.4,24,86.7,68.3,53.0,28.0,48027.16,29008.4,446253.24,0.61,17,6.1,56.0,61.7,0.0,0,14,13
1911.66,3772,0,646,614,86,0,8,4,2,1,1,12,2,72.3,7,92.6,55.2,38.7,19.4,51704.25,37382.17,110581.85,0.7,11,4.2,16.1,63.5,0.0,1,9,1
559.05,918,2,68,57,49,0,10,3,2,1,1,10,2,79.8,3,40.1,59.2,84.9,62.3,26181.78,20893.06,215908.75,0.46,11,4.2,97.5,97.1,0.0,0,7,10
1401.92,3963,2,299,84,78,1,2,1,6,1,0,0,0,79.9,30,31.5,16.5,51.7,9.7,6058.35,4840.62,48421.33,0.52,19,3.2,56.5,33.1,0.0,1,13,3
1349.9,5000,2,180,71,25,0,3,3,1,0,0,0,1,74.9,36,78.5,98.6,82.1,69.4,42141.14,31563.71,770686.31,0.49,9,6.9,81.8,60.5,0.0,0,14,0
1537.47,3700,5,13,19,57,0,4,2,5,1,0,0,2,50.0,27,76.2,74.3,80.1,52.4,26001.99,13001.0,267158.99,0.42,9,5.7,56.9,76.0,39.4,0,2,3
718.64,1956,1,751,570,184,0,6,4,1,1,1,12,6,47.0,11,38.4,57.4,23.3,21.3,24381.98,11459.53,154264.52,0.61,12,2.5,35.6,58.3,0.0,1,7,4
220.48,522,0,579,523,143,0,4,3,4,1,1,10,0,33.1,32,33.8,33.9,17.3,8.9,1686.18,558.13,27496.38,0.76,17,2.2,52.4,36.1,0.0,1,5,1
872.99,998,2,114,38,13,0,2,0,1,1,0,0,1,72.1,7,69.1,97.8,78.0,74.3,15957.85,11505.61,101065.58,0.39,11,5.1,76.4,99.6,0.0,1,10,7
318.0,209,1,523,305,392,0,3,5,4,1,0,0,1,50.4,10,42.7,59.3,36.3,19.6,7828.23,3945.43,100723.1,0.5,23,3.4,39.1,37.1,0.0,1,6,6
711.03,1847,3,31,17,18,0,5,1,5,1,0,0,2,90.6,0,48.6,55.0,88.7,57.7,16738.3,15164.9,269036.69,0.67,15,5.6,74.8,71.5,0.0,1,0,14
1400.1,1211,3,16,8,4,0,7,3,1,1,0,0,1,71.4,27,82.7,70.3,64.0,53.2,57624.84,41144.14,787388.92,0.42,3,6.7,90.9,85.0,0.0,1,14,5
775.83,2630,2,1139,711,50,1,4,4,4,0,1,4,2,19.1,32,7.4,32.8,17.0,36.5,3605.68,688.68,25777.75,0.55,13,1.6,11.4,57.3,0.0,1,4,14
1407.56,1064,4,36,68,58,0,2,3,4,1,0,0,2,82.9,0,70.1,72.1,78.7,60.1,48292.06,40034.12,455356.54,0.43,11,8.2,78.6,61.6,63.9,0,11,5
865.01,3053,3,838,314,180,0,7,2,6,1,0,0,5,13.8,10,29.3,64.7,24.2,37.2,16956.09,2339.94,177135.36,0.46,17,3.2,39.4,28.0,0.0,1,2,12
16.6,32,5,136,57,56,0,6,1,1,0,0,0,1,69.2,22,91.5,61.4,82.0,87.0,585.26,405.0,7637.64,0.62,11,5.5,67.1,65.5,38.5,1,10,6
925.63,3650,2,196,179,103,1,4,3,4,1,0,0,0,64.3,23,58.3,51.2,30.9,9.2,28456.39,18297.46,125526.22,0.56,22,3.5,48.7,29.7,0.0,1,2,6
1845.45,4076,0,321,265,398,0,10,4,3,0,1,7,3,34.4,15,40.3,57.4,45.3,35.3,76326.6,26256.35,189839.47,0.56,4,3.2,43.8,34.6,0.0,1,13,3
1698.99,4867,2,95,48,23,0,1,1,2,1,0,0,2,58.3,35,76.3,77.4,85.7,56.4,24905.48,14519.89,244760.76,0.56,7,4.9,96.3,71.2,0.0,1,6,12
1861.4,3368,0,533,613,237,0,10,1,1,1,0,0,0,53.9,22,17.5,20.5,25.5,11.4,59720.86,32189.54,185285.17,0.46,9,2.0,29.2,45.4,0.0,1,13,10
918.87,1592,4,19,57,35,0,3,4,1,0,1,11,0,55.2,26,71.0,69.3,60.5,57.7,21499.89,11867.94,395902.19,0.6,25,5.0,84.1,68.2,75.6,1,4,4
174.95,437,1,857,400,219,0,7,1,6,0,1,6,8,22.1,13,9.6,18.3,49.1,25.7,667.47,147.51,5513.3,0.59,29,1.5,22.3,67.6,0.0,1,5,14
288.34,616,1,98,679,226,0,10,4,4,1,1,9,0,14.0,22,32.4,28.4,29.1,0.3,11401.05,1596.15,92776.08,0.41,13,1.6,31.5,48.0,0.0,1,5,12
1887.06,3760,1,1080,289,193,0,2,4,8,1,1,9,7,59.1,1,32.1,43.2,31.2,18.2,70710.64,41789.99,1103229.59,0.52,19,1.8,16.4,56.6,0.0,1,9,6
151.0,512,3,282,517,342,0,12,4,7,1,1,4,4,50.5,32,13.0,48.9,12.3,37.4,5142.13,2596.78,64205.44,0.47,13,2.3,31.7,58.6,0.0,1,13,12
393.57,1269,3,56,58,23,0,5,1,0,0,0,0,1,57.6,19,96.7,99.4,65.9,54.8,15007.55,8644.35,95895.1,0.44,2,7.0,86.2,79.1,0.0,1,11,5
1491.72,1248,4,163,59,31,0,3,2,4,1,0,0,0,71.0,2,70.2,61.1,64.2,95.9,15758.16,11188.29,121898.84,0.58,28,5.7,95.2,84.0,64.3,1,1,8
1969.98,3655,4,47,54,31,0,2,3,1,1,0,0,0,51.1,14,45.5,99.8,72.2,65.5,53518.33,27347.87,361230.18,0.46,6,6.5,85.1,71.6,32.6,0,9,2
1334.75,2428,3,24,83,24,0,1,3,5,1,1,1,2,88.3,0,56.8,92.1,72.3,63.5,65967.91,58249.66,512229.51,0.53,24,6.9,81.9,90.5,0.0,0,13,10
1179.35,861,0,776,345,354,0,5,3,3,1,1,1,4,61.2,35,58.0,23.7,39.0,25.0,3541.98,2167.69,54237.32,0.61,12,3.4,32.2,41.2,0.0,1,9,13
1350.39,2703,2,32,28,27,0,0,2,2,0,0,0,2,65.2,30,93.6,99.2,87.3,60.9,63968.57,41707.51,904398.98,0.52,2,7.3,77.4,68.1,0.0,0,10,3
1336.2,3504,3,905,567,299,0,3,5,3,1,1,14,5,48.9,7,24.3,39.3,31.6,26.3,36562.83,17879.22,703740.54,0.7,14,2.9,55.3,53.3,0.0,1,2,1
372.23,749,2,128,23,30,0,5,1,4,1,0,0,2,50.6,13,66.9,72.9,97.2,34.5,6045.22,3058.88,70356.03,0.41,10,6.2,75.9,77.4,0.0,0,12,12
1066.74,1717,1,233,656,255,0,9,5,3,1,0,0,4,17.5,29,6.6,62.4,27.4,23.6,50644.28,8862.75,422607.93,0.68,6,2.3,14.0,25.7,0.0,1,1,13
527.47,1361,3,14,18,17,0,5,1,3,0,0,0,1,78.1,32,61.0,75.8,47.7,40.4,608.19,475.0,8263.74,0.42,18,4.3,62.7,90.2,0.0,0,12,9
425.59,390,3,374,454,197,0,6,2,8,0,1,15,0,10.8,32,38.3,16.0,16.1,14.5,10105.16,1091.36,164379.53,0.58,3,2.8,34.7,59.1,0.0,1,5,10
515.15,1556,5,150,48,50,0,3,3,7,1,0,0,0,68.1,20,55.2,71.8,59.0,67.7,22544.47,15352.78,125691.73,0.67,14,5.1,68.4,89.7,44.9,1,8,14
1957.38,5000,3,415,357,250,0,10,5,7,1,1,1,2,90.6,0,68.4,78.6,45.3,30.9,60089.92,54441.47,356451.91,0.69,14,4.2,59.8,54.5,0.0,1,6,14
1193.78,2819,5,124,5,43,0,5,5,8,0,1,14,0,52.6,13,56.8,96.3,86.7,95.3,50502.32,26564.22,637603.35,0.45,12,5.3,55.2,82.5,31.9,1,0,0
14.71,58,3,1096,298,210,0,11,3,6,1,1,9,0,65.6,22,53.6,57.9,50.9,7.5,588.04,385.75,8848.77,0.64,8,4.1,38.8,33.7,0.0,1,0,1
1812.69,5000,2,76,43,6,0,5,2,3,1,0,0,2,68.2,15,71.7,79.9,82.2,78.6,72526.13,49462.82,1220495.02,0.61,25,5.2,58.5,86.6,0.0,1,14,8
275.75,317,2,956,547,299,1,12,3,3,1,1,4,3,36.5,25,5.7,57.2,48.1,30.4,3650.31,1332.36,13969.98,0.53,3,2.3,15.9,68.8,0.0,1,3,12
484.8,1583,3,42,42,13,0,5,0,5,1,0,0,1,97.5,0,66.1,77.2,48.3,63.4,10818.46,10548.0,153412.01,0.34,5,7.8,67.6,69.2,0.0,0,12,5
587.05,606,4,43,31,37,0,5,1,6,1,0,0,0,70.0,24,42.8,85.6,75.4,72.1,13851.23,9695.86,178886.05,0.61,30,4.6,56.1,71.4,46.8,1,13,13
1831.13,1457,5,47,2,58,0,1,2,0,1,0,0,0,83.2,0,75.1,76.8,82.3,97.4,85767.05,71358.19,1105470.34,0.38,9,7.5,75.3,94.3,80.4,1,1,11
315.46,265,4,45,3,53,0,7,0,5,1,0,0,0,89.3,0,66.6,85.6,68.9,72.6,173.01,154.5,2349.9,0.47,20,6.6,87.8,74.9,67.9,1,11,0
491.85,1096,5,22,57,29,0,5,3,0,0,0,0,2,97.0,0,78.3,94.6,54.4,63.6,14965.55,14516.58,223568.54,0.49,15,6.1,85.6,71.9,34.5,1,0,10
1331.74,2746,2,70,0,4,0,2,1,4,1,0,0,1,55.0,16,56.8,57.7,75.0,30.1,53145.3,29229.92,272562.43,0.73,12,5.9,94.7,86.9,0.0,0,6,4
1336.79,1070,3,467,498,34,0,12,4,1,0,0,0,3,54.3,1,28.0,40.5,41.8,14.1,6014.52,3265.88,87676.6,0.37,2,4.2,32.8,41.7,0.0,1,12,7
920.26,2164,5,46,53,28,0,4,2,2,1,1,13,2,87.7,0,77.3,90.9,61.7,66.9,37936.59,33270.39,485615.54,0.47,16,5.5,75.1,87.4,64.7,0,10,12
1485.66,4720,2,52,36,19,0,3,3,1,1,0,0,2,60.9,2,62.3,77.2,70.2,61.2,68960.85,41997.16,1083074.75,0.51,14,6.9,68.4,75.6,0.0,0,13,10
835.11,700,5,77,26,59,0,8,3,2,1,0,0,0,68.7,19,70.7,60.1,66.8,69.4,16006.41,10996.4,313489.27,0.43,15,6.7,56.0,75.1,66.3,1,13,7
1459.23,4254,2,108,61,6,0,1,1,1,1,0,0,0,87.3,0,48.7,98.0,99.3,36.8,3884.78,3391.41,26245.59,0.43,20,6.1,58.7,78.1,0.0,1,6,7
1168.86,4630,3,673,650,86,0,10,3,8,1,1,14,7,30.1,29,31.5,51.5,47.6,25.0,3875.44,1166.51,18997.94,0.75,8,2.6,24.0,62.7,0.0,0,4,4
868.17,1930,2,811,532,279,1,4,5,3,0,0,0,5,34.4,16,5.7,35.4,47.3,29.8,32806.47,11285.43,126646.21,0.52,22,2.1,55.7,45.4,0.0,1,13,0
1063.15,4058,5,66,14,21,0,5,2,4,1,1,4,2,91.2,0,70.0,74.2,72.2,71.1,6874.81,6269.83,117397.1,0.36,15,5.6,67.0,61.5,85.1,1,7,9
1554.17,3516,1,387,678,64,0,6,2,6,1,1,14,3,50.8,36,45.5,21.2,31.7,4.2,62993.21,32000.55,205062.88,0.6,9,2.4,41.5,62.2,0.0,1,1,8
1982.96,5000,1,282,385,296,0,10,3,4,0,1,12,2,69.8,17,61.5,59.4,19.4,31.0,60190.44,42012.93,129781.74,0.49,17,4.2,43.1,36.9,0.0,1,13,9
275.54,405,5,140,53,8,0,5,0,1,0,0,0,2,85.1,0,67.7,83.6,94.1,60.8,8617.28,7333.31,47032.86,0.49,2,5.2,60.4,86.3,75.9,0,9,0
1378.25,3222,0,724,617,45,0,2,1,3,0,0,0,0,70.6,16,11.1,26.7,24.1,11.9,67003.88,47304.74,1186442.58,0.5,23,4.0,17.9,34.0,0.0,1,2,10
240.44,739,3,168,44,20,0,6,4,2,1,1,6,1,99.5,0,40.5,91.1,60.7,73.8,5683.8,5655.38,44098.0,0.49,6,4.4,99.6,87.4,0.0,1,3,5
1287.79,2078,3,444,503,307,0,8,4,6,1,1,12,2,79.7,12,42.1,62.8,20.9,9.3,34891.82,27808.78,128362.45,0.57,5,4.4,49.1,29.6,0.0,1,13,14
591.64,1079,3,130,32,51,0,3,1,5,1,0,0,0,63.5,13,52.1,68.5,73.5,51.6,13069.87,8299.37,170186.6,0.53,19,5.2,71.3,71.5,0.0,0,11,12
412.38,1391,2,73,61,30,0,5,2,4,1,0,0,0,98.7,0,91.2,83.5,96.5,72.4,8819.36,8704.71,69511.24,0.38,4,8.0,73.2,61.8,0.0,0,4,5
277.07,631,2,1025,611,73,1,9,5,2,0,0,0,4,54.4,26,40.0,40.8,29.5,18.3,11842.24,6442.18,160635.25,0.77,24,2.4,52.3,51.1,0.0,1,1,13
209.74,392,3,689,453,324,0,2,1,3,0,1,12,5,10.0,22,4.6,51.4,29.0,8.2,7313.12,731.31,142268.13,0.42,18,3.6,35.9,20.9,0.0,1,0,7
1155.35,4412,3,94,89,34,0,3,4,2,1,1,3,2,87.5,0,55.9,63.0,75.9,38.0,2481.67,2171.46,10772.82,0.38,18,5.7,69.6,88.2,0.0,0,5,3
1522.38,2089,2,31,28,51,0,8,2,0,0,0,0,2,70.4,36,92.1,85.2,55.8,71.0,11409.41,8032.22,135622.36,0.42,10,4.6,82.5,68.3,0.0,0,14,9
703.8,1278,4,64,87,34,0,6,3,5,1,0,0,1,66.4,10,43.1,63.7,68.2,70.1,27556.38,18297.44,242368.26,0.65,13,4.5,58.2,98.5,42.8,0,4,6
606.4,2142,2,140,89,54,0,7,2,4,1,0,0,0,83.8,0,93.4,72.5,96.9,74.9,18476.98,15483.71,307584.66,0.45,16,6.9,71.8,70.9,0.0,1,13,0
1501.06,4886,3,1046,551,363,0,4,1,5,0,0,0,3,38.6,30,25.2,38.8,11.1,23.9,26810.8,10348.97,197457.69,0.6,21,2.8,48.8,23.0,0.0,1,6,4
748.34,1309,2,459,311,48,1,8,3,3,1,1,5,4,30.6,34,59.0,55.0,39.5,37.7,16296.56,4986.75,41948.16,0.74,34,3.2,23.0,21.4,0.0,1,8,13
726.54,1434,3,124,64,32,0,1,2,2,1,0,0,2,75.1,26,90.0,99.7,49.8,44.1,3114.52,2339.0,47163.15,0.49,15,7.0,83.9,85.9,0.0,0,8,0
1097.38,1114,4,52,8,20,0,10,5,4,1,0,0,2,56.7,26,60.6,82.0,65.6,50.2,10352.46,5869.84,151960.55,0.58,13,5.8,67.5,79.2,45.7,1,11,8
780.16,478,4,87,58,46,0,2,2,0,1,0,0,0,60.7,6,55.2,88.0,72.5,59.4,23781.25,14435.22,168287.25,0.28,13,5.6,65.2,80.2,85.8,0,13,2
960.74,801,2,99,40,38,0,4,3,4,0,1,6,0,75.3,13,40.5,71.0,65.6,76.1,37375.76,28143.95,320094.92,0.43,5,5.2,69.8,95.1,0.0,1,11,0
663.93,2208,2,1180,285,63,1,3,5,2,1,0,0,1,68.8,23,45.5,23.9,34.2,21.9,23878.64,16428.5,65402.21,0.29,4,3.7,51.0,63.3,0.0,1,9,2
1753.22,4400,1,694,543,130,0,7,2,2,0,1,13,0,92.0,0,84.1,59.6,12.8,11.8,35727.26,32869.08,197913.05,0.36,16,3.8,52.4,67.6,0.0,1,0,9
1425.86,5000,4,93,30,60,0,6,3,2,1,0,0,1,68.0,36,58.2,89.6,62.6,56.0,40122.14,27283.06,783487.59,0.4,4,4.6,82.6,96.2,47.3,1,13,2
1943.54,5000,2,364,223,354,1,10,2,2,1,0,0,6,51.4,6,1.0,59.8,50.0,16.2,14574.74,7491.42,245381.53,0.56,7,3.6,50.5,37.8,0.0,1,7,3
1060.51,2873,3,151,16,54,0,5,3,0,1,0,0,2,54.3,1,40.7,80.6,52.7,62.2,8819.29,4788.87,22481.25,0.53,24,5.6,67.0,73.6,0.0,1,10,9
594.01,684,3,179,76,274,0,10,4,1,0,1,11,8,63.1,2,42.4,22.4,38.4,6.9,27798.18,17540.65,146627.61,0.58,15,2.9,23.2,67.7,0.0,0,1,4
1944.24,4949,5,145,28,15,0,6,1,4,1,1,12,1,60.2,7,94.0,69.8,91.3,72.1,85670.28,51573.51,707354.24,0.74,32,5.5,58.3,75.6,92.3,1,14,13
1736.93,4248,2,63,65,35,0,0,1,5,1,0,0,2,63.9,29,94.2,58.6,76.8,63.8,74537.7,47629.59,848164.28,0.5,12,6.6,62.6,88.7,0.0,1,13,9
470.55,960,3,896,286,199,0,11,3,5,1,0,0,1,97.9,0,64.5,64.7,48.1,34.6,17917.32,17541.06,166133.3,0.75,23,5.4,29.0,53.0,0.0,1,7,1
1812.94,5000,4,118,54,14,0,8,2,3,1,0,0,1,76.3,10,54.7,64.4,69.0,82.0,45990.48,35090.74,597628.5,0.38,9,6.0,76.6,70.8,48.2,0,10,11
1794.96,5000,2,1168,711,346,1,3,1,3,0,0,0,2,65.4,32,16.5,50.4,53.4,17.1,29616.68,19369.31,123365.5,0.77,9,3.1,34.7,32.9,0.0,1,4,1
1774.01,4683,0,315,248,118,0,7,5,4,1,0,0,3,66.1,1,54.8,17.5,53.0,33.5,8426.8,5570.11,128553.76,0.62,28,4.5,56.1,27.2,0.0,1,5,6
823.37,552,0,507,341,221,0,10,1,5,0,0,0,1,82.7,0,43.0,58.7,38.5,22.1,3345.75,2766.94,58142.38,0.52,17,4.8,49.7,46.3,0.0,1,4,7
493.87,513,2,171,17,44,0,2,3,1,1,0,0,1,74.2,18,95.9,92.1,67.2,43.7,17280.42,12822.07,281317.46,0.62,5,4.5,61.9,81.2,0.0,1,7,6
1962.32,5000,1,881,151,232,0,10,2,5,0,0,0,3,43.4,2,40.4,37.7,49.4,8.7,59975.03,26029.16,549249.48,0.5,11,2.4,10.1,48.1,0.0,1,7,3
1876.63,4926,2,119,26,36,0,2,2,4,1,0,0,1,53.4,18,57.9,90.7,78.2,52.5,49244.02,26296.31,694998.06,0.55,25,5.9,76.4,77.6,0.0,1,0,6
1227.45,3400,1,95,238,87,0,8,5,5,1,0,0,4,23.4,28,32.2,47.9,14.6,30.7,52780.95,12350.74,156644.74,0.45,22,2.1,27.3,38.0,0.0,1,2,3
912.43,1186,4,103,22,6,0,7,1,4,1,0,0,0,83.2,0,89.1,84.7,83.2,66.8,11953.6,9945.4,71942.91,0.65,29,5.8,72.7,73.2,72.2,0,2,13
40.22,129,0,408,472,365,0,12,4,5,1,0,0,5,39.2,20,50.0,33.1,32.6,25.1,254.15,99.63,1393.12,0.38,6,3.2,49.4,51.9,0.0,1,1,7
1434.05,1994,0,1151,408,341,0,7,5,8,1,0,0,7,53.2,16,58.5,21.2,25.7,37.6,27184.9,14462.37,429480.59,0.29,9,1.8,51.2,25.0,0.0,1,4,2
922.72,3014,3,38,90,25,0,1,3,2,1,1,9,1,85.0,0,50.7,78.8,62.3,54.7,36114.69,30697.49,504250.8,0.45,18,5.9,85.5,74.1,0.0,1,7,11
120.3,114,2,478,136,237,1,11,1,8,0,1,13,1,68.0,15,48.1,56.0,43.9,36.4,1905.48,1295.73,20703.0,0.56,24,2.3,52.6,66.1,0.0,1,7,6
1042.72,602,3,109,46,46,0,5,3,4,1,0,0,0,83.2,0,94.9,85.3,57.6,30.4,44383.52,36927.09,233747.82,0.72,22,4.7,76.2,83.7,0.0,0,0,14
211.85,706,3,95,82,24,0,1,3,2,1,0,0,2,53.8,11,59.3,62.2,65.8,43.7,8057.09,4334.71,62301.59,0.56,25,5.6,96.2,88.0,0.0,0,5,3
1066.99,3707,0,533,625,163,0,2,2,7,0,1,4,6,65.3,13,30.7,15.9,25.2,20.5,41747.04,27260.82,487064.43,0.46,16,3.6,29.1,26.7,0.0,1,8,2
227.03,465,2,117,5,23,0,7,3,3,1,0,0,0,59.8,33,68.9,90.0,95.6,46.1,11029.24,6595.49,69156.53,0.44,6,5.9,55.1,76.8,0.0,0,7,7
1691.88,3183,4,112,38,43,0,2,3,3,1,1,9,1,90.7,0,53.3,65.2,90.5,73.4,9990.24,9061.15,130190.2,0.53,13,6.4,88.9,84.4,31.3,1,9,10
462.79,443,3,381,252,157,0,11,1,8,1,0,0,7,51.0,8,33.1,51.9,26.8,38.2,10823.45,5519.96,55770.29,0.79,15,1.7,41.9,39.9,0.0,1,14,13
1858.8,1092,2,483,296,203,1,7,5,2,1,0,0,4,40.9,10,51.9,61.4,20.4,0.2,34245.31,14006.33,216006.94,0.68,6,3.8,55.9,38.9,0.0,1,12,14
305.33,733,3,1099,162,185,0,11,4,8,0,0,0,1,75.7,31,74.0,55.5,19.9,28.0,3058.23,2315.08,25130.07,0.7,5,5.1,13.7,32.7,0.0,1,3,13
1112.78,1805,5,81,1,40,0,6,0,2,0,0,0,1,55.8,36,67.2,92.5,70.2,97.1,36693.62,20475.04,545241.98,0.64,32,5.8,85.1,69.3,35.2,0,14,14
1451.96,2419,4,122,75,10,0,4,0,1,1,0,0,1,99.7,0,60.4,90.1,61.6,92.2,39637.58,39518.67,786207.0,0.43,11,6.4,76.8,78.2,80.7,0,0,7
219.47,481,3,520,230,162,0,9,2,6,0,1,5,7,31.7,23,25.1,38.1,33.0,10.7,10853.79,3440.65,26538.86,0.44,2,2.5,57.8,39.0,0.0,1,13,0
1437.07,2769,3,155,5,50,0,7,4,7,1,1,7,2,73.8,29,93.0,95.1,69.1,28.7,16568.91,12227.86,172844.31,0.56,18,4.0,58.8,97.9,0.0,0,10,14
816.7,3172,3,136,346,378,0,5,3,1,1,1,4,2,23.9,16,3.1,22.2,37.8,33.4,38891.8,9295.14,342295.51,0.78,16,2.8,55.9,39.9,0.0,1,8,4
277.4,472,5,97,36,23,0,8,2,0,0,0,0,0,89.3,0,91.7,66.9,74.2,98.1,8813.46,7870.42,138935.71,0.68,3,4.9,70.8,72.4,39.3,1,2,4
961.94,3375,1,243,185,242,0,4,2,1,1,0,0,7,42.7,2,40.7,17.1,42.5,36.1,4910.69,2096.86,95459.39,0.7,28,2.3,56.1,67.6,0.0,1,8,14
996.64,3380,2,705,461,195,1,12,5,1,0,1,3,4,44.0,27,10.4,55.9,31.3,9.4,38003.84,16721.69,446706.09,0.58,20,1.2,13.9,22.1,0.0,1,3,8
1505.53,1186,3,940,335,322,0,3,1,8,0,1,6,4,14.0,18,31.8,46.0,39.6,12.8,55879.57,7823.14,896226.77,0.52,15,2.6,32.4,33.8,0.0,1,0,10
1087.99,4119,0,962,719,68,0,8,5,2,0,1,6,2,97.6,0,48.5,26.9,35.0,34.6,18616.45,18169.66,364897.66,0.63,8,3.6,23.4,53.2,0.0,1,2,13
867.41,2283,2,348,622,274,1,10,2,3,0,1,3,0,47.0,23,4.4,21.5,15.4,38.8,19753.69,9284.23,40841.06,0.53,24,2.9,39.3,45.3,0.0,1,13,8
1685.42,5000,2,89,89,38,0,9,3,5,1,1,10,0,98.7,0,94.2,76.0,90.7,53.7,39865.79,39347.53,250677.25,0.38,11,4.3,58.6,97.0,0.0,1,13,11
871.32,2843,5,102,21,41,0,7,3,2,1,0,0,1,64.9,20,51.9,94.8,92.3,95.2,32899.15,21351.55,569990.04,0.36,13,6.2,56.9,66.3,89.5,0,3,5
1728.97,5000,1,920,354,148,0,8,2,3,0,0,0,4,10.6,5,25.1,32.7,20.3,5.0,23261.74,2465.74,110916.98,0.59,18,3.3,12.7,58.0,0.0,1,4,4
1888.72,1695,2,143,81,19,0,0,0,4,0,0,0,1,65.5,5,55.5,98.2,63.1,67.8,21272.03,13933.18,168884.27,0.71,15,5.5,62.4,83.0,0.0,0,6,13
965.19,2092,1,914,536,58,0,4,3,1,0,0,0,3,61.8,2,47.4,23.3,44.6,28.8,7326.61,4527.84,88870.44,0.41,20,3.7,31.6,62.1,0.0,1,3,11
1412.8,2279,2,638,513,193,1,2,4,4,1,1,15,1,58.8,16,47.5,46.0,36.9,24.9,22090.49,12989.21,136111.84,0.39,16,2.0,52.7,57.0,0.0,1,11,2
672.08,802,3,22,80,1,0,5,1,1,0,0,0,1,94.6,0,54.8,97.0,57.8,45.4,3711.77,3511.33,19363.71,0.46,16,6.2,83.5,81.5,0.0,0,0,0
101.15,138,4,172,75,25,0,7,0,0,1,1,1,1,85.4,0,61.9,71.0,74.4,63.7,813.19,694.46,11106.02,0.49,11,7.0,68.7,63.1,84.8,1,13,7
155.36,127,5,38,8,14,0,4,2,3,1,0,0,1,95.2,0,61.0,88.4,85.1,92.9,2492.89,2373.23,27250.27,0.52,15,6.0,62.8,80.6,86.0,1,4,6
1344.35,4777,0,682,380,258,0,8,1,6,0,0,0,2,71.6,21,47.9,58.7,10.0,24.3,44560.84,31905.56,490951.15,0.45,20,3.7,33.0,23.9,0.0,1,11,12
93.04,344,1,168,668,272,0,3,5,7,0,1,2,0,54.0,10,29.1,40.7,32.5,26.3,1823.65,984.77,11626.34,0.7,21,3.4,45.4,56.7,0.0,1,7,13
1184.47,1977,2,84,0,46,0,7,1,5,1,0,0,0,69.0,12,71.4,55.5,97.2,31.6,12950.44,8935.8,123800.37,0.52,19,4.8,87.0,61.2,0.0,1,7,14
210.96,293,3,1010,599,372,0,8,4,6,0,0,0,3,34.7,6,15.6,39.0,35.4,30.5,9432.9,3273.22,33128.53,0.54,17,1.8,40.4,38.3,0.0,0,12,8
422.97,1591,5,133,90,10,0,3,3,0,1,1,6,2,91.7,0,60.8,69.9,88.5,83.9,2293.08,2102.75,25022.83,0.49,5,6.8,92.8,64.3,71.3,1,14,12
677.35,395,5,70,51,14,0,3,3,3,1,1,10,0,75.4,3,79.9,81.4,75.3,56.8,12996.03,9799.01,117628.37,0.45,10,5.1,89.8,62.4,31.9,1,1,10
1947.45,2868,2,143,45,10,0,7,1,3,1,0,0,2,70.6,18,64.8,72.4,73.2,29.4,33443.12,23610.84,339185.12,0.35,10,4.9,60.7,61.5,0.0,0,4,2
722.05,2027,3,914,131,278,0,2,3,2,1,0,0,4,16.1,34,51.1,23.3,48.8,34.0,8135.15,1309.76,34880.39,0.63,14,3.7,41.7,21.7,0.0,1,13,14
1621.58,5000,3,128,9,2,0,8,2,2,0,1,1,0,58.0,17,81.6,61.7,74.5,38.0,4146.12,2404.75,78670.12,0.67,8,5.9,86.3,75.2,0.0,1,11,6
17.77,14,3,87,48,5,0,2,2,3,1,0,0,0,93.7,0,74.1,88.5,90.7,53.6,597.42,559.78,3468.34,0.29,2,6.8,67.6,67.9,0.0,1,12,2
1396.33,1829,4,22,73,12,0,6,0,3,1,1,14,2,83.4,0,58.6,75.3,72.6,72.7,21151.12,17640.03,353551.71,0.43,7,4.4,59.7,92.4,53.0,1,1,9
541.24,374,3,681,294,260,0,11,1,7,0,1,4,7,25.9,34,27.0,45.2,20.3,38.5,2167.67,561.43,36855.16,0.38,5,2.4,27.5,67.0,0.0,1,4,12
58.39,138,4,143,56,32,0,2,3,5,1,1,7,0,58.3,15,63.8,72.5,60.9,93.8,1123.38,654.93,15098.67,0.49,18,5.1,66.4,62.8,30.8,1,7,3
975.14,3749,0,316,600,42,0,2,4,2,1,0,0,5,44.4,20,35.7,55.4,46.7,17.7,28181.4,12512.54,441321.11,0.77,5,1.8,18.5,24.6,0.0,1,13,13
468.56,1325,1,569,87,226,0,3,4,1,0,0,0,6,69.1,22,22.4,23.1,35.5,35.1,17794.97,12296.32,135243.56,0.64,26,2.9,41.3,69.0,0.0,1,2,6
1988.93,2501,5,94,67,5,0,3,2,1,1,1,7,2,95.7,0,56.4,77.3,84.8,91.8,16100.34,15408.03,171064.88,0.56,22,5.1,66.7,63.1,90.2,0,6,0
863.69,1536,4,16,17,34,0,3,4,4,1,1,14,0,91.2,0,67.8,60.6,93.4,96.7,16292.84,14859.07,109708.21,0.43,7,5.6,86.2,77.9,36.6,0,3,3
478.49,1346,3,164,41,42,0,2,2,5,1,0,0,0,86.2,0,99.1,72.9,86.1,23.3,804.22,693.24,14983.02,0.58,4,5.1,58.6,98.3,0.0,0,12,6
922.05,2274,1,1177,203,237,0,10,5,7,1,0,0,8,14.9,6,51.3,15.1,40.3,33.3,28963.83,4315.61,456322.73,0.76,38,3.9,33.9,29.8,0.0,1,11,1
493.8,1961,1,132,199,352,0,10,5,2,0,0,0,5,53.5,5,36.4,21.3,13.2,21.1,24300.12,13000.56,408121.8,0.3,8,2.3,41.4,55.9,0.0,1,4,2
1015.95,1634,3,178,73,58,0,3,0,2,0,0,0,1,92.4,0,66.1,55.7,58.4,28.4,45753.42,42276.16,214369.85,0.56,16,6.1,59.6,75.2,0.0,1,6,12
629.48,2313,2,39,64,31,0,10,4,4,0,1,5,2,76.0,16,88.1,88.6,68.6,33.2,13591.25,10329.35,33129.31,0.48,2,4.6,76.6,93.6,0.0,1,10,9
1561.1,3679,0,934,232,33,0,5,4,7,0,1,15,5,44.6,10,0.9,51.5,53.0,15.8,2518.25,1123.14,11643.32,0.44,10,2.5,18.8,36.0,0.0,1,0,12
395.15,1346,0,221,147,211,0,9,3,4,1,0,0,5,55.8,5,33.9,47.2,16.6,39.5,19037.21,10622.76,194348.84,0.52,19,2.4,29.6,52.6,0.0,1,8,8
1593.98,3826,5,67,65,10,0,4,1,1,1,0,0,0,87.2,0,70.5,61.6,98.0,90.0,3899.05,3399.97,40903.6,0.72,27,5.4,83.7,69.2,57.7,0,6,4
901.13,521,5,93,80,23,0,6,1,4,0,0,0,1,91.5,0,44.2,85.7,53.8,86.6,15047.31,13768.29,120021.93,0.59,3,4.7,94.8,61.3,37.5,0,13,10
30.67,60,2,494,715,316,1,6,2,6,1,1,4,5,12.3,34,13.9,50.3,18.6,32.3,887.24,109.13,17435.15,0.6,8,2.9,11.5,50.3,0.0,1,0,10
1353.74,720,3,98,654,238,0,8,3,5,0,1,6,1,95.5,0,43.9,55.8,14.5,11.6,49887.82,47642.87,595747.51,0.54,24,3.2,25.0,49.0,0.0,1,4,14
1637.14,4567,1,362,310,150,0,7,2,1,1,1,10,6,15.9,13,7.3,56.8,41.9,13.0,68684.47,10920.83,376110.51,0.41,13,2.5,27.5,33.6,0.0,1,7,5
400.96,711,1,913,616,213,0,9,4,2,0,1,15,5,56.6,21,19.2,49.3,47.6,39.3,5685.55,3218.02,71502.04,0.67,4,2.0,50.1,46.7,0.0,1,11,8
1654.5,1587,4,100,5,50,0,5,1,3,1,0,0,1,97.9,0,59.7,86.1,61.2,66.1,41442.42,40572.13,535883.82,0.65,7,6.0,75.2,83.7,65.6,1,8,8
212.64,848,3,56,84,12,0,1,2,1,0,0,0,1,98.4,0,74.2,96.0,47.1,32.1,7572.39,7451.23,96260.44,0.6,3,7.4,67.3,77.3,0.0,1,8,14
1976.84,4419,4,110,81,53,0,9,1,4,1,1,2,2,62.3,31,74.6,93.7,77.7,60.6,67211.71,41872.9,1039565.47,0.5,24,4.8,61.5,74.6,71.8,0,7,5
1938.46,4140,2,1037,343,117,1,11,3,5,1,1,15,0,48.7,31,14.2,44.4,37.7,34.8,30686.77,14944.46,122309.73,0.77,25,2.0,47.2,26.8,0.0,1,8,4
1380.29,839,5,165,6,26,0,12,5,7,1,1,6,2,82.6,0,70.9,96.4,73.4,68.2,59112.39,48826.83,597502.74,0.5,24,5.0,85.0,91.9,34.7,1,12,7
1992.18,5000,2,174,84,32,0,3,2,3,1,0,0,1,73.3,25,45.6,96.5,80.0,50.5,22485.03,16481.53,281279.36,0.31,5,6.8,69.5,60.5,0.0,1,6,2
1457.45,1872,3,409,351,343,0,7,1,1,0,0,0,6,28.9,11,27.5,30.7,40.2,7.5,70605.66,20405.04,453430.07,0.6,5,2.6,26.5,21.7,0.0,1,8,6
86.7,77,2,151,20,20,0,6,0,5,1,1,5,1,96.9,0,87.6,80.4,89.0,55.8,4148.54,4019.94,19309.58,0.54,2,6.5,56.3,89.4,0.0,1,10,0
732.53,1125,3,114,6,50,0,5,2,2,0,0,0,0,83.6,0,96.2,71.7,62.8,45.7,18486.32,15454.56,199119.74,0.48,23,6.2,64.7,85.8,0.0,0,14,3
63.32,71,1,217,248,359,0,2,2,6,1,1,10,6,53.3,10,56.9,36.2,51.8,38.0,2152.15,1147.1,19815.7,0.49,21,2.9,56.9,43.1,0.0,1,5,0
509.44,1345,3,160,87,0,0,3,1,0,1,0,0,0,95.6,0,62.9,87.8,75.3,64.4,4227.74,4041.72,78456.57,0.78,34,5.0,93.3,69.0,0.0,1,11,1
470.18,997,1,217,620,115,0,9,2,3,0,1,13,0,28.9,36,19.4,51.8,34.1,6.4,15601.31,4508.78,264453.22,0.75,4,3.2,31.1,48.8,0.0,1,10,13
984.68,537,4,128,22,0,0,4,2,4,0,0,0,0,82.3,0,93.2,97.8,69.2,73.3,12707.41,10458.2,138596.22,0.7,14,4.6,91.5,88.0,47.7,1,0,14
1215.29,4663,2,122,32,46,0,1,3,2,0,1,7,2,53.1,9,70.8,99.5,94.1,31.8,30246.42,16060.85,411911.72,0.79,5,4.9,87.3,81.7,0.0,1,9,13
1677.04,4571,4,79,30,35,0,2,2,3,0,0,0,0,94.9,0,92.8,89.2,99.8,89.6,7873.15,7471.62,101333.3,0.5,20,7.8,55.9,77.6,97.2,1,11,11
83.62,178,5,125,56,59,0,8,2,5,1,0,0,1,91.4,0,43.5,65.2,68.4,95.6,1748.33,1597.97,24571.79,0.47,4,5.6,92.3,97.0,62.0,0,1,0
301.45,852,3,640,433,160,0,11,4,6,1,1,13,3,52.2,12,2.0,15.6,40.4,25.6,13105.16,6840.89,125818.67,0.52,17,3.6,51.6,28.3,0.0,1,1,0
811.9,727,3,957,295,376,0,9,5,7,1,1,5,0,66.5,24,5.6,59.9,18.4,29.7,31409.65,20887.42,451076.71,0.47,18,1.7,55.0,58.4,0.0,1,2,12
97.62,172,5,53,64,27,0,3,2,0,1,0,0,2,75.5,18,56.4,82.6,73.4,83.7,2195.31,1657.46,14883.32,0.39,17,6.4,64.4,70.3,90.6,0,12,12
1038.57,3429,1,246,287,170,0,7,5,7,0,0,0,4,34.6,28,53.8,45.5,40.1,4.7,34758.26,12026.36,102247.53,0.75,36,1.6,44.7,62.6,0.0,1,7,1
1865.19,989,1,221,684,32,0,10,1,5,1,1,14,2,59.4,34,52.2,61.4,51.5,18.8,64000.09,38016.05,829396.63,0.56,18,3.0,24.7,49.2,0.0,0,4,10
165.81,332,3,1121,516,292,0,4,4,8,1,0,0,8,12.8,18,20.6,22.2,47.4,23.6,4529.44,579.77,46646.14,0.67,15,2.0,22.9,42.6,0.0,1,3,4
1982.29,5000,3,74,89,18,0,5,0,1,1,0,0,0,84.6,0,97.8,74.6,83.2,51.0,3661.61,3097.72,17419.9,0.68,25,4.8,76.5,69.7,0.0,0,3,1
276.53,266,0,737,590,57,0,11,3,2,1,0,0,0,98.3,0,88.7,56.3,28.8,15.2,1935.8,1902.89,8420.06,0.5,12,3.9,20.7,42.0,0.0,1,8,3
572.12,1200,1,1089,617,291,0,2,4,1,1,1,14,1,58.0,7,7.8,18.8,34.5,36.2,12072.72,7002.18,93456.12,0.58,15,3.3,26.6,40.1,0.0,1,14,0
1362.92,1521,4,54,49,2,0,5,2,1,1,0,0,2,76.2,35,62.9,81.3,95.1,99.7,57398.81,43737.89,1137797.81,0.37,2,6.5,65.9,86.8,93.6,0,14,2
423.17,447,5,148,17,9,0,7,3,2,1,0,0,1,76.1,19,47.6,74.9,93.0,59.3,3228.47,2456.87,33349.55,0.45,2,6.8,55.3,99.8,79.3,0,11,3
535.59,1454,0,204,571,142,0,4,4,4,0,0,0,5,38.8,22,53.4,23.7,52.9,13.6,9717.97,3770.57,121593.21,0.66,8,3.4,47.3,53.5,0.0,1,6,1
1578.38,1019,3,169,520,245,0,5,5,2,0,1,6,1,64.5,27,31.3,51.3,41.5,16.6,76658.39,49444.66,894899.81,0.57,15,3.3,41.9,63.2,0.0,1,0,12
1344.05,4895,2,811,676,190,1,6,5,8,1,1,12,3,22.4,12,37.4,18.5,41.0,1.2,44531.27,9975.0,428316.5,0.55,26,2.5,39.1,49.6,0.0,1,2,14
416.63,332,1,548,444,374,0,9,1,7,0,1,14,3,44.6,2,41.6,27.1,52.5,22.0,1308.38,583.54,23602.74,0.71,6,1.9,10.8,25.8,0.0,1,12,13
1313.59,2914,5,97,45,40,0,7,2,4,1,0,0,1,96.3,0,61.9,74.4,79.2,78.5,64136.03,61763.0,157615.89,0.45,20,5.6,72.4,82.5,85.3,1,10,12
1884.41,5000,5,176,9,45,0,8,1,0,1,0,0,1,57.2,4,96.5,95.2,87.6,80.5,67147.94,38408.62,246135.12,0.54,15,7.3,68.3,66.0,92.2,0,12,3
56.31,172,4,12,36,5,0,1,1,1,1,1,1,0,91.1,0,61.7,93.6,54.5,79.1,2811.79,2561.54,27716.22,0.36,2,5.4,62.9,88.7,83.5,1,4,11
1416.27,2107,0,323,668,65,0,3,5,5,0,0,0,4,15.3,16,54.3,31.2,28.3,29.6,51875.3,7936.92,321524.24,0.61,30,2.9,20.1,50.0,0.0,1,12,10
584.26,554,0,423,372,214,0,6,5,1,1,1,13,2,47.2,14,30.2,64.7,11.8,22.2,18938.13,8938.8,280384.4,0.6,28,2.4,17.9,25.9,0.0,1,4,8
788.15,1943,0,113,555,275,0,6,1,4,1,1,8,2,24.0,28,52.9,46.3,32.0,27.6,35580.79,8539.39,130238.18,0.62,22,3.1,24.5,36.1,0.0,1,6,13
1905.61,2710,3,823,415,130,0,9,4,8,1,1,8,0,62.8,34,68.5,72.6,48.2,6.1,8050.17,5055.51,70775.79,0.53,6,4.5,43.1,68.0,0.0,1,6,12
1953.22,5000,2,914,668,266,1,2,3,7,1,0,0,6,61.6,14,3.6,34.9,30.8,15.9,59431.61,36609.87,1040251.84,0.37,7,1.7,13.0,44.7,0.0,1,8,9
1313.65,3228,3,169,36,33,0,7,2,1,1,1,5,0,92.2,0,87.9,73.3,93.9,34.6,22443.92,20693.29,340693.13,0.55,19,5.2,93.3,73.0,0.0,0,13,12
427.09,1363,1,1091,615,254,0,8,4,4,0,0,0,0,67.8,20,31.2,23.3,43.8,5.8,5298.38,3592.3,12217.49,0.63,12,2.5,28.2,35.6,0.0,1,11,4
984.73,796,4,11,65,45,0,4,2,0,1,1,8,1,67.3,11,74.5,76.6,47.1,87.5,13621.83,9167.49,223214.87,0.47,7,5.6,69.0,68.6,54.7,1,5,0
156.88,361,5,138,22,5,0,5,2,3,1,0,0,0,89.1,0,60.5,86.9,59.8,75.3,2062.45,1837.64,35654.16,0.78,14,6.3,99.5,92.3,67.9,0,6,1
823.49,1633,5,160,66,51,0,2,1,2,1,0,0,0,54.6,27,78.6,61.2,72.3,84.3,28557.02,15592.13,392070.61,0.65,21,6.2,64.3,91.9,45.1,0,1,6
391.39,235,4,14,88,2,0,3,3,4,0,0,0,1,84.1,0,94.4,56.5,51.2,81.4,11083.25,9321.01,59835.69,0.47,16,5.9,55.7,76.8,82.7,1,7,5
573.74,1790,2,435,546,361,1,8,2,1,1,1,3,1,68.9,31,50.6,49.9,25.9,4.5,27745.35,19116.55,426300.27,0.7,35,3.3,59.6,30.2,0.0,1,1,6
1633.15,4884,5,13,11,4,0,0,0,0,1,0,0,1,63.9,33,76.4,87.3,82.8,56.3,58383.62,37307.13,415087.52,0.53,17,5.3,88.2,69.6,85.7,0,14,0
351.59,1044,3,133,81,7,0,8,1,4,0,0,0,0,65.7,23,86.4,90.4,93.8,68.6,12583.62,8267.44,219836.03,0.41,16,6.7,84.7,61.9,0.0,0,11,2
686.59,1689,2,134,9,45,0,8,2,0,1,0,0,0,91.8,0,91.9,98.2,97.8,27.0,14499.29,13310.35,48850.99,0.49,10,5.2,84.2,98.7,0.0,0,11,11
1536.06,5000,5,84,63,21,0,2,1,5,1,0,0,2,75.8,35,91.5,89.4,98.4,74.8,1127.82,854.89,11771.75,0.49,5,5.8,65.9,73.4,36.2,0,10,12
968.73,3778,4,127,73,0,0,3,1,2,0,0,0,1,70.6,2,48.9,74.4,95.1,70.1,40058.03,28280.97,461985.96,0.54,27,5.7,63.5,99.7,78.9,0,10,9
1057.82,2424,1,649,587,380,0,2,5,3,1,0,0,6,55.1,15,9.9,39.9,47.8,26.9,36740.67,20244.11,398663.54,0.66,21,3.0,18.8,40.5,0.0,1,9,13
857.01,1613,2,59,0,14,0,11,3,3,0,1,10,2,58.0,7,66.8,81.4,72.4,65.3,3016.68,1749.67,29787.72,0.38,16,5.8,57.6,65.0,0.0,1,4,9
486.84,1285,1,646,210,42,0,10,3,8,1,1,8,4,56.5,3,43.9,26.4,13.9,14.7,3259.22,1841.46,48059.23,0.54,24,3.0,13.1,59.9,0.0,1,4,6
871.78,1098,3,57,86,3,0,3,3,4,1,1,6,2,70.0,34,53.9,61.3,88.3,32.5,1961.14,1372.8,32512.63,0.51,24,5.7,55.3,87.7,0.0,0,10,3
386.22,1391,5,150,46,23,0,1,1,0,1,1,11,2,94.4,0,70.9,79.0,65.2,63.5,4382.23,4136.83,16733.54,0.47,23,6.3,88.9,87.5,37.4,0,2,3
608.39,2075,1,1012,271,314,0,2,3,7,0,1,11,2,77.0,15,27.8,48.4,29.6,20.9,11225.8,8643.87,63708.75,0.75,9,2.9,20.7,60.1,0.0,1,1,13
1357.05,1059,4,12,16,29,0,12,1,7,1,1,2,2,75.5,27,97.8,90.9,87.9,93.8,50148.2,37861.89,573301.54,0.45,3,4.7,65.0,71.9,57.1,1,9,5
1449.7,1176,3,694,307,314,0,11,4,7,0,1,6,0,65.5,31,22.9,22.6,24.6,9.1,44047.7,28851.24,575772.2,0.48,11,2.3,38.1,36.0,0.0,1,12,11
438.31,301,3,1034,419,336,0,12,2,3,0,1,11,2,54.2,30,56.4,34.0,26.9,6.8,16051.28,8699.79,114469.04,0.4,8,3.4,59.0,41.3,0.0,1,9,11
1441.39,4389,2,833,540,336,1,11,2,5,1,1,14,2,34.8,20,55.4,37.4,44.6,3.7,71478.71,24874.59,1165765.55,0.76,33,2.6,19.9,24.8,0.0,1,5,13
703.39,1560,2,93,70,28,0,3,3,4,0,1,7,2,91.8,0,55.3,77.2,56.7,21.8,11902.68,10926.66,117376.81,0.48,4,6.2,79.4,95.8,0.0,1,7,11
1631.5,2841,5,664,583,334,0,5,1,3,1,1,6,2,60.7,3,63.7,88.6,48.2,63.3,18767.83,11392.07,299187.6,0.42,8,4.6,26.5,69.8,42.1,1,2,3
423.11,1496,5,120,35,2,0,6,4,2,1,1,7,0,95.2,0,75.2,57.6,71.2,82.9,18670.31,17774.14,180514.38,0.39,4,5.5,99.3,69.5,67.3,0,9,7
1278.75,4680,5,10,84,50,0,8,3,1,0,0,0,1,56.1,34,76.1,64.7,65.5,75.8,20619.65,11567.62,41359.45,0.75,11,6.2,93.5,67.7,63.7,0,0,4
189.82,343,4,19,51,36,0,1,1,2,1,0,0,2,90.4,0,75.9,82.3,87.4,56.0,986.49,891.79,16408.9,0.61,11,7.5,73.5,77.5,80.1,0,13,10
1702.13,5000,1,540,145,165,0,11,4,3,0,0,0,8,64.4,24,1.0,60.9,41.6,3.0,17256.72,11113.33,213582.54,0.61,7,1.6,12.1,22.6,0.0,1,10,4
313.23,648,3,848,120,359,0,2,2,7,1,1,2,1,51.4,12,54.3,54.4,43.3,12.7,10603.41,5450.15,53275.03,0.64,20,2.1,13.2,24.1,0.0,1,1,1
395.36,449,4,179,14,56,0,2,1,3,1,0,0,2,88.4,0,74.8,96.2,48.3,77.7,13652.74,12069.02,199603.74,0.6,6,7.0,81.2,75.5,64.3,0,12,0
1510.3,5000,0,1198,476,318,0,6,3,8,1,1,2,6,57.2,7,56.5,59.5,44.6,36.3,19942.59,11407.16,328653.13,0.39,7,3.4,26.3,34.0,0.0,1,13,2
1656.25,4841,4,30,18,11,0,9,3,1,0,1,7,2,77.9,35,94.9,70.7,81.0,64.5,30267.62,23578.48,567167.64,0.52,17,5.7,69.2,67.6,79.5,1,7,5
195.97,741,0,365,387,398,0,8,5,7,1,0,0,8,68.8,26,7.4,64.5,40.3,5.2,7922.79,5450.88,152368.47,0.34,9,2.7,37.0,41.8,0.0,1,6,5
829.06,2301,5,43,46,52,0,2,0,5,1,0,0,0,92.0,0,84.8,92.0,61.2,96.9,13640.79,12549.53,94439.22,0.47,12,6.8,88.4,93.2,60.0,0,14,2
727.12,2524,4,105,65,8,0,3,0,0,1,1,11,1,95.4,0,93.8,69.9,87.2,66.5,34940.77,33333.49,462132.67,0.34,4,5.5,87.7,88.4,60.3,1,10,2
1818.0,4985,3,87,61,39,0,3,3,1,0,0,0,2,96.3,0,69.1,65.0,83.2,25.8,11236.12,10820.38,210678.17,0.31,3,6.7,97.3,94.6,0.0,0,13,2
305.45,484,2,351,349,106,1,9,4,5,0,1,8,8,56.3,28,48.6,49.0,26.3,20.1,14521.81,8175.78,66607.32,0.45,16,2.9,25.7,34.8,0.0,1,12,11
1515.67,3694,4,122,0,19,0,7,1,3,1,0,0,1,66.8,15,73.2,78.7,73.1,69.0,29182.33,19493.8,81614.05,0.65,25,6.2,69.4,87.9,62.5,0,14,1
1434.98,2676,4,66,32,55,0,6,1,2,0,1,6,2,56.8,9,45.7,84.5,71.4,50.8,28255.68,16049.23,197578.78,0.54,7,5.2,81.9,97.3,52.9,1,11,8
1368.63,2420,0,511,85,212,0,2,1,5,1,1,5,2,96.6,0,49.9,36.6,37.7,9.1,21111.98,20394.17,270100.47,0.69,34,3.7,50.7,55.8,0.0,1,13,1
235.63,590,2,51,27,28,0,0,1,1,0,0,0,0,72.8,15,70.9,77.1,60.9,72.3,3867.61,2815.62,46494.32,0.81,26,4.6,64.3,64.7,0.0,0,0,1
922.36,2795,3,375,520,138,0,2,1,3,0,1,1,0,70.1,27,51.6,64.1,25.9,4.8,44613.78,31274.26,721582.66,0.5,6,3.4,52.9,45.2,0.0,1,4,3
1581.94,4105,5,178,51,58,0,2,0,0,1,1,5,2,89.0,0,78.6,99.9,68.7,94.4,43317.45,38552.53,857411.19,0.4,6,5.4,66.9,99.9,63.9,0,2,12
706.21,733,3,106,71,52,0,0,2,4,0,1,14,1,87.5,0,68.1,85.7,71.1,25.7,24449.15,21393.01,368668.86,0.74,20,5.8,79.9,85.0,0.0,0,11,1
421.1,1467,3,102,46,22,0,7,3,3,1,0,0,1,78.8,12,69.3,75.8,73.6,24.3,17583.34,13855.67,132838.11,0.42,18,5.9,64.9,92.6,0.0,0,3,5
388.02,1019,2,88,39,37,0,1,2,5,1,0,0,1,55.7,2,42.0,58.4,57.3,31.9,18859.75,10504.88,207250.63,0.41,3,6.0,82.2,63.5,0.0,0,11,12
1409.55,796,3,1035,646,129,0,9,5,7,1,0,0,1,67.1,31,13.5,48.1,11.2,18.1,68929.12,46251.44,862482.5,0.46,3,3.7,32.9,41.6,0.0,1,2,12
1822.79,4869,2,95,15,54,0,7,0,4,1,0,0,2,68.2,29,77.1,62.1,93.2,25.8,87987.22,60007.28,1246487.9,0.42,6,6.0,73.6,92.7,0.0,1,10,12
74.69,235,1,931,277,209,0,11,3,8,0,0,0,3,66.5,33,22.7,63.4,48.8,2.0,1452.17,965.69,6835.15,0.66,23,3.4,39.7,60.4,0.0,1,5,4
533.83,1093,3,74,81,47,0,5,0,2,0,0,0,2,90.5,0,54.3,93.4,94.9,34.5,13351.18,12082.82,171019.06,0.3,6,8.1,78.6,75.9,0.0,0,12,11
1110.16,4214,0,597,251,264,0,11,2,7,0,1,1,5,23.8,14,11.9,41.7,51.6,12.1,41238.54,9814.77,114321.02,0.55,3,2.4,20.5,68.4,0.0,1,1,3
1677.67,2683,4,111,25,47,0,6,1,5,1,0,0,0,70.4,34,53.8,79.0,79.7,71.4,58277.25,41027.18,1163241.85,0.56,16,7.4,56.7,68.7,94.3,0,0,3
1566.21,4668,2,325,172,150,1,9,5,5,0,1,14,0,52.7,6,41.3,46.4,29.6,23.7,36560.75,19267.52,445458.61,0.41,15,2.7,53.2,21.1,0.0,1,12,5
424.7,719,3,1053,402,152,0,10,4,2,0,0,0,2,34.6,12,45.6,16.4,28.2,25.5,19433.41,6723.96,228372.25,0.67,10,3.2,54.2,40.0,0.0,1,9,8
1044.23,1609,2,135,88,17,0,0,2,0,1,0,0,0,95.5,0,54.9,73.5,72.5,57.7,39487.41,37710.48,679594.15,0.42,2,6.6,56.8,61.4,0.0,1,14,7
1612.03,2092,3,132,79,42,0,6,3,1,0,0,0,1,60.7,22,79.6,86.1,45.4,56.9,15898.71,9650.52,279875.87,0.41,15,4.5,90.4,92.1,0.0,0,9,11
1896.59,5000,2,982,701,362,1,2,4,6,0,0,0,5,69.8,14,1.4,64.8,53.7,6.2,59090.22,41244.97,949123.8,0.5,14,1.9,11.9,26.5,0.0,1,11,8
1820.96,3193,1,424,534,179,0,2,2,3,0,1,1,3,11.8,8,48.2,28.8,45.8,34.7,57512.83,6786.51,484895.66,0.37,9,1.6,16.4,23.9,0.0,1,3,7
605.41,2155,3,1005,514,221,0,10,3,3,1,1,4,0,64.6,23,17.8,29.4,30.2,10.8,21780.33,14070.09,293719.2,0.47,17,2.9,52.9,46.8,0.0,1,3,0
713.3,2745,0,589,406,286,0,3,3,2,0,1,6,5,48.8,27,46.4,54.2,39.8,23.0,26058.69,12716.64,451937.3,0.7,16,2.1,32.7,25.2,0.0,1,10,4
1691.39,5000,2,811,429,98,1,8,5,4,1,1,5,1,70.4,19,2.5,60.9,11.2,14.7,28695.69,20201.77,321220.52,0.45,16,3.9,43.2,42.3,0.0,1,13,2
743.02,2658,5,25,2,26,0,7,0,2,1,1,8,0,92.6,0,84.2,91.6,58.7,94.6,22433.52,20773.44,159631.38,0.65,26,6.6,75.8,70.6,88.8,1,12,8
239.24,395,2,49,38,52,0,0,3,1,1,1,1,0,88.8,0,65.9,66.9,85.4,49.4,8166.99,7252.29,74739.51,0.34,3,6.5,71.6,64.5,0.0,1,11,11
1113.59,3637,3,62,71,50,0,1,3,5,1,0,0,1,94.4,0,61.8,74.6,55.3,49.0,54055.57,51028.46,851765.36,0.45,3,6.0,82.6,90.3,0.0,0,1,3
163.52,132,3,184,460,309,0,5,2,4,1,0,0,8,29.3,11,5.6,50.9,30.6,34.8,5490.57,1608.74,52512.97,0.7,26,3.6,27.5,54.0,0.0,1,2,13
1683.23,1862,2,57,63,60,0,6,1,5,1,1,1,2,85.4,0,81.2,88.0,83.9,60.1,20522.12,17525.89,248097.92,0.47,7,6.8,57.8,81.3,0.0,1,13,12
867.39,1188,5,121,23,35,0,4,3,5,0,0,0,2,87.0,0,72.6,68.5,83.5,57.4,35476.7,30864.73,266968.32,0.65,13,4.9,63.7,87.4,40.8,0,8,8
1387.65,2997,1,775,684,108,0,6,4,6,0,1,10,2,28.7,34,26.8,19.4,52.0,13.2,30721.93,8817.19,233398.9,0.51,22,1.9,41.3,59.6,0.0,1,13,8
839.51,3346,3,78,85,49,0,2,1,3,1,0,0,0,83.1,0,72.3,92.8,76.7,28.2,37957.72,31542.87,230707.61,0.36,12,6.3,67.1,99.2,0.0,1,5,5
1005.38,683,4,127,83,30,0,12,4,1,1,1,10,1,84.3,0,94.8,69.6,87.7,52.7,18048.39,15214.79,57896.88,0.63,18,5.3,84.3,70.4,46.6,1,1,8
1924.45,3354,0,845,526,366,0,9,3,4,0,0,0,2,52.1,19,9.1,64.0,33.0,13.0,61125.96,31846.63,224233.8,0.54,14,3.9,11.1,37.0,0.0,1,13,7
1977.84,5000,0,661,665,69,0,4,4,4,0,0,0,8,62.1,31,53.9,35.5,54.8,21.9,1142.02,709.19,3117.75,0.57,21,3.8,46.8,44.6,0.0,1,14,3
1162.86,3701,4,65,14,57,0,6,0,4,1,0,0,1,92.4,0,68.4,86.6,64.3,91.1,3157.15,2917.21,59856.95,0.58,20,6.0,88.4,74.7,44.4,1,14,4
681.61,2573,0,457,314,212,0,9,3,7,0,1,8,3,68.0,10,2.6,27.3,37.4,14.1,29218.4,19868.51,150755.51,0.41,4,3.8,27.0,21.1,0.0,1,4,3
1350.53,2590,3,175,623,76,0,12,4,1,0,0,0,2,37.3,21,6.8,15.4,53.2,12.8,64647.38,24113.47,1028334.57,0.69,6,3.2,52.5,42.7,0.0,1,3,6
1521.68,5000,4,58,56,47,0,7,0,0,0,0,0,1,76.5,21,98.1,94.2,68.0,85.3,17874.42,13673.93,83335.94,0.39,18,6.4,78.8,73.4,97.2,1,8,7
649.37,1017,3,70,53,52,0,3,1,3,0,0,0,0,52.5,15,51.4,72.6,65.1,62.5,12163.4,6385.78,90590.46,0.49,3,4.6,79.3,71.3,0.0,0,14,0
26.39,102,5,174,11,38,0,3,3,4,1,1,14,0,67.1,11,73.1,85.6,89.3,68.7,704.47,472.7,7166.04,0.49,13,4.8,59.2,98.1,45.4,0,13,3
1785.5,4577,2,704,88,201,1,6,4,6,0,0,0,8,21.4,5,29.3,25.6,50.0,28.2,71725.23,15349.2,525622.22,0.6,16,3.8,38.5,66.6,0.0,1,0,0
940.6,3369,5,141,15,0,0,6,0,0,1,1,12,0,72.5,11,64.6,89.2,98.8,87.0,1698.99,1231.77,21941.69,0.71,13,5.2,81.4,62.7,48.1,0,10,14
1382.14,3916,4,160,10,49,0,9,1,7,1,1,14,2,83.3,0,71.4,75.9,72.0,75.3,60961.49,50780.92,232264.54,0.59,18,5.2,88.1,96.4,49.9,1,10,8
228.58,588,3,100,67,30,0,7,2,3,0,1,14,0,98.5,0,62.1,65.8,96.0,41.4,4916.43,4842.68,75939.85,0.68,25,5.9,63.5,81.7,0.0,0,12,6
905.0,1208,0,453,540,325,0,11,5,1,0,0,0,5,49.3,20,13.0,26.8,27.4,33.7,27852.18,13731.12,86577.84,0.56,11,2.1,16.2,39.1,0.0,1,2,8
429.71,329,3,94,29,16,0,7,2,1,1,0,0,0,52.0,26,71.8,78.2,85.6,45.4,3866.27,2010.46,17179.87,0.46,18,6.1,76.6,65.0,0.0,1,14,5
465.36,1818,2,989,726,318,1,5,5,1,0,1,4,1,36.4,30,30.6,31.8,52.0,12.7,22471.81,8179.74,325145.02,0.4,14,3.1,13.9,35.0,0.0,1,13,11
157.6,459,4,125,48,56,0,2,2,7,1,1,10,0,95.0,0,67.6,57.3,59.9,59.3,4851.66,4609.08,26914.22,0.4,12,4.9,92.2,78.4,30.3,1,3,2
535.71,466,3,39,35,39,0,5,3,1,1,1,5,0,92.9,0,86.8,81.7,59.3,26.4,14178.26,13171.6,46477.26,0.43,19,5.2,95.2,84.9,0.0,0,14,5
1059.7,3484,2,420,481,121,1,2,1,5,0,1,2,5,53.0,3,51.3,30.0,26.6,33.3,18066.82,9575.41,141282.87,0.42,6,1.6,58.1,61.5,0.0,1,1,9
982.93,3450,0,193,543,213,0,7,3,4,1,1,5,3,26.6,25,54.8,60.9,46.1,37.1,26059.17,6931.74,514279.95,0.41,16,4.5,15.4,29.5,0.0,1,2,0
217.85,366,3,65,15,4,0,7,3,7,1,0,0,2,66.9,17,79.9,58.9,85.3,43.5,7989.77,5345.16,17753.23,0.72,30,5.8,69.8,77.2,0.0,1,2,1
345.02,244,4,138,20,25,0,1,2,0,0,0,0,1,79.6,11,45.1,81.3,51.4,64.2,12999.82,10347.86,76636.33,0.4,11,6.4,95.6,83.2,83.2,1,4,11
903.2,3265,4,169,51,24,0,8,3,0,1,0,0,2,82.3,0,82.1,74.6,98.9,84.6,7018.17,5775.95,37611.21,0.76,9,5.7,75.6,86.7,98.0,0,7,13
1592.81,4806,1,683,234,231,0,8,5,5,0,1,2,0,59.5,34,18.9,21.9,14.6,37.4,77499.56,46112.24,1169529.51,0.31,6,2.6,33.8,24.1,0.0,1,1,2
322.06,766,3,963,608,98,0,12,5,8,1,1,8,1,69.2,20,46.4,46.0,42.9,12.1,15646.12,10827.12,228658.66,0.63,22,3.2,13.8,42.4,0.0,1,8,10
1709.67,966,3,799,247,278,0,7,3,2,0,0,0,7,68.0,10,17.0,38.1,53.9,17.5,69473.69,47242.11,1375452.35,0.72,12,3.3,59.9,41.7,0.0,1,7,13
211.28,513,3,1146,726,148,0,9,5,1,0,0,0,3,64.5,13,58.2,46.3,45.0,11.0,6911.04,4457.62,42713.57,0.5,17,3.6,14.0,50.7,0.0,1,9,5
1303.35,2105,4,154,0,26,0,7,2,4,1,0,0,0,67.3,31,99.0,99.8,45.2,80.5,51771.99,34842.55,475835.2,0.56,19,5.4,86.7,76.6,80.0,0,14,0
1107.13,3420,2,99,78,26,0,2,3,7,0,1,15,1,79.1,22,46.0,91.8,90.3,32.5,38299.88,30295.21,152250.05,0.52,5,4.0,77.4,73.7,0.0,0,11,3
1885.85,3155,5,20,64,33,0,6,3,1,1,1,4,1,94.1,0,94.3,61.3,59.3,94.2,78055.2,73449.94,398456.56,0.65,25,5.5,58.6,62.5,91.7,0,12,14
1484.74,5000,2,32,27,15,0,3,3,1,1,1,14,0,53.5,11,66.5,69.3,77.0,34.3,73356.88,39245.93,1332012.84,0.58,21,5.7,57.4,77.3,0.0,0,14,12
1021.32,577,4,16,90,34,0,6,1,8,1,1,6,2,54.6,3,95.1,60.8,72.5,52.3,26688.01,14571.65,520556.87,0.29,13,5.0,75.1,91.7,42.5,1,9,2
379.48,603,0,224,464,98,0,2,3,5,0,1,4,1,65.3,7,42.6,33.1,49.2,4.4,2480.64,1619.86,19974.38,0.55,18,3.7,12.4,43.6,0.0,1,7,8
931.18,2606,5,135,70,8,0,8,3,5,1,0,0,0,85.5,0,88.0,82.0,86.7,71.9,17569.26,15021.72,55241.58,0.4,13,6.8,90.5,84.3,63.4,1,8,11
553.45,503,2,147,35,2,0,7,1,5,1,0,0,2,70.5,33,88.5,58.8,85.5,21.8,26627.09,18772.1,330636.6,0.38,9,6.4,66.2,85.3,0.0,0,6,11
1276.93,1704,2,153,383,355,0,12,5,4,1,1,6,4,59.6,13,46.0,44.2,30.2,20.7,54203.48,32305.27,982996.21,0.58,4,3.2,13.7,37.8,0.0,1,13,4
1512.74,4323,3,37,82,48,0,8,1,0,1,0,0,0,72.5,34,82.5,85.5,70.1,64.4,34866.88,25278.49,157496.74,0.43,9,5.4,82.8,79.8,0.0,0,0,11
1077.14,597,1,977,339,270,0,8,3,5,0,1,15,0,67.2,20,33.1,35.4,13.7,12.0,51042.69,34300.69,559232.49,0.42,17,2.8,14.1,60.3,0.0,1,14,2
1387.41,3896,2,64,76,38,0,7,2,0,1,0,0,1,62.2,20,90.4,84.7,87.5,35.6,66658.2,41461.4,749349.83,0.62,21,5.4,94.5,80.0,0.0,1,8,13
246.82,926,5,105,88,17,0,6,3,2,0,1,9,1,88.4,0,57.3,61.1,49.6,58.3,4609.75,4075.02,15913.45,0.48,3,4.0,65.9,90.4,47.6,1,11,5
664.55,1215,2,173,75,2,0,1,0,3,0,0,0,2,57.7,8,44.4,70.1,51.0,20.7,3702.74,2136.48,56526.39,0.51,9,5.2,71.2,65.1,0.0,0,8,12
1509.47,5000,3,115,34,9,0,5,2,0,1,0,0,1,88.7,0,47.2,92.5,51.0,52.0,64341.79,57071.17,510237.31,0.34,8,5.9,73.1,65.1,0.0,1,6,11
370.03,433,2,96,65,57,0,5,1,3,0,0,0,2,61.5,23,70.7,86.2,97.2,39.0,16172.71,9946.22,240800.11,0.38,15,6.8,83.4,78.0,0.0,1,2,2
987.22,2160,5,155,1,51,0,0,3,4,1,0,0,2,69.5,16,42.0,74.2,89.4,96.2,19560.43,13594.5,231479.31,0.31,14,5.7,71.4,68.3,60.1,0,0,2
283.73,163,1,379,647,83,0,8,1,5,1,1,3,5,25.2,23,43.9,45.2,12.0,18.7,6326.56,1594.29,28974.57,0.69,19,3.2,45.3,34.8,0.0,1,12,6
1957.17,5000,3,119,19,47,0,8,2,3,0,0,0,2,75.4,34,55.5,67.0,53.5,55.5,26612.56,20065.87,251608.73,0.5,12,6.0,95.3,88.5,0.0,1,0,10
1420.71,2141,1,526,84,168,0,12,3,4,1,0,0,2,36.4,7,31.7,21.6,16.5,15.8,47523.03,17298.38,205686.88,0.7,23,3.0,45.5,58.3,0.0,1,13,1
758.66,1719,3,687,98,256,0,11,2,6,1,0,0,5,10.4,9,42.4,55.2,33.9,23.5,6752.49,702.26,128524.18,0.63,31,3.2,49.0,65.0,0.0,1,10,14
1640.74,5000,2,20,44,44,0,2,0,3,0,0,0,0,85.8,0,71.2,64.7,68.0,20.1,36638.74,31436.04,182182.93,0.37,16,6.4,78.5,98.3,0.0,0,3,5
955.42,850,3,69,60,47,0,5,0,1,1,1,9,2,78.0,5,73.4,65.0,81.6,26.3,6634.29,5174.75,70151.09,0.41,9,6.8,69.0,73.6,0.0,0,1,3
1053.34,2045,2,801,594,349,1,4,1,6,0,1,1,7,19.0,2,33.6,46.4,13.8,22.8,40801.2,7752.23,178108.99,0.52,13,3.2,35.8,43.2,0.0,1,0,8
1053.92,736,2,22,28,43,0,4,0,5,1,1,10,1,96.9,0,67.9,55.5,97.5,52.8,26278.9,25464.25,217901.34,0.46,16,5.1,79.4,98.0,0.0,1,11,5
356.07,487,3,20,88,16,0,3,3,4,0,1,7,0,72.3,33,65.8,70.3,74.7,59.1,4943.79,3574.36,68809.35,0.46,22,5.8,95.8,65.8,0.0,1,3,2
217.71,706,2,1181,583,107,1,8,5,5,0,0,0,6,36.9,3,26.5,59.7,35.2,24.8,10430.04,3848.68,37013.87,0.45,14,2.6,58.9,34.5,0.0,1,12,3
948.06,714,5,149,31,32,0,2,2,3,0,0,0,0,71.6,18,61.4,85.1,73.7,50.1,2317.28,1659.17,30840.2,0.36,9,5.8,92.7,74.9,91.5,0,6,5
1338.12,5000,3,11,19,9,0,2,0,2,0,0,0,1,88.8,0,47.1,71.4,94.0,47.5,34181.47,30353.15,422822.41,0.48,5,6.4,86.8,67.3,0.0,1,8,5
429.65,1197,3,42,43,28,0,12,4,6,1,0,0,0,60.1,18,44.4,96.0,58.5,46.0,20125.86,12095.64,136964.86,0.76,32,6.2,94.0,92.1,0.0,1,4,4
1663.97,5000,3,109,36,29,0,9,3,2,1,0,0,0,89.2,0,84.0,58.6,92.7,59.6,53293.67,47537.95,919678.03,0.68,25,5.9,74.6,95.0,0.0,0,5,13
1667.51,3384,2,74,80,11,0,5,1,5,0,1,13,2,86.2,0,58.5,67.3,71.9,56.3,42151.67,36334.74,215655.41,0.42,8,6.5,58.7,66.4,0.0,1,2,12
631.52,2051,5,126,44,24,0,8,2,3,1,0,0,0,60.6,9,79.7,55.3,84.5,53.6,26263.25,15915.53,367726.7,0.36,12,7.2,72.6,71.9,76.7,1,10,9
1307.55,2903,3,897,317,253,0,8,4,6,0,0,0,7,55.1,26,55.9,55.8,42.4,5.0,33024.31,18196.39,504382.1,0.69,31,1.5,25.5,64.0,0.0,1,1,1
1188.6,2679,1,1188,681,101,0,2,4,4,1,1,5,4,18.5,1,25.9,49.3,34.9,25.8,25999.23,4809.86,372836.24,0.29,8,3.4,25.3,63.0,0.0,1,9,2
1394.11,5000,2,605,470,231,1,12,1,6,1,1,14,0,63.8,7,55.3,55.0,32.9,13.7,35073.8,22377.08,304705.47,0.52,14,2.3,15.2,23.7,0.0,1,13,12
1875.23,5000,1,506,502,102,0,8,5,6,1,1,9,7,52.8,6,39.4,31.4,53.6,28.4,70049.61,36986.19,691567.28,0.55,18,2.7,26.4,54.1,0.0,1,1,6
867.17,1234,5,144,17,3,0,8,2,0,1,0,0,2,73.5,11,75.5,72.7,93.7,74.3,25753.05,18928.49,140156.02,0.5,21,6.7,59.1,95.1,38.5,0,3,0
1712.84,5000,0,651,645,48,0,7,1,7,1,0,0,3,42.4,30,9.5,60.8,15.6,6.9,26694.49,11318.46,527270.05,0.67,32,1.7,14.7,36.8,0.0,1,12,1
267.3,253,4,50,8,48,0,8,2,2,0,0,0,1,50.7,4,78.6,69.1,96.9,76.5,2642.66,1339.83,50382.82,0.36,7,6.7,98.0,84.0,89.5,1,6,7
543.31,846,3,1062,192,212,0,7,2,4,1,1,15,2,50.6,31,5.8,42.9,20.6,19.6,9808.19,4962.94,65034.1,0.4,13,2.0,33.8,31.3,0.0,1,10,5
682.47,1973,2,63,7,41,0,3,3,4,1,0,0,2,80.4,0,50.8,86.9,90.8,58.2,19576.65,15739.63,193024.85,0.57,22,6.1,94.8,80.2,0.0,0,5,8
1729.78,2203,2,83,59,59,0,7,3,2,1,0,0,1,57.4,29,60.8,65.9,83.3,67.4,8534.43,4898.76,161534.78,0.39,6,3.9,86.8,94.3,0.0,1,11,7
787.63,1193,1,428,534,289,0,2,1,8,1,1,13,2,90.4,0,65.1,59.2,16.6,15.9,19896.46,17986.4,154088.57,0.69,5,5.0,55.1,66.0,0.0,1,2,13
440.0,241,2,914,398,178,1,9,4,7,0,0,0,6,22.7,9,20.5,51.5,29.1,4.8,3828.91,869.16,53012.26,0.79,36,1.7,23.7,41.1,0.0,1,8,13
1712.06,4022,0,1144,381,239,0,9,2,8,0,0,0,5,27.8,27,44.1,31.6,30.9,15.8,58027.97,16131.78,491007.0,0.68,19,3.1,26.4,40.6,0.0,0,14,14
368.76,1272,5,160,45,9,0,6,3,4,1,0,0,2,54.4,11,51.0,94.9,62.9,72.7,2565.78,1395.78,27515.71,0.45,9,4.1,97.1,72.3,33.7,1,1,3
37.2,120,4,155,11,21,0,5,0,1,1,0,0,1,94.6,0,80.3,82.3,54.1,77.8,65.7,62.15,1083.7,0.49,23,6.7,63.9,62.2,81.8,1,10,7
1902.01,3868,4,63,87,37,0,6,0,4,1,0,0,1,99.0,0,62.6,68.9,75.9,57.9,65186.99,64535.12,548069.92,0.43,16,6.9,63.1,91.5,77.1,0,7,2
898.61,3011,4,129,7,6,0,2,3,5,0,0,0,1,85.9,0,92.9,96.5,90.1,84.0,11717.07,10064.96,76457.4,0.5,16,6.2,57.1,64.0,98.3,0,10,5
775.3,2392,2,260,311,317,1,6,1,7,1,0,0,7,66.6,11,16.3,27.5,50.2,24.9,12822.27,8539.63,210285.71,0.65,15,2.3,58.8,31.4,0.0,1,9,13
940.49,2397,0,413,62,108,0,11,5,1,0,0,0,3,39.6,32,36.1,54.3,38.4,3.1,10482.26,4150.97,115526.41,0.65,3,1.3,22.0,25.0,0.0,1,6,4
585.72,302,4,164,23,0,0,0,0,1,0,1,8,0,59.2,8,73.0,96.2,71.6,54.9,22712.77,13445.96,244099.62,0.4,16,5.9,55.4,60.2,36.8,0,14,9
1642.55,1822,4,82,9,28,0,3,3,5,1,1,4,1,99.6,0,87.0,78.0,87.8,71.8,10193.36,10152.59,105741.13,0.61,30,5.6,55.5,79.3,64.6,1,3,8
24.29,86,1,454,674,112,0,2,3,2,0,1,11,1,20.7,14,10.1,34.0,40.7,21.9,179.07,37.07,2730.55,0.67,33,2.1,28.0,52.8,0.0,1,0,13
1060.62,3891,5,129,14,12,0,8,0,5,1,0,0,1,84.0,0,46.1,89.1,67.0,76.9,39215.7,32941.19,751197.48,0.62,15,4.6,77.8,95.0,79.0,1,2,1
1614.8,5000,2,180,9,26,0,8,2,3,1,0,0,1,97.3,0,40.7,90.6,49.3,39.3,26364.16,25652.33,303111.9,0.55,8,5.6,96.8,77.9,0.0,1,4,10
1453.52,5000,1,994,569,310,0,2,1,8,0,1,11,4,59.8,22,56.0,26.6,24.7,9.7,52896.02,31631.82,628032.45,0.59,7,3.6,55.4,26.5,0.0,1,9,8
1070.66,808,0,1033,139,314,0,6,4,7,0,1,1,0,65.1,26,18.9,18.3,31.1,10.9,19171.63,12480.73,318554.66,0.43,13,4.0,30.3,29.8,0.0,1,6,9
55.35,150,5,137,42,25,0,1,2,3,1,1,4,2,99.1,0,71.3,81.0,95.3,73.2,1167.7,1157.19,3832.49,0.55,7,4.9,88.2,63.9,32.5,1,14,12
262.23,271,3,48,41,50,0,7,1,2,0,1,12,1,97.9,0,58.3,77.7,53.9,58.2,8494.8,8316.41,44908.19,0.55,22,5.6,65.6,88.4,0.0,0,4,6
682.2,1469,3,676,375,207,0,11,5,5,1,1,12,1,51.5,16,34.5,35.0,29.1,5.4,15703.0,8087.05,196910.14,0.37,11,3.8,16.5,32.0,0.0,1,14,5
670.31,2635,4,25,31,55,0,8,2,3,0,1,5,0,97.0,0,77.8,57.5,50.7,54.6,13552.8,13146.22,74979.69,0.66,17,4.4,73.7,76.0,82.0,1,4,8
729.32,2193,2,690,649,183,1,7,3,6,1,0,0,4,22.2,19,56.0,19.2,14.7,19.1,10791.41,2395.69,170240.6,0.37,14,2.8,19.0,51.3,0.0,1,2,7
549.86,1220,3,857,279,363,0,5,3,2,1,0,0,6,27.3,33,59.4,23.7,29.8,14.4,23520.99,6421.23,72933.77,0.56,6,2.4,13.8,46.5,0.0,1,3,6
347.18,567,4,62,21,46,0,7,3,5,1,1,12,2,54.6,17,64.3,68.5,97.3,53.6,4790.47,2615.6,45431.52,0.46,19,5.5,56.2,92.4,68.7,0,11,3
1040.15,2307,0,310,69,56,0,7,5,6,1,0,0,6,30.3,28,4.7,53.6,29.7,0.1,37959.01,11501.58,206428.49,0.4,2,3.4,19.4,69.1,0.0,1,11,5
124.86,233,4,51,64,41,0,6,3,0,0,0,0,2,77.4,10,62.3,93.3,79.0,82.4,1829.56,1416.08,12822.95,0.57,11,6.3,76.4,93.7,66.8,0,13,14
1481.04,4414,3,17,75,27,0,7,1,3,1,0,0,1,83.0,0,81.9,64.6,86.4,48.7,35140.38,29166.52,589455.39,0.53,9,5.7,55.7,72.5,0.0,1,0,0
1544.9,5000,5,168,80,58,0,7,5,7,1,1,4,1,98.7,0,66.0,56.1,52.3,71.3,1925.53,1900.5,25249.92,0.36,8,5.4,96.3,60.7,61.6,0,1,5
762.48,2618,4,71,51,52,0,3,2,2,1,1,1,0,92.7,0,60.7,68.2,72.6,82.0,18144.1,16819.58,184286.4,0.77,32,4.9,75.1,95.8,89.9,0,14,1
1598.81,2772,0,258,666,348,0,8,4,6,1,1,2,2,20.2,22,56.3,52.2,47.3,30.9,68235.54,13783.58,1182830.52,0.49,22,3.4,23.7,54.3,0.0,1,9,3
1900.67,4700,2,42,73,4,0,3,3,7,0,1,4,2,75.9,18,42.3,55.0,75.8,53.9,31045.55,23563.57,558849.83,0.39,19,5.1,86.8,68.1,0.0,0,11,7
266.03,537,5,144,67,12,0,1,0,3,1,1,9,1,57.0,26,87.4,64.2,93.7,57.2,2497.52,1423.59,22185.86,0.42,18,6.2,84.7,87.7,32.7,0,13,7
1607.73,2106,1,268,76,400,0,2,2,1,0,1,5,1,41.7,20,15.0,47.6,48.9,29.2,55250.6,23039.5,176948.52,0.74,22,2.7,56.6,44.9,0.0,1,11,1
700.44,1161,1,871,111,157,0,3,1,6,1,1,15,8,16.6,22,48.4,49.8,19.1,14.9,8499.45,1410.91,24543.8,0.64,8,1.6,19.4,67.3,0.0,1,2,14
1572.0,3341,2,86,80,15,0,3,3,8,0,1,7,0,90.0,0,65.4,72.3,60.5,46.2,9140.3,8226.27,172319.34,0.82,18,4.9,88.1,70.2,0.0,0,1,1
876.38,1441,5,38,58,56,0,11,2,3,0,1,3,2,51.7,15,84.4,89.9,64.9,76.9,23461.33,12129.51,370623.07,0.44,4,5.0,92.2,83.6,92.5,1,2,5
1170.03,1869,2,104,33,16,0,0,0,1,0,0,0,1,99.9,0,66.0,89.5,52.9,78.7,51485.33,51433.84,786358.61,0.38,14,5.4,77.2,60.4,0.0,0,0,11
754.62,2857,4,180,7,2,0,2,0,3,0,0,0,0,71.2,10,85.5,97.9,94.7,95.0,1589.51,1131.73,21354.15,0.37,18,6.6,85.3,64.2,36.4,1,14,5
703.35,1148,4,33,62,47,0,2,3,5,1,0,0,2,59.0,33,82.7,85.0,56.1,52.6,31939.02,18844.02,288815.21,0.51,4,5.7,76.1,87.7,74.6,1,5,5
482.83,1820,4,116,26,25,0,3,2,3,1,1,11,0,67.1,24,58.8,86.3,51.4,56.6,21902.04,14696.27,410880.38,0.62,17,4.6,58.0,65.1,91.7,1,7,14
1161.57,2830,4,51,7,22,0,6,1,0,1,0,0,2,81.4,0,99.4,88.3,49.7,63.0,12360.09,10061.11,151691.22,0.51,8,4.9,91.6,89.3,57.4,1,3,9
225.64,421,2,798,596,270,1,12,1,7,0,0,0,1,44.2,33,51.7,27.2,54.8,0.2,8915.44,3940.62,45718.21,0.48,8,2.9,20.3,56.8,0.0,1,8,8
8.73,13,5,87,90,5,0,4,1,3,1,0,0,0,60.9,11,68.1,55.8,86.4,60.4,347.4,211.57,1490.99,0.42,10,7.9,60.2,80.6,90.1,1,8,2
662.38,1875,5,151,537,119,0,10,1,4,1,1,2,2,66.7,5,82.6,59.2,51.9,81.9,14229.9,9491.34,129184.6,0.68,29,4.0,35.4,52.5,40.3,1,0,13
103.25,114,2,792,219,157,1,3,2,8,0,1,1,3,39.4,14,20.7,49.4,40.0,38.1,1738.33,684.9,17608.07,0.52,23,2.1,12.7,40.1,0.0,1,4,6
587.76,1408,2,80,41,22,0,0,0,3,1,0,0,2,80.0,0,70.3,77.8,94.5,49.8,8098.28,6478.62,29206.98,0.53,5,7.0,74.8,93.6,0.0,0,11,10
541.44,2031,3,1073,387,205,0,12,3,7,1,1,14,2,43.8,36,51.4,44.0,23.3,34.5,2329.71,1020.41,41621.18,0.63,24,3.3,41.3,20.8,0.0,1,1,10
1441.92,4479,2,158,1,26,0,3,3,0,1,1,4,2,84.8,0,98.4,90.3,65.1,29.3,33530.25,28433.65,317572.74,0.39,9,6.0,56.5,81.2,0.0,0,12,3
1425.35,3459,1,998,77,81,0,9,2,5,0,0,0,2,50.6,28,23.8,38.8,54.0,20.1,70345.14,35594.64,615944.5,0.68,3,3.7,39.0,54.8,0.0,1,6,13
980.79,606,5,71,54,21,0,5,2,0,1,0,0,0,80.1,0,44.6,66.3,77.8,87.8,25613.79,20516.65,282956.72,0.49,3,7.1,64.6,63.8,98.7,1,12,12
1374.41,3398,2,28,5,28,0,9,1,1,1,1,14,0,89.0,0,63.2,92.4,78.5,78.0,63632.72,56633.12,643543.43,0.55,13,4.3,96.3,88.4,0.0,0,9,10
1938.99,4732,4,42,44,57,0,3,0,4,1,1,10,2,65.9,25,69.9,78.6,52.9,81.9,63812.02,42052.12,942827.82,0.41,3,4.9,81.2,61.7,79.1,0,12,9
630.46,1304,5,129,86,20,0,8,3,3,1,0,0,0,86.4,0,53.7,89.7,58.6,51.8,20062.15,17333.7,340355.1,0.45,17,6.5,95.3,93.5,95.8,0,11,2
1069.84,1608,5,12,81,35,0,11,2,7,0,0,0,0,76.4,33,51.8,65.7,83.0,62.1,9370.5,7159.06,19485.65,0.37,8,5.0,69.7,68.9,83.6,0,9,7
989.12,2547,2,986,514,36,1,4,5,6,0,0,0,8,43.2,9,45.8,58.7,12.7,20.1,37333.22,16127.95,199456.21,0.74,3,1.7,28.9,44.4,0.0,1,11,13
686.5,2458,5,101,29,54,0,4,2,2,1,0,0,1,78.8,27,68.6,66.6,65.0,72.2,10553.01,8315.77,174353.84,0.42,15,6.5,69.5,88.8,86.2,0,5,2
1638.77,2624,2,213,97,144,1,8,4,1,1,0,0,3,42.6,23,4.5,38.0,22.9,38.8,44996.54,19168.53,498205.62,0.66,5,3.0,23.0,36.2,0.0,1,3,1
1800.4,3274,0,784,522,308,0,6,3,6,0,0,0,8,44.7,16,18.0,63.6,26.2,28.9,76939.88,34392.13,1453718.1,0.65,19,2.3,10.4,52.0,0.0,1,0,14
1496.14,2788,3,65,53,48,0,4,3,0,1,0,0,2,95.5,0,62.7,97.1,97.7,32.5,41962.55,40074.24,575984.05,0.46,18,7.6,94.2,67.4,0.0,0,14,0
1903.09,1552,2,284,306,301,1,4,3,6,1,0,0,3,18.4,1,52.0,53.2,48.5,11.0,35623.6,6554.74,112557.59,0.48,7,3.0,54.4,65.8,0.0,1,0,3
1012.65,2034,5,138,12,26,0,5,3,3,1,0,0,2,50.5,29,74.8,89.0,97.3,82.7,5136.91,2594.14,23936.28,0.5,14,5.1,62.8,81.6,96.3,1,3,7
353.8,202,5,61,9,0,0,6,1,4,1,0,0,1,58.9,19,63.7,97.0,81.5,64.7,910.35,536.2,9507.34,0.43,6,6.4,65.6,68.3,95.6,1,9,2
1614.99,2161,5,55,48,21,0,8,2,3,1,0,0,0,61.4,7,43.7,97.8,50.4,76.2,29813.1,18305.24,230358.9,0.29,1,4.9,75.4,96.6,85.5,1,13,2
164.2,302,2,777,512,42,1,12,1,2,0,1,1,0,21.0,25,53.5,29.8,36.6,36.4,5926.51,1244.57,106924.57,0.65,15,1.8,30.8,51.3,0.0,1,9,1
701.55,2498,0,121,138,357,0,2,4,3,1,1,15,3,56.5,13,20.8,52.1,48.1,24.7,13368.52,7553.21,67387.4,0.47,2,3.2,56.5,21.5,0.0,1,13,9
1001.73,783,3,50,74,32,0,2,2,1,0,0,0,1,62.8,5,50.2,96.4,92.7,50.5,33796.31,21224.08,401491.25,0.57,26,5.3,81.4,100.0,0.0,1,8,6
1216.52,1316,2,578,297,152,1,11,1,3,0,0,0,0,38.6,15,59.2,21.8,43.7,14.6,45281.94,17478.83,227811.51,0.57,17,3.2,38.1,45.3,0.0,1,10,14
1194.27,3071,4,152,12,3,0,6,2,1,1,0,0,1,86.9,0,41.1,65.1,46.4,91.5,35522.08,30868.69,100972.98,0.36,2,5.8,88.9,70.9,86.8,0,2,11
979.01,848,0,500,70,375,0,9,3,6,1,0,0,4,25.4,15,34.1,49.6,31.2,15.8,33423.65,8489.61,370141.79,0.66,25,2.2,56.7,57.7,0.0,1,6,13
760.0,534,3,138,76,19,0,8,5,6,1,0,0,1,63.2,10,40.4,59.8,45.1,70.4,5374.38,3396.61,62356.84,0.71,31,4.4,64.7,69.9,0.0,1,6,14
1836.47,3609,4,175,19,39,0,7,2,1,1,0,0,0,60.9,7,65.6,73.0,73.8,66.9,45233.16,27546.99,812175.36,0.35,12,6.3,64.9,68.4,85.0,1,10,5
365.78,1214,2,647,526,50,1,9,3,4,1,0,0,4,52.3,2,5.6,27.7,46.4,26.9,12027.97,6290.63,209429.19,0.41,17,3.1,38.8,40.9,0.0,1,1,0
469.86,867,0,690,112,395,0,11,1,8,1,1,4,4,11.3,31,12.3,59.9,34.4,38.7,7532.65,851.19,99793.99,0.44,7,1.5,55.6,60.3,0.0,1,4,12
1178.45,2186,3,316,489,330,0,9,5,7,1,1,7,3,28.5,5,7.1,28.2,48.7,13.1,28417.76,8099.06,138583.01,0.65,26,4.1,52.0,28.3,0.0,1,5,8
1910.79,4851,1,216,536,282,0,7,2,5,1,1,11,8,27.5,23,40.6,43.0,25.1,8.6,86005.54,23651.52,486587.76,0.69,19,2.4,11.1,61.1,0.0,1,2,4
1493.96,2167,3,415,681,135,0,2,4,3,1,1,1,2,24.3,8,3.1,36.1,53.6,7.1,42293.85,10277.41,588350.44,0.65,15,2.2,47.1,32.9,0.0,1,7,4
1839.8,4013,3,180,71,41,0,5,3,0,1,0,0,2,91.2,0,59.3,67.4,85.3,74.6,77373.94,70565.03,604063.08,0.51,24,6.4,87.1,62.2,0.0,0,8,5
218.1,330,5,100,63,29,0,8,4,1,0,1,1,0,67.5,4,42.8,60.4,94.5,71.9,10803.65,7292.46,192998.96,0.7,35,5.4,59.6,77.2,78.2,1,8,4
1216.94,708,4,89,18,26,0,7,0,0,1,0,0,2,55.0,27,67.7,61.1,92.6,69.8,59884.33,32936.38,369990.67,0.29,10,6.2,67.3,79.3,73.4,1,12,2
874.49,502,0,366,291,32,0,11,4,1,0,1,12,2,67.5,12,63.6,57.9,21.6,32.6,31267.0,21105.23,278582.83,0.46,11,3.8,26.2,56.8,0.0,1,14,3
1404.04,5000,3,549,400,181,0,10,1,4,0,1,2,7,43.0,1,21.9,59.5,20.8,15.1,56750.65,24402.78,989200.04,0.77,35,2.6,27.8,61.6,0.0,1,1,1
21.76,84,5,177,43,24,0,2,1,2,0,0,0,0,78.1,35,69.6,90.9,60.9,78.1,653.6,510.46,11592.65,0.53,16,4.5,84.2,73.4,52.5,1,1,8
405.51,1448,2,26,67,43,0,4,2,3,1,0,0,0,91.8,0,50.4,91.1,59.7,45.4,3404.43,3125.27,18903.01,0.37,3,6.9,72.0,72.8,0.0,0,11,5
1582.78,5000,2,179,134,91,0,11,4,5,1,1,11,8,15.7,1,6.4,41.4,14.9,9.9,60966.59,9571.75,1162707.84,0.61,28,3.5,50.5,64.7,0.0,1,11,6
1032.4,3430,2,97,36,41,0,5,2,2,1,1,14,2,95.5,0,70.5,79.6,59.7,61.7,46161.31,44084.05,374084.62,0.55,27,4.5,78.3,92.9,0.0,0,7,7
824.81,1609,2,48,64,52,0,4,1,5,1,1,3,2,53.8,19,94.3,98.3,90.6,63.6,23520.37,12653.96,412808.38,0.38,5,4.3,91.4,84.9,0.0,0,13,11
1724.65,1759,4,135,50,19,0,1,3,4,1,1,14,1,87.3,0,62.2,98.6,64.5,81.6,18882.41,16484.34,134770.78,0.48,12,6.2,65.6,80.1,73.9,0,5,3
1864.48,5000,4,34,49,20,0,8,3,3,1,0,0,0,92.4,0,41.4,99.8,99.6,54.9,21012.18,19415.25,369716.19,0.57,15,6.0,79.5,64.7,78.5,0,0,6
546.23,1832,5,105,55,10,0,2,0,1,1,1,11,1,75.7,23,73.9,96.8,51.9,58.9,18234.82,13803.76,232717.14,0.51,17,5.3,61.2,76.6,45.3,1,6,7
1506.42,2568,5,137,11,42,0,2,0,0,0,0,0,2,91.1,0,86.7,56.5,94.8,71.0,42811.56,39001.33,365241.86,0.46,5,7.1,89.1,71.5,78.2,0,12,2
437.84,1674,3,616,715,312,0,8,4,3,1,1,9,6,60.3,28,58.0,57.8,38.7,30.0,15659.48,9442.67,58827.52,0.5,4,2.8,21.5,32.5,0.0,1,7,3
1572.77,4931,2,1098,191,367,1,4,3,3,0,1,15,4,18.5,21,12.7,26.3,37.7,18.2,20424.9,3778.61,204784.61,0.67,10,3.2,50.2,46.3,0.0,1,0,13
760.03,1793,3,104,42,53,0,4,3,4,1,0,0,2,74.5,33,92.4,62.9,88.1,38.7,28702.09,21383.06,86324.37,0.36,17,6.6,66.0,83.6,0.0,1,6,2
167.02,328,3,530,589,329,0,10,5,2,1,0,0,4,34.7,29,38.7,41.3,45.7,34.9,7273.98,2524.07,57175.13,0.74,33,1.9,16.8,68.6,0.0,1,2,13
179.33,265,5,128,72,35,0,5,2,5,1,0,0,1,56.9,13,70.3,90.2,65.8,73.9,5655.83,3218.17,26959.17,0.62,8,5.2,87.3,64.9,91.6,1,14,10
647.01,1055,0,633,68,374,0,2,5,6,1,1,10,0,43.9,26,26.7,46.6,45.3,20.6,15816.48,6943.43,83844.25,0.55,8,2.6,55.0,34.6,0.0,1,1,14
400.76,263,2,565,300,96,1,6,2,8,1,1,2,7,19.3,22,3.8,47.6,48.9,14.9,9077.63,1751.98,97249.64,0.61,12,3.0,29.4,61.6,0.0,1,2,14
1200.53,1679,2,133,84,9,0,6,0,3,1,0,0,2,94.8,0,77.7,94.0,46.6,43.6,42672.97,40453.98,402040.91,0.5,23,5.7,90.7,95.9,0.0,1,12,7
1314.58,1784,3,867,393,120,0,4,3,6,1,1,3,5,55.4,25,55.8,57.4,35.8,29.2,31536.99,17471.49,381100.82,0.47,3,2.6,36.1,31.2,0.0,1,5,10
1361.33,1100,4,110,56,21,0,6,1,2,1,0,0,2,60.2,26,80.2,65.6,87.4,61.1,59137.1,35600.53,158989.94,0.34,15,5.6,72.7,99.7,44.2,0,13,2
780.74,544,4,60,26,59,0,1,0,5,1,0,0,2,92.3,0,43.3,68.5,95.0,86.5,29322.19,27064.38,583067.07,0.58,24,5.3,62.2,96.9,87.6,0,14,10
724.28,1672,2,464,393,138,1,11,1,8,1,0,0,7,15.4,12,41.6,61.0,27.3,0.4,23911.72,3682.4,294827.91,0.62,30,3.6,59.0,39.6,0.0,1,7,4
577.82,1016,2,131,52,44,0,11,3,6,1,0,0,1,76.3,12,82.0,84.1,48.5,40.2,17451.15,13315.23,83634.52,0.74,20,5.6,79.6,82.3,0.0,0,9,13
1557.61,4668,4,163,24,17,0,3,3,5,1,1,4,1,97.5,0,72.6,74.7,78.7,74.2,12856.68,12535.26,147497.82,0.41,14,4.7,85.4,72.8,59.6,1,10,7
103.31,249,0,312,387,138,0,3,1,7,0,1,7,4,59.1,23,45.0,52.4,25.2,19.5,2566.76,1516.96,49773.55,0.65,20,1.4,32.3,60.6,0.0,1,0,13
488.26,618,5,53,88,40,0,2,1,4,1,0,0,1,87.2,0,64.5,65.3,97.4,96.2,8580.65,7482.33,45166.2,0.44,7,6.9,77.4,71.5,72.5,1,8,9
1504.34,891,0,1180,446,148,0,5,4,6,1,0,0,6,19.8,5,16.2,62.5,31.9,23.2,45914.96,9091.16,168802.18,0.75,27,4.5,29.4,38.2,0.0,1,4,13
1361.54,4984,3,587,126,110,0,11,4,6,1,1,4,1,58.0,35,15.2,28.1,53.1,7.2,32956.29,19114.65,349155.07,0.68,13,2.3,14.0,31.1,0.0,1,12,4
1513.13,5000,2,115,121,320,0,12,1,6,0,1,10,2,76.9,15,7.6,24.4,36.8,29.6,33573.98,25818.39,296663.47,0.48,11,2.2,13.4,31.2,0.0,1,13,3
497.69,1787,2,156,40,35,0,5,3,1,1,0,0,1,66.8,13,62.3,90.6,93.2,50.2,18238.69,12183.44,75885.5,0.42,2,7.0,77.0,85.2,0.0,0,12,9
99.57,374,2,776,570,337,1,12,5,1,1,0,0,8,53.5,28,50.7,35.6,35.6,27.4,1490.63,797.49,29704.02,0.58,19,3.2,30.0,67.3,0.0,1,5,10
466.49,530,3,1113,419,356,0,6,1,8,0,1,3,7,41.0,23,17.4,26.9,25.0,17.7,4927.62,2020.32,58740.29,0.55,18,1.6,25.8,24.5,0.0,1,4,0
992.21,2968,2,158,694,63,0,10,2,1,1,0,0,0,68.2,26,20.3,46.3,16.4,14.0,39665.04,27051.56,687672.71,0.56,17,2.9,49.0,46.7,0.0,1,2,8
1874.06,2408,3,154,54,55,0,3,0,4,0,0,0,0,55.6,11,58.6,65.0,50.7,42.3,20951.36,11648.96,195768.4,0.43,15,5.6,74.1,97.3,0.0,1,11,12
1868.94,4040,5,133,40,47,0,1,0,1,1,0,0,2,67.8,16,84.1,88.9,63.0,67.7,2038.91,1382.38,5512.78,0.42,16,5.8,77.6,62.6,70.8,0,5,7
1569.45,4241,0,921,310,253,0,6,5,2,1,1,5,0,50.8,19,45.1,57.7,31.0,17.1,53653.71,27256.08,217965.51,0.52,14,4.5,14.5,52.4,0.0,1,8,10
1106.23,684,3,725,726,50,0,12,1,5,1,0,0,2,81.3,0,41.4,58.7,35.7,25.0,18734.74,15231.34,256370.65,0.65,29,4.5,56.0,31.3,0.0,1,2,6
1543.57,5000,5,112,34,60,0,2,2,5,1,1,12,0,61.8,5,86.9,89.8,92.9,80.4,59636.6,36855.42,902502.23,0.33,5,6.2,87.0,60.7,88.1,0,1,2
606.67,1762,0,905,573,377,0,2,5,2,1,0,0,0,78.2,33,56.7,25.5,32.4,8.9,838.42,655.64,14624.35,0.69,20,3.9,19.0,24.8,0.0,1,1,4
227.85,804,4,135,81,57,0,5,3,0,0,1,8,1,79.7,29,63.7,89.7,53.9,77.8,7229.24,5761.7,98723.4,0.49,16,4.4,65.4,68.8,79.3,1,4,3
533.79,1963,3,163,44,36,0,6,3,7,1,1,7,1,51.8,17,55.7,59.7,55.2,64.3,7818.65,4050.06,154406.09,0.42,19,5.4,90.9,64.6,0.0,0,11,3
46.73,54,2,337,557,210,1,8,1,5,0,1,4,6,65.9,11,18.7,23.7,31.4,33.8,2090.26,1377.48,4308.52,0.63,30,2.0,19.6,27.7,0.0,1,5,13
515.38,479,2,103,552,110,0,7,2,1,0,1,14,0,44.5,23,16.4,21.6,53.5,20.4,7244.48,3223.79,128826.14,0.63,30,2.1,33.5,27.6,0.0,1,6,10
1567.12,1614,2,1127,504,264,1,9,3,2,1,0,0,0,57.7,27,47.5,37.4,42.4,23.2,66295.32,38252.4,1042274.69,0.56,18,3.5,47.6,49.2,0.0,1,13,10
1276.23,2848,3,955,295,135,0,12,3,4,1,0,0,6,34.5,17,42.6,45.2,49.4,30.5,2643.78,912.1,8887.23,0.34,17,2.7,53.7,44.2,0.0,1,4,5
208.11,336,3,147,54,23,0,4,2,2,0,0,0,1,75.6,7,63.9,67.6,90.0,72.3,2391.82,1808.22,27537.28,0.51,22,5.4,98.0,62.9,0.0,0,6,3
495.91,1652,2,212,449,283,1,4,2,1,0,0,0,1,11.3,25,46.5,15.6,28.9,38.0,10322.22,1166.41,204374.63,0.38,5,1.9,37.6,50.3,0.0,1,1,7
1923.53,1630,3,126,655,244,0,9,5,2,0,1,1,6,17.5,4,31.8,16.7,24.5,1.5,96065.31,16811.43,1018008.84,0.37,11,3.2,56.6,22.5,0.0,1,3,11
585.37,1199,2,164,79,50,0,2,2,3,1,0,0,0,76.3,30,45.0,67.6,55.9,21.6,1800.85,1374.05,31009.45,0.67,20,4.5,56.8,60.3,0.0,0,10,14
1049.25,2486,1,1018,237,157,0,11,2,3,1,1,4,0,73.1,35,7.0,31.5,17.8,38.6,17558.89,12835.55,46866.57,0.34,15,4.0,37.5,67.5,0.0,1,4,2
725.21,1043,5,163,51,53,0,8,2,4,1,1,14,2,91.6,0,74.4,88.1,59.8,73.9,12940.74,11853.72,253706.53,0.41,18,4.1,96.3,81.8,65.1,1,5,2
380.63,781,3,70,24,1,0,0,2,2,0,0,0,0,89.7,0,86.0,99.6,83.9,60.4,11131.14,9984.63,75286.1,0.42,4,6.5,59.1,84.7,0.0,0,7,0
113.84,282,2,150,37,18,0,6,0,1,1,0,0,1,56.5,25,63.9,97.2,57.7,26.3,416.48,235.31,1475.54,0.54,23,6.9,69.2,96.8,0.0,1,10,10
28.17,97,4,32,76,11,0,3,2,3,1,1,13,1,89.9,0,54.0,71.1,89.1,61.9,268.03,240.96,1064.0,0.43,2,4.6,91.3,98.9,80.9,0,12,11
339.38,399,3,802,567,395,0,4,2,2,0,1,5,1,49.9,3,22.0,19.3,25.2,12.6,7974.48,3979.27,146956.22,0.64,24,2.6,15.8,60.8,0.0,1,2,14
329.15,467,2,130,56,19,0,1,1,5,1,0,0,2,65.6,24,93.2,98.5,69.2,35.8,9506.36,6236.17,176789.98,0.76,22,5.6,95.7,72.7,0.0,1,13,1
1866.61,3568,0,1021,152,45,0,10,2,4,0,1,7,1,22.4,3,6.8,48.6,30.3,38.6,44371.87,9939.3,392790.96,0.79,25,1.9,13.2,23.2,0.0,1,14,13
1420.67,5000,2,41,84,33,0,4,3,8,0,0,0,1,53.8,27,92.2,64.3,86.9,39.0,21219.49,11416.09,193598.17,0.59,12,5.9,61.6,69.2,0.0,1,0,6
1841.53,2607,5,110,88,27,0,3,2,0,1,0,0,2,90.4,0,45.9,86.6,78.7,92.3,46065.33,41643.06,444271.8,0.43,8,5.7,88.8,70.8,91.7,1,13,3
1960.9,5000,2,173,69,51,0,0,3,3,1,1,11,1,82.0,0,84.6,90.5,79.8,54.6,67421.19,55285.38,524680.8,0.49,3,5.8,89.5,69.1,0.0,1,6,9
484.69,696,5,138,85,55,0,0,0,1,1,0,0,2,92.8,0,68.1,74.4,78.2,91.8,8946.99,8302.81,56773.61,0.43,21,7.2,69.4,70.2,60.2,0,11,11
1394.58,2008,3,138,73,38,0,5,3,2,0,0,0,0,78.2,21,83.5,84.6,64.5,46.8,11281.17,8821.87,103425.41,0.41,7,6.8,82.3,95.7,0.0,1,9,0
1443.51,5000,3,1118,115,101,0,10,5,2,1,0,0,6,20.7,32,30.8,59.6,37.5,30.5,11446.47,2369.42,160472.19,0.64,26,1.9,53.9,27.4,0.0,1,8,1
9.61,28,2,447,254,122,1,6,1,8,1,1,6,6,17.4,12,41.3,50.0,53.1,7.5,100.68,17.52,1380.33,0.67,24,3.5,55.4,25.1,0.0,1,10,1
525.5,942,1,94,397,391,0,11,2,6,1,1,12,2,64.4,22,3.0,58.0,24.8,14.4,22331.18,14381.28,319553.41,0.38,16,3.8,40.3,39.8,0.0,1,3,2
203.59,786,0,150,111,172,0,5,2,4,1,1,10,0,54.3,21,6.2,48.0,38.6,14.9,7810.67,4241.19,21856.78,0.49,14,3.8,57.7,61.6,0.0,1,0,5
1712.92,5000,2,73,74,7,0,4,1,4,1,0,0,2,87.6,0,93.2,93.7,71.1,78.5,48496.05,42482.54,480737.33,0.55,19,6.0,65.1,99.5,0.0,0,10,10
422.23,311,5,173,25,28,0,3,0,5,1,1,15,1,92.1,0,58.1,87.1,74.9,71.9,15686.37,14447.15,96684.16,0.47,8,6.9,57.8,70.0,70.7,0,12,10
645.14,847,3,154,3,30,0,3,5,4,1,0,0,2,75.9,14,95.0,79.8,50.6,51.0,10605.81,8049.81,175075.39,0.63,24,4.6,81.6,82.1,0.0,1,7,13
205.13,737,1,275,278,142,0,2,4,2,0,1,12,0,36.8,2,22.9,35.8,50.1,28.7,7179.47,2642.04,143447.2,0.7,29,2.4,11.3,32.2,0.0,1,5,6
21.8,83,3,21,47,35,0,0,2,0,1,0,0,0,51.4,7,88.6,81.1,93.4,43.5,904.53,464.93,9115.66,0.44,5,5.8,67.2,79.1,0.0,0,13,11
1213.78,2031,3,136,413,242,0,2,5,6,1,1,15,7,47.5,8,7.8,55.7,54.4,27.8,42767.54,20314.58,94137.05,0.8,8,3.1,37.0,60.0,0.0,1,12,13
1560.68,5000,4,117,88,20,0,3,3,5,1,1,3,0,98.5,0,55.6,96.7,80.0,50.5,61583.9,60660.14,176934.12,0.65,29,5.1,82.1,83.9,45.8,1,0,6
1079.99,2005,2,20,6,33,0,4,0,0,1,0,0,1,89.2,0,56.3,74.5,62.0,21.3,38667.87,34491.74,254730.79,0.35,15,6.5,90.6,71.8,0.0,0,0,2
1212.0,4252,0,439,579,90,0,3,1,2,1,1,8,1,53.0,13,31.8,49.8,37.1,31.7,23647.12,12532.97,122584.06,0.63,5,3.0,28.4,36.5,0.0,1,9,6
517.16,1402,1,596,294,160,0,3,1,8,0,1,13,7,61.4,25,52.7,55.9,47.5,16.1,1741.06,1069.01,14833.81,0.79,8,2.3,56.0,33.9,0.0,1,13,13
620.08,2353,4,136,87,5,0,2,2,4,1,1,15,0,93.3,0,91.4,90.8,92.5,90.9,5132.64,4788.75,63690.81,0.45,11,6.3,87.3,70.6,84.2,0,2,11
682.82,2159,2,174,71,30,0,8,3,1,1,0,0,0,94.1,0,87.7,62.0,86.2,48.7,22854.62,21506.2,322805.96,0.38,7,6.9,96.6,78.1,0.0,1,2,2
849.79,2943,2,425,254,326,1,3,5,5,0,1,7,7,36.0,26,45.2,49.6,13.7,5.0,24690.53,8888.59,337657.29,0.54,17,2.1,34.8,66.4,0.0,1,4,6
1692.2,3428,2,79,61,47,0,9,4,8,0,0,0,2,79.6,27,69.1,84.8,92.1,70.8,40053.5,31882.59,747170.29,0.37,10,6.1,55.8,63.4,0.0,1,14,9
1625.42,1564,3,521,459,319,0,7,4,6,0,0,0,7,25.5,18,56.0,42.5,26.1,27.6,78982.71,20140.59,162549.06,0.78,20,1.8,54.9,67.6,0.0,1,1,13
952.23,2381,2,70,51,56,0,4,4,7,1,0,0,1,53.0,36,74.9,67.3,96.6,68.7,25943.65,13750.13,419852.95,0.41,13,5.0,68.8,81.6,0.0,0,0,3
1208.3,2287,2,160,36,11,0,1,3,1,0,0,0,1,74.8,30,80.8,66.5,60.3,76.7,26222.75,19614.62,209942.27,0.55,26,6.3,70.4,67.0,0.0,1,7,12
288.14,197,1,975,297,374,0,9,3,3,1,1,2,3,22.9,20,49.5,44.0,16.4,30.3,4119.27,943.31,29103.96,0.63,6,3.6,38.9,37.6,0.0,1,12,14
498.32,1977,3,17,83,27,0,1,0,1,1,0,0,2,95.3,0,55.8,96.2,77.5,53.8,22595.62,21533.63,444337.09,0.65,27,6.6,85.6,85.9,0.0,1,2,10
1761.67,5000,2,199,705,70,1,12,5,1,1,1,3,8,40.1,25,14.5,51.0,20.9,32.7,64628.61,25916.07,1146227.32,0.37,4,2.6,59.8,48.8,0.0,1,4,2
1214.62,1788,2,252,306,345,1,9,5,7,1,0,0,8,24.8,30,8.6,62.7,42.3,17.7,31055.48,7701.76,330501.26,0.44,17,2.1,14.2,34.7,0.0,1,4,9
630.42,2157,2,231,531,254,1,3,1,5,0,0,0,1,61.0,33,43.0,55.8,46.1,10.0,21799.66,13297.79,222684.31,0.65,10,3.8,36.5,25.0,0.0,1,8,10
1325.14,803,3,653,127,33,0,2,1,2,1,1,5,1,69.8,15,57.3,19.6,19.9,36.2,30246.41,21111.99,286353.4,0.61,21,4.7,19.2,25.2,0.0,0,3,13
1623.51,4556,4,13,20,25,0,8,1,3,1,0,0,0,54.9,19,73.9,73.6,49.2,53.9,42939.89,23574.0,344528.62,0.65,27,5.9,57.4,96.6,72.5,0,12,8
1660.95,4965,5,24,78,48,0,1,2,1,1,0,0,1,66.9,6,93.7,88.6,95.7,74.1,50195.66,33580.9,272549.09,0.76,16,7.0,77.2,79.4,77.5,1,13,4
1675.6,1829,4,37,43,6,0,1,3,1,1,0,0,0,69.3,17,79.8,86.2,67.8,74.9,42225.87,29262.53,687438.01,0.4,16,6.1,72.2,74.8,66.2,1,1,9
805.98,2484,3,113,33,14,0,4,5,1,1,0,0,0,63.1,19,45.5,68.5,99.1,51.8,2820.09,1779.48,23231.55,0.35,9,5.7,74.7,80.5,0.0,0,9,9
590.16,821,3,111,140,335,0,8,5,2,0,0,0,8,17.0,10,52.4,61.3,30.0,36.1,6720.85,1142.54,56986.43,0.67,31,5.2,47.4,59.3,0.0,1,4,4
80.33,264,4,456,626,53,0,9,4,6,1,1,14,1,67.4,8,82.6,79.2,45.3,68.1,1777.03,1197.72,20490.11,0.59,20,4.5,31.7,44.4,74.7,1,13,6
26.29,71,0,439,115,230,0,9,3,1,1,1,3,7,67.1,24,37.3,41.7,18.8,13.8,773.13,518.77,5270.34,0.64,21,2.6,39.5,62.4,0.0,1,2,4
1066.57,2082,5,71,6,7,0,8,2,4,1,0,0,2,51.9,23,69.5,84.6,88.6,95.1,49478.57,25679.38,650296.33,0.48,21,4.4,72.6,96.0,79.0,1,10,11
389.76,1362,4,80,22,51,0,0,1,4,1,0,0,0,99.0,0,62.5,77.0,95.9,99.7,17823.16,17644.93,159869.93,0.57,25,6.9,96.9,92.8,92.9,0,11,14
1510.57,5000,0,656,87,386,0,11,2,4,0,1,6,8,27.6,19,59.5,63.4,20.8,28.1,24172.77,6671.68,331213.47,0.7,35,3.1,52.6,51.4,0.0,1,2,1
568.89,2043,0,417,650,352,0,12,5,7,1,0,0,5,54.9,16,3.5,38.5,15.7,10.5,3482.93,1912.13,18756.66,0.48,3,1.9,49.8,64.9,0.0,1,7,9
1018.35,510,1,466,382,198,0,4,3,3,0,0,0,0,69.1,33,49.9,31.3,10.1,38.5,18692.89,12916.79,144923.21,0.57,4,3.1,17.9,43.4,0.0,1,3,6
1493.62,1376,2,652,324,108,1,2,4,6,1,1,9,0,67.9,6,89.3,59.6,46.2,2.7,32377.38,21984.24,416591.06,0.47,8,4.9,33.6,55.0,0.0,1,6,11
410.11,1019,2,48,56,34,0,6,0,0,1,0,0,0,80.1,0,62.5,57.3,67.7,32.2,4370.36,3500.66,75238.92,0.49,6,6.6,99.5,62.8,0.0,1,4,3
1357.59,1605,2,312,616,326,1,7,1,7,1,0,0,5,51.6,18,22.4,36.0,44.2,28.0,53752.14,27736.1,1006431.54,0.36,11,2.5,33.9,40.5,0.0,0,5,9
485.15,619,2,619,567,269,1,12,2,5,0,0,0,0,55.2,25,40.2,61.5,46.5,9.8,20296.04,11203.41,375564.48,0.64,20,4.0,12.0,45.0,0.0,1,11,10
829.59,498,5,17,72,33,0,3,0,4,0,0,0,0,76.5,36,86.5,98.9,53.1,77.1,12512.65,9572.18,137635.81,0.63,21,5.1,86.2,75.8,36.8,0,5,6
351.86,975,5,160,20,1,0,8,0,5,0,0,0,2,69.4,1,62.7,94.8,66.9,93.3,6611.28,4588.23,77995.72,0.35,8,7.2,74.0,91.0,87.1,1,9,11
21.73,20,5,151,67,58,0,4,2,2,1,0,0,1,77.9,1,77.1,96.1,64.0,94.9,585.24,455.9,3197.26,0.38,9,6.6,86.1,96.6,85.4,1,12,11
1455.62,2244,3,123,89,56,0,8,0,5,1,0,0,2,73.8,20,53.4,56.1,72.4,66.6,51600.15,38080.91,884280.87,0.39,5,5.1,94.4,81.1,0.0,0,5,11
1265.32,2579,1,492,318,345,0,11,3,8,1,1,3,1,60.4,22,23.3,21.9,31.6,39.0,10594.49,6399.07,64293.43,0.54,14,2.8,33.9,41.7,0.0,1,13,12
1794.27,5000,4,171,54,11,0,8,2,2,0,0,0,1,98.5,0,48.3,82.0,83.4,83.2,27604.09,27190.03,185916.63,0.48,15,5.4,82.5,82.9,33.6,1,5,3
632.3,2027,3,61,30,32,0,8,1,5,1,0,0,1,85.9,0,95.7,80.1,81.9,65.0,16739.82,14379.51,75009.13,0.55,11,6.5,88.3,67.5,0.0,0,7,8
108.35,400,4,11,80,40,0,7,1,0,1,0,0,0,85.3,0,89.9,81.1,67.6,52.6,467.95,399.16,7859.04,0.43,9,7.8,92.3,83.4,77.4,0,14,7
714.46,2022,3,700,730,370,0,8,2,3,1,1,5,3,12.3,7,28.5,40.9,22.1,32.2,507.48,62.42,6922.42,0.38,19,2.0,43.7,48.5,0.0,1,5,9
826.27,1560,0,527,566,264,0,3,1,5,1,0,0,1,52.3,29,3.5,41.6,40.1,0.0,6418.26,3356.75,16709.62,0.35,7,2.7,59.7,65.4,0.0,1,10,7
1829.51,1304,4,59,89,20,0,2,2,4,1,1,8,1,83.6,0,55.8,58.7,67.6,76.9,46062.27,38508.06,389903.51,0.41,16,5.8,80.4,89.6,33.9,0,14,2
104.22,366,4,85,90,29,0,7,3,2,1,0,0,2,61.5,16,77.6,99.8,78.2,61.4,4053.89,2493.14,79272.9,0.57,13,5.2,78.6,97.9,89.5,0,10,10
527.35,1438,0,134,521,63,0,2,4,8,0,1,10,7,19.0,33,12.7,53.7,14.6,22.4,7874.69,1496.19,40376.26,0.7,29,2.8,29.0,33.0,0.0,1,4,13
1935.19,5000,4,99,29,17,0,8,2,2,1,0,0,0,50.1,24,68.2,80.8,49.9,98.1,63295.19,31710.89,1258954.32,0.62,11,6.2,57.5,94.8,75.0,1,8,4
1298.69,1734,1,240,595,161,0,3,2,2,1,1,13,4,61.4,2,44.5,25.5,41.1,7.3,20485.65,12578.19,97089.59,0.54,19,1.5,23.1,44.8,0.0,1,1,7
890.68,2383,3,775,193,292,0,6,2,1,0,0,0,6,66.0,25,40.1,24.3,28.2,38.3,22314.74,14727.73,255614.58,0.35,12,1.7,41.1,59.6,0.0,1,11,11
385.67,987,4,125,64,51,0,1,1,4,1,0,0,1,78.3,7,88.6,68.5,60.2,57.7,3353.84,2626.06,55520.55,0.73,4,4.9,96.3,64.2,69.2,1,0,4
1287.35,3953,0,956,452,117,0,9,3,8,1,1,11,1,78.7,15,44.3,48.3,38.9,15.2,40818.22,32123.94,186333.65,0.64,3,4.1,34.9,41.2,0.0,1,13,8
117.52,60,5,108,27,55,0,0,2,1,1,1,6,0,75.6,4,92.5,90.4,55.6,58.5,3294.82,2490.88,44172.15,0.52,24,5.4,96.6,79.9,87.0,0,3,9
158.04,566,4,74,39,43,0,3,0,2,1,1,13,0,77.0,9,91.6,56.2,62.9,90.5,6331.85,4875.52,80331.38,0.48,22,5.4,80.9,98.9,79.6,0,6,3
1658.21,5000,2,314,120,302,1,12,4,3,1,0,0,5,37.0,15,39.9,35.7,24.9,14.0,53879.4,19935.38,222767.83,0.59,10,1.4,31.7,26.5,0.0,1,3,4
819.32,1563,2,57,10,53,0,4,0,2,1,0,0,0,98.4,0,83.2,57.5,59.9,40.5,15759.83,15507.67,117785.23,0.35,16,6.6,96.8,74.5,0.0,1,13,2
678.44,1367,4,134,15,53,0,8,2,7,1,1,13,2,57.6,16,43.3,90.3,94.0,91.9,28471.35,16399.5,544198.87,0.37,12,4.3,90.6,72.9,80.4,1,8,11
1159.67,833,2,66,50,40,0,8,1,8,1,0,0,1,67.6,4,68.7,93.6,47.8,23.5,33654.68,22750.56,230382.99,0.5,23,5.5,93.5,78.8,0.0,0,5,8
777.55,521,4,130,69,25,0,0,3,4,1,0,0,0,93.1,0,49.0,93.8,73.1,77.0,35271.99,32838.22,167765.99,0.48,16,5.2,99.4,89.6,65.0,1,3,5
1141.91,2330,1,269,523,303,0,5,4,6,0,1,14,5,45.4,23,1.0,55.6,18.7,15.3,43796.27,19883.51,499009.81,0.38,2,2.3,19.1,34.7,0.0,1,7,3
116.59,171,0,218,288,334,0,10,1,2,0,0,0,3,49.6,24,54.4,35.4,20.6,28.4,2258.32,1120.13,28102.23,0.34,7,4.0,12.4,41.6,0.0,1,5,9
1234.37,4539,2,15,68,53,0,2,3,3,1,0,0,0,100.0,0,82.2,99.0,79.2,77.4,3671.05,3671.05,35276.7,0.68,6,6.6,68.1,94.4,0.0,0,8,6
1671.34,2463,0,612,346,33,0,10,2,8,1,1,14,7,13.0,2,20.5,40.9,54.0,19.4,57437.56,7466.88,1122872.92,0.58,20,2.2,11.7,22.9,0.0,1,14,14
873.23,2799,2,244,245,348,1,10,2,1,1,0,0,7,35.2,7,36.6,44.5,47.9,3.3,6327.54,2227.29,110742.32,0.42,7,2.4,51.8,69.2,0.0,1,9,9
335.02,761,2,40,30,55,0,2,0,5,0,0,0,1,87.1,0,55.8,86.2,59.1,71.5,8082.61,7039.95,103751.35,0.64,30,7.6,98.8,68.4,0.0,0,11,8
32.78,103,3,74,35,20,0,5,2,2,1,1,8,1,94.9,0,88.9,61.7,98.9,64.3,939.55,891.63,15369.4,0.48,19,5.7,97.4,66.6,0.0,1,4,12
1543.74,4664,4,98,23,10,0,8,3,5,1,0,0,2,58.5,19,42.5,93.6,74.8,59.0,15235.31,8912.66,231359.55,0.69,22,6.1,83.4,74.4,62.9,1,0,13
839.04,2638,1,705,85,386,0,4,4,5,1,0,0,6,69.6,24,51.0,18.2,26.7,37.5,18852.81,13121.56,351561.9,0.75,36,2.3,43.8,30.6,0.0,1,14,13
1942.33,3233,5,103,42,20,0,3,3,5,1,0,0,2,77.5,5,87.9,86.7,81.0,74.3,74009.54,57357.39,507477.94,0.38,4,5.6,96.7,66.2,66.8,0,7,5
1600.96,1537,3,164,55,39,0,6,0,2,1,0,0,0,60.5,4,66.9,80.2,93.5,24.5,76178.14,46087.77,1054642.08,0.49,18,6.6,61.3,75.2,0.0,1,14,12
993.25,3273,0,875,383,30,0,8,2,2,1,1,11,3,48.0,24,22.6,31.7,52.9,5.6,16185.64,7769.11,191769.0,0.71,29,2.6,43.9,67.2,0.0,1,1,13
923.48,1374,2,624,631,395,1,10,3,5,1,0,0,3,52.2,2,14.7,63.7,33.0,8.4,38524.32,20109.7,170198.67,0.54,9,1.9,45.5,69.7,0.0,1,3,14
114.37,179,3,40,33,45,0,8,5,1,1,1,4,0,88.6,0,99.0,80.6,71.9,23.9,3032.83,2687.09,46838.19,0.41,6,5.3,97.9,95.6,0.0,1,3,7
1373.65,1200,2,30,40,8,0,2,3,4,1,0,0,1,89.3,0,41.0,63.0,58.4,68.7,2330.68,2081.3,13834.01,0.49,5,6.5,93.9,66.7,0.0,0,7,5
1947.28,5000,2,29,69,5,0,4,2,8,0,0,0,2,87.9,0,43.9,72.9,80.0,77.3,17998.78,15820.93,311564.11,0.73,29,5.7,92.5,72.5,0.0,0,7,13
76.53,162,3,99,55,4,0,8,0,1,1,0,0,0,81.6,0,56.9,57.2,84.2,41.7,462.68,377.55,4275.39,0.36,4,6.6,56.6,93.7,0.0,1,11,5
1895.48,1614,5,89,0,14,0,2,2,1,0,1,10,1,72.2,4,91.9,97.0,90.9,66.9,60224.0,43481.73,575315.68,0.42,8,6.0,90.8,69.0,93.7,1,13,7
1406.63,839,3,832,334,375,0,5,1,1,0,1,3,2,68.9,24,2.6,50.7,29.4,9.0,18505.46,12750.26,247903.78,0.55,15,3.0,46.3,67.5,0.0,1,9,7
47.41,59,4,18,62,22,0,0,0,2,1,0,0,1,55.3,34,72.9,82.2,67.3,56.0,2330.9,1288.99,28927.98,0.63,21,5.6,91.1,71.2,36.1,1,3,13
1210.17,2431,5,30,71,18,0,0,2,1,1,0,0,2,77.9,32,87.1,62.4,52.8,69.2,40957.59,31905.96,249623.57,0.4,9,5.2,90.3,88.9,88.4,1,6,11
729.84,1305,5,75,40,39,0,7,1,3,0,0,0,0,52.5,2,98.8,87.4,64.3,84.4,21806.45,11448.39,123344.1,0.5,3,8.0,56.1,80.8,66.4,0,13,3
839.59,1711,2,125,32,43,0,1,1,1,1,1,7,0,58.4,24,50.2,69.5,95.4,52.8,38134.43,22270.51,314063.91,0.59,21,5.3,56.4,75.5,0.0,1,10,0
379.92,461,3,814,659,239,0,10,2,2,1,0,0,6,47.1,7,1.6,60.9,44.3,5.5,1335.38,628.96,22879.44,0.46,13,3.1,51.8,70.0,0.0,1,13,12
120.65,347,3,335,586,195,0,11,2,6,0,0,0,4,24.9,10,21.4,59.1,49.6,25.1,4627.31,1152.2,18172.52,0.57,27,3.7,44.2,27.0,0.0,1,2,14
1075.76,4169,0,976,259,83,0,2,3,1,1,0,0,8,12.1,23,11.1,57.8,46.4,29.4,29360.44,3552.61,487776.68,0.45,17,2.2,46.9,51.9,0.0,1,12,0
660.12,2281,4,16,90,30,0,4,2,4,1,0,0,0,80.1,0,98.7,68.2,95.1,97.2,32822.05,26290.46,591233.21,0.45,15,5.8,64.3,85.7,46.0,0,0,0
1829.82,4917,0,172,255,149,0,9,1,7,0,1,7,3,19.8,31,13.1,63.2,52.6,30.6,62799.86,12434.37,1228460.82,0.56,11,2.5,25.4,21.1,0.0,1,1,12
1096.88,3009,3,602,306,128,0,5,4,4,1,1,6,1,45.0,31,47.5,23.0,22.1,18.5,29548.39,13296.78,94935.6,0.64,24,3.5,24.4,29.4,0.0,1,8,10
1997.62,4223,2,752,183,232,1,7,3,7,1,1,8,3,25.3,35,28.9,54.6,20.3,34.8,45699.93,11562.08,862375.49,0.56,25,1.4,35.6,36.3,0.0,1,13,14
540.73,1309,4,27,86,11,0,8,0,4,1,1,11,1,73.7,7,64.3,95.6,45.5,51.9,25694.79,18937.06,111450.31,0.46,13,6.3,80.0,91.3,58.1,1,9,0
160.99,398,0,559,407,124,0,2,3,4,0,0,0,3,37.1,9,45.8,44.5,19.1,11.1,972.58,360.83,3361.56,0.43,13,2.6,46.3,29.9,0.0,1,5,3
326.92,721,2,54,31,46,0,10,5,7,0,0,0,2,53.8,23,93.9,84.7,55.2,49.2,6767.38,3640.85,92915.75,0.4,9,4.2,76.3,80.8,0.0,1,10,7
505.5,1152,3,164,78,50,0,3,3,2,1,0,0,0,79.4,27,68.8,58.4,74.2,74.3,14448.49,11472.1,273825.17,0.52,20,7.2,63.3,77.9,0.0,1,0,5
1182.17,3607,3,69,55,5,0,1,2,5,1,0,0,0,52.1,11,77.9,91.6,67.8,43.3,32924.33,17153.58,104084.39,0.62,17,6.4,67.5,99.3,0.0,0,8,6
79.11,195,0,1072,495,362,0,12,5,3,1,1,9,7,28.5,22,24.2,25.7,30.2,31.9,1837.73,523.75,17146.2,0.42,7,3.4,44.3,52.0,0.0,1,3,2
1397.59,3602,4,100,10,17,0,5,3,3,0,1,15,1,70.2,16,80.5,76.4,90.9,72.6,50126.71,35188.95,902557.78,0.39,5,5.7,98.4,80.2,56.9,0,2,5
1808.42,2107,0,408,715,66,0,8,4,8,0,0,0,0,64.1,18,56.0,55.2,25.8,32.5,16395.82,10509.72,131028.79,0.56,22,4.1,55.7,58.0,0.0,0,3,3
1668.9,3801,3,742,584,31,0,10,1,2,0,0,0,4,22.8,17,5.4,22.8,37.5,0.6,34969.44,7973.03,606995.79,0.64,26,2.2,53.3,62.4,0.0,1,7,14
1354.11,4441,1,394,447,202,0,6,5,1,1,1,15,0,53.3,26,22.4,33.2,24.4,27.4,45338.52,24165.43,637164.41,0.45,11,3.0,59.5,43.9,0.0,1,7,11
1494.0,5000,3,690,81,383,0,8,4,6,0,1,13,2,93.1,0,79.6,63.7,49.4,15.1,34988.91,32574.68,441478.91,0.38,8,4.0,54.8,60.8,0.0,0,8,2
385.12,1236,2,149,48,6,0,6,3,5,1,1,4,0,93.6,0,72.8,91.6,62.1,68.8,2390.86,2237.84,24847.13,0.56,22,4.4,68.0,60.8,0.0,1,5,6
246.27,609,3,27,37,38,0,0,2,0,1,0,0,0,93.3,0,49.5,88.4,78.4,67.5,3471.56,3238.97,60049.41,0.54,17,6.1,56.4,61.6,0.0,1,0,8
1283.07,4868,3,112,12,12,0,0,2,3,1,0,0,0,72.1,5,78.8,71.7,98.1,77.3,63948.34,46106.75,825682.22,0.5,23,6.9,88.5,88.8,0.0,0,7,9
1560.03,3961,3,153,38,24,0,11,3,3,1,1,14,2,65.3,17,80.2,96.5,74.6,42.6,46186.67,30159.9,427978.67,0.41,4,4.6,72.4,70.8,0.0,1,1,7
1038.84,1362,0,666,684,107,0,11,3,5,1,0,0,4,17.3,16,19.4,16.9,42.6,18.7,10097.27,1746.83,29881.16,0.35,8,2.1,34.0,40.6,0.0,1,8,5
638.62,521,5,143,40,30,0,0,1,4,1,0,0,1,69.1,1,54.4,79.6,99.0,84.5,21687.69,14986.19,50637.63,0.43,12,6.1,75.7,95.6,78.8,1,7,11
790.41,3019,0,1152,553,149,0,3,4,7,0,0,0,7,51.5,20,46.4,55.5,46.7,16.3,17596.3,9062.09,277568.12,0.43,3,2.4,49.8,58.3,0.0,1,10,5
1371.26,3637,2,598,364,363,1,5,4,6,1,1,5,6,33.8,18,34.0,37.6,45.0,11.5,9642.46,3259.15,132580.02,0.68,5,3.1,11.6,23.8,0.0,1,10,13
1180.5,3989,3,65,10,40,0,0,0,2,0,0,0,1,51.3,23,64.0,74.2,68.0,28.0,18147.94,9309.89,346493.38,0.46,5,6.9,75.5,80.6,0.0,0,7,2
963.35,3226,0,281,218,119,0,11,3,5,1,0,0,3,58.3,15,14.3,31.4,52.2,31.9,21832.88,12728.57,422178.14,0.6,30,2.9,54.2,62.1,0.0,1,8,4
130.68,362,2,969,430,240,1,8,3,3,1,1,4,2,48.3,24,49.6,25.6,38.6,32.7,5241.62,2531.7,31276.05,0.67,14,2.7,32.7,28.7,0.0,1,9,14
233.47,361,5,175,68,45,0,6,1,5,0,0,0,0,67.0,17,89.5,70.4,84.3,99.5,1095.1,733.72,17143.8,0.48,17,5.7,75.5,73.3,62.9,1,9,5
41.82,123,2,112,16,29,0,5,0,5,1,0,0,2,63.0,23,80.3,69.2,59.8,57.6,912.62,574.95,3397.51,0.49,13,6.3,64.8,77.6,0.0,0,0,11
1566.23,2271,2,187,648,152,1,5,1,8,1,1,1,5,25.3,2,3.7,64.5,45.1,9.7,69048.09,17469.17,563491.65,0.54,3,3.5,48.0,51.7,0.0,1,8,6
1364.31,4354,4,123,49,1,0,7,2,1,1,1,15,2,99.6,0,89.1,95.0,61.6,91.7,55402.06,55180.45,703460.52,0.44,10,4.9,81.0,74.0,93.1,1,3,5
1359.31,3371,3,830,635,204,0,10,5,5,1,0,0,8,24.5,29,31.1,15.6,48.4,16.2,54068.93,13246.89,781451.24,0.48,15,3.2,53.5,27.9,0.0,1,9,8
1017.61,1779,3,186,318,283,0,4,1,5,1,1,13,8,62.2,9,2.1,32.1,54.2,8.3,1560.05,970.35,14321.58,0.65,25,2.9,19.5,28.4,0.0,1,9,13
1150.44,900,2,111,78,26,0,7,1,5,1,0,0,2,50.0,5,50.9,89.1,86.7,35.2,7712.09,3856.05,75609.47,0.57,17,6.1,67.4,62.7,0.0,0,14,3
54.75,74,0,766,242,394,0,10,2,1,0,0,0,3,10.7,1,4.5,34.3,38.6,2.4,2614.88,279.79,19124.48,0.61,17,3.9,44.8,30.5,0.0,1,0,10
284.89,272,1,1096,525,43,0,2,4,3,1,1,12,4,69.1,31,6.9,34.0,45.6,2.9,1866.4,1289.68,7692.94,0.46,6,2.9,35.2,32.9,0.0,1,5,10
1535.95,2227,3,745,468,346,0,5,2,5,1,0,0,5,42.4,24,27.3,33.2,36.7,30.7,71602.1,30359.29,1402611.34,0.77,4,2.9,45.8,49.2,0.0,1,0,13
438.34,285,0,138,93,178,0,2,4,8,0,1,4,0,63.2,14,1.5,45.6,34.5,14.0,5901.64,3729.84,48688.03,0.74,32,3.1,49.5,24.5,0.0,1,1,4
110.13,379,2,147,33,44,0,10,1,7,1,1,8,0,99.1,0,97.4,85.8,92.6,72.8,486.13,481.75,2427.15,0.69,4,4.7,94.6,62.4,0.0,0,14,1
1406.22,3245,3,31,47,59,0,6,1,3,1,0,0,0,98.2,0,91.1,94.2,100.0,49.0,58347.02,57296.77,590984.83,0.38,12,7.7,72.8,76.4,0.0,1,4,3
1750.36,5000,5,133,48,46,0,7,3,1,1,0,0,0,81.8,0,57.5,63.4,54.5,84.0,50481.78,41294.1,181324.05,0.47,13,5.6,62.2,86.7,70.0,0,6,9
1359.38,4467,2,176,28,41,0,5,2,8,0,1,13,0,81.0,0,96.8,87.8,79.7,29.1,48975.39,39670.07,466938.71,0.44,12,5.3,82.4,88.2,0.0,1,14,11
1633.56,4724,0,1185,257,157,0,8,1,2,0,0,0,6,21.1,33,5.2,51.0,42.8,25.6,18239.58,3848.55,342156.96,0.43,17,1.7,26.1,46.4,0.0,1,10,12
524.88,1555,1,376,677,201,0,6,2,4,0,1,13,2,74.5,19,14.5,45.9,22.9,29.2,13837.59,10309.0,33698.09,0.46,20,2.6,15.2,53.6,0.0,1,3,5
956.17,1166,3,78,51,45,0,7,3,0,0,0,0,1,76.1,9,80.2,97.8,75.8,57.4,46612.45,35472.07,716020.2,0.55,18,6.5,63.2,90.8,0.0,0,10,6
137.73,247,2,100,0,34,0,12,3,8,1,1,12,2,57.2,36,57.8,66.7,70.0,35.6,2335.9,1336.13,26811.05,0.39,12,4.9,75.7,71.9,0.0,0,12,12
703.54,1056,2,179,49,6,0,8,0,2,0,0,0,0,96.0,0,61.7,67.9,97.4,68.4,11120.3,10675.49,119761.75,0.62,16,6.3,91.3,63.9,0.0,0,6,8
1138.5,3201,2,44,86,32,0,10,1,2,1,0,0,2,75.3,16,96.4,69.1,58.8,28.1,25503.39,19204.05,275872.22,0.32,8,4.8,99.8,67.8,0.0,1,11,11
32.95,77,5,93,77,26,0,6,1,5,1,1,13,2,79.8,11,50.0,83.6,92.4,51.6,1149.28,917.13,7369.06,0.38,9,4.2,83.8,82.2,92.8,0,3,11
1975.16,4820,2,95,0,50,0,0,1,3,1,0,0,2,93.4,0,91.8,89.6,73.1,52.3,54385.35,50795.92,497695.35,0.47,16,6.3,87.6,93.9,0.0,0,5,3
1799.77,3571,2,228,130,115,1,7,3,1,1,0,0,3,62.4,30,22.7,47.4,17.5,17.8,75590.96,47168.76,1075006.77,0.63,8,2.5,51.6,54.7,0.0,1,9,13
616.17,669,1,826,295,140,0,11,2,6,0,1,10,8,39.2,18,36.9,32.6,14.0,18.2,29782.56,11674.76,537876.24,0.71,14,2.0,42.4,60.8,0.0,1,11,4
419.87,1235,5,154,54,46,0,4,0,5,1,0,0,1,86.0,0,76.1,89.1,98.9,57.8,1085.92,933.89,11245.38,0.76,28,6.3,86.0,71.0,94.0,1,4,13
1567.49,2434,2,136,44,57,0,10,4,1,1,1,5,0,92.1,0,74.6,62.8,55.1,69.7,44036.52,40557.63,612814.69,0.39,2,4.0,77.4,94.6,0.0,1,2,5
663.7,2641,0,351,407,277,0,2,1,7,1,0,0,6,40.0,36,16.1,55.9,42.8,34.3,9307.28,3722.91,49981.86,0.6,28,1.8,43.9,20.2,0.0,1,12,8
1390.35,4496,5,72,58,60,0,7,2,0,1,0,0,1,84.5,0,93.9,92.7,74.3,97.2,37269.13,31492.41,298131.07,0.63,24,6.7,82.8,94.3,87.0,0,10,13
33.65,47,3,473,279,241,0,9,2,8,1,1,3,0,59.7,21,46.9,43.2,49.4,15.1,1611.79,962.24,13665.65,0.35,4,2.9,37.9,67.0,0.0,1,13,2
339.77,646,1,675,315,176,0,6,3,6,0,1,2,3,12.7,4,10.5,32.6,28.2,5.4,4635.32,588.69,61557.93,0.62,14,2.3,50.9,54.5,0.0,1,4,14
1819.48,5000,2,662,416,344,1,12,5,2,0,1,10,6,48.9,13,32.1,37.0,49.4,26.6,23079.14,11285.7,432938.38,0.55,4,2.5,33.0,68.1,0.0,1,5,14
592.55,1992,4,67,12,30,0,2,3,4,1,0,0,2,81.2,0,40.2,81.7,63.3,88.5,14091.6,11442.38,281531.76,0.38,17,5.7,72.6,97.9,81.3,0,0,9
769.28,2989,2,173,72,31,0,1,3,2,1,0,0,2,64.6,6,87.4,73.6,62.5,31.6,2851.67,1842.18,56665.27,0.3,7,7.0,68.5,65.6,0.0,0,4,11
1148.59,2079,1,803,592,118,0,5,1,5,1,1,3,6,41.0,15,2.1,40.9,30.3,4.4,42452.54,17405.54,669418.1,0.48,12,2.7,20.1,60.5,0.0,1,4,2
1532.88,5000,1,510,116,31,0,4,4,5,0,0,0,3,30.0,19,35.8,40.7,28.5,25.4,73367.84,22010.35,318035.13,0.43,3,3.4,49.1,62.7,0.0,1,3,2
753.85,2910,4,48,21,54,0,7,0,5,0,0,0,1,53.7,26,78.3,81.7,75.1,86.1,3666.0,1968.64,52072.5,0.54,10,7.3,94.3,79.0,86.0,0,14,7
1767.83,1760,5,29,5,23,0,7,2,4,1,1,5,2,73.5,11,55.4,95.1,96.0,80.6,1257.39,924.18,10788.75,0.39,16,4.3,93.1,66.6,47.4,1,7,2
483.52,868,0,179,633,349,0,8,5,6,1,0,0,2,43.4,14,36.8,53.9,23.4,19.5,23194.84,10066.56,391089.79,0.75,28,1.7,58.7,68.5,0.0,1,1,4
57.32,119,5,161,41,15,0,2,4,3,1,1,11,1,67.4,21,70.9,89.4,79.9,58.2,508.85,342.96,2681.78,0.33,1,4.3,86.1,83.0,86.4,0,3,2
683.06,529,3,46,13,40,0,10,4,7,0,0,0,1,99.1,0,48.8,57.2,91.0,60.8,31318.93,31037.06,491224.27,0.39,19,5.5,67.9,73.2,0.0,1,8,9
1549.13,1076,5,155,7,31,0,3,2,1,0,1,8,2,96.9,0,50.3,84.7,53.9,66.8,58970.98,57142.88,759250.75,0.64,7,6.6,99.9,67.4,71.2,0,0,10
1737.06,3655,3,202,303,280,0,8,2,4,0,1,2,4,10.2,13,0.0,38.2,36.9,36.4,62890.93,6414.87,504288.35,0.57,8,2.1,47.3,65.7,0.0,1,9,8
1730.59,2049,1,493,224,44,0,4,2,2,1,1,5,3,66.8,10,3.8,36.6,36.7,7.9,81287.76,54300.22,638740.33,0.64,11,2.7,29.2,44.3,0.0,1,0,6
153.45,244,1,803,285,172,0,12,5,7,0,1,3,4,58.7,25,26.6,16.3,39.9,36.4,5349.24,3140.0,69780.51,0.41,18,3.1,15.6,66.2,0.0,1,2,3
1886.83,3355,4,156,61,0,0,7,5,3,1,0,0,2,51.1,16,85.7,81.1,86.0,67.3,85854.18,43871.49,371232.52,0.41,20,5.3,55.3,60.2,57.4,1,9,3
935.42,2530,5,156,71,8,0,5,0,1,0,0,0,0,63.4,16,84.4,97.9,65.9,72.9,43933.29,27853.71,827399.59,0.28,4,5.6,85.5,74.8,82.1,1,4,2
713.4,1381,5,87,40,45,0,4,0,1,1,0,0,0,71.1,27,66.7,95.3,72.9,60.0,29366.38,20879.5,148871.58,0.44,11,5.7,62.0,77.2,47.6,1,8,12
1392.5,5000,0,776,683,69,0,3,1,7,1,0,0,0,73.9,23,49.0,57.1,22.0,21.3,45537.54,33652.24,115798.7,0.48,13,3.2,47.4,29.3,0.0,1,11,11
128.17,260,0,231,141,340,0,9,5,2,1,1,5,2,40.4,15,2.2,64.1,43.2,5.4,6405.6,2587.86,124644.96,0.62,3,2.5,42.0,67.1,0.0,1,9,14
143.81,99,2,515,91,170,1,11,2,7,0,0,0,7,20.2,13,41.3,51.6,46.3,11.6,6394.47,1291.68,22641.37,0.41,13,1.3,44.3,30.3,0.0,1,2,0
636.41,1180,2,155,51,14,0,1,2,2,1,0,0,1,82.4,0,56.0,66.9,57.5,63.2,29657.3,24437.62,312419.54,0.49,4,6.9,79.3,64.6,0.0,1,4,7
515.83,1614,2,531,385,46,1,9,2,1,0,1,1,1,55.3,27,57.8,15.5,21.5,19.9,13005.88,7192.25,43424.96,0.43,14,2.5,37.3,69.4,0.0,1,11,0
1480.68,2961,2,78,75,45,0,3,0,0,1,1,4,0,70.4,7,80.3,96.5,77.0,68.7,45534.27,32056.13,505031.51,0.4,17,5.1,60.0,91.7,0.0,0,8,3
158.36,472,1,1071,326,72,0,8,4,7,0,1,3,5,25.9,13,17.9,31.5,12.0,25.0,6775.36,1754.82,115975.48,0.63,25,1.4,11.9,23.5,0.0,1,2,10
855.0,1836,1,824,115,122,0,4,3,4,0,1,7,1,72.9,5,40.7,15.2,41.1,7.6,32676.11,23820.88,649619.84,0.49,7,2.6,43.6,59.6,0.0,1,7,0
1181.31,4589,0,269,493,365,0,8,5,1,1,0,0,6,48.7,26,3.5,49.1,51.2,22.2,686.88,334.51,4333.27,0.46,18,1.9,43.6,70.0,0.0,1,3,10
1633.37,4221,0,165,721,54,0,2,5,1,0,1,7,6,48.6,32,25.7,54.6,25.3,27.2,5129.25,2492.82,30396.13,0.68,29,1.6,44.6,49.5,0.0,1,6,13
1149.96,1733,2,158,51,31,0,0,3,5,0,1,4,1,53.3,4,62.3,86.5,77.8,50.3,42810.46,22817.98,779239.41,0.62,24,5.2,78.5,84.4,0.0,0,13,6
1534.82,3106,5,100,42,35,0,3,0,5,1,1,12,2,89.5,0,56.7,92.2,63.6,93.0,68621.94,61416.64,904046.16,0.49,19,4.7,72.7,96.3,91.5,1,13,8
1707.58,5000,1,206,167,157,0,2,5,1,1,1,6,0,62.9,32,17.1,44.9,16.1,30.5,61306.8,38561.98,351581.71,0.63,3,2.3,41.7,60.1,0.0,1,4,14
1230.96,3100,4,89,50,25,0,0,3,4,1,0,0,2,90.3,0,61.2,94.9,66.9,52.4,14226.89,12846.88,179538.39,0.52,26,7.6,87.3,77.4,85.9,1,12,3
1562.14,5000,1,276,658,141,0,7,3,6,1,1,7,0,54.7,12,31.4,30.1,45.8,15.3,39996.34,21878.0,368476.77,0.39,17,2.5,52.5,53.4,0.0,1,1,9
1115.13,2160,0,1138,695,396,0,8,1,6,0,1,5,3,53.9,15,40.2,53.4,50.7,8.9,41303.18,22262.41,530799.72,0.41,7,2.1,20.9,32.7,0.0,1,9,5
318.35,384,2,15,5,8,0,0,3,3,1,0,0,0,65.9,11,46.7,91.6,72.1,72.4,8127.76,5356.19,107207.47,0.47,7,5.9,88.1,93.9,0.0,1,3,3
1319.76,3994,0,617,83,314,0,8,5,7,0,1,4,8,34.0,34,53.0,24.9,21.4,39.9,9638.97,3277.25,142661.41,0.74,14,2.2,45.5,31.1,0.0,1,7,4
89.68,136,2,234,343,132,1,5,2,3,0,0,0,6,66.6,5,21.5,40.8,44.4,24.1,2910.73,1938.55,18996.78,0.53,5,3.4,48.9,48.0,0.0,1,13,8
448.64,1549,2,92,0,41,0,5,2,5,0,1,6,2,53.0,4,66.6,74.3,69.6,39.1,17888.91,9481.12,309573.05,0.53,15,6.6,64.9,94.3,0.0,0,4,0
1662.8,5000,1,943,728,60,0,4,3,6,0,1,7,2,53.2,18,30.5,53.5,45.8,3.0,44248.73,23540.32,642357.39,0.59,21,3.2,48.1,23.4,0.0,1,1,10
1796.82,1276,3,1155,189,271,0,11,4,8,0,0,0,5,34.7,33,47.4,60.2,40.5,19.1,34912.32,12114.58,233659.07,0.33,7,4.0,48.1,34.2,0.0,1,2,11
839.21,1465,2,788,438,259,1,4,4,5,1,0,0,5,20.9,15,54.8,33.8,26.3,0.6,32783.34,6851.72,410271.41,0.56,22,2.2,28.1,37.9,0.0,1,8,3
72.08,100,5,108,71,46,0,0,0,4,1,0,0,1,75.2,13,76.6,99.0,83.9,58.2,1628.33,1224.5,11245.36,0.5,19,5.4,61.6,94.8,59.3,1,2,10
54.18,183,4,147,19,35,0,6,1,5,1,0,0,2,62.0,21,58.6,94.3,54.7,84.9,1409.78,874.06,12595.32,0.49,22,5.4,83.6,61.9,76.3,0,2,7
211.68,365,3,265,447,90,0,9,2,8,0,1,13,2,54.3,27,47.4,59.2,17.1,7.9,3162.99,1717.5,46105.55,0.5,4,3.6,29.9,40.8,0.0,1,8,11
1287.88,2589,3,919,323,167,0,4,2,7,1,1,15,1,40.1,12,18.7,43.5,38.3,17.6,63558.99,25487.15,648633.48,0.48,15,2.2,35.9,48.5,0.0,1,0,0
1008.0,3965,5,34,36,52,0,4,1,2,1,0,0,1,87.9,0,53.4,74.9,58.8,93.8,26344.84,23157.11,140745.45,0.54,4,7.0,80.5,63.4,63.7,1,10,6
398.85,1414,4,92,20,5,0,6,2,1,1,0,0,1,95.1,0,57.9,66.0,55.8,98.0,5033.07,4786.45,72972.33,0.67,10,7.2,56.5,66.4,97.9,0,14,14
1698.9,5000,3,57,70,55,0,4,3,5,0,0,0,0,54.8,31,40.1,74.3,81.2,68.1,19048.0,10438.3,143223.67,0.4,6,5.4,76.2,80.4,0.0,0,12,5
1966.03,3129,3,172,24,55,0,6,3,5,0,0,0,0,51.5,26,95.9,63.7,52.3,67.1,27721.65,14276.65,488341.02,0.7,9,5.8,61.3,63.1,0.0,1,11,4
1799.83,1276,1,173,689,280,0,4,5,1,0,1,8,0,93.7,0,45.7,61.6,19.7,31.2,85593.1,80200.73,1215096.21,0.42,11,5.0,59.2,23.9,0.0,1,4,7
1934.01,1175,1,942,276,206,0,3,3,6,0,1,12,4,62.2,34,1.0,55.2,44.6,19.7,19733.62,12274.31,75824.72,0.7,8,3.1,23.3,36.6,0.0,1,2,14
1194.65,4119,1,127,384,43,0,12,4,6,1,0,0,0,80.1,0,44.0,34.0,13.0,39.1,18493.35,14813.17,248192.22,0.48,2,4.6,54.5,69.4,0.0,1,0,5
835.62,2243,2,10,16,50,0,7,1,3,1,0,0,1,81.6,0,99.0,84.5,94.2,22.0,5238.22,4274.39,28999.06,0.66,29,7.0,56.3,68.8,0.0,1,6,1
1717.63,4747,4,750,624,356,0,8,3,2,1,0,0,0,93.2,0,58.0,81.8,47.4,84.2,49336.26,45981.39,285446.41,0.59,4,5.5,54.6,57.8,73.7,1,9,10
472.72,1301,5,145,86,50,0,1,2,0,1,0,0,1,74.9,2,77.5,85.5,64.8,63.1,23531.04,17624.75,303784.04,0.35,1,5.4,78.2,86.4,83.5,0,14,5
1638.69,3941,4,142,72,1,0,8,3,5,1,1,8,1,60.3,6,49.2,71.6,75.3,53.1,21261.09,12820.44,218087.25,0.45,7,5.4,87.5,74.0,72.5,1,12,9
154.56,552,4,139,85,44,0,2,1,0,1,0,0,2,91.0,0,58.3,84.6,84.8,93.7,4535.09,4126.93,64447.81,0.65,16,7.4,80.7,65.8,93.7,1,0,1
1226.24,3451,2,167,221,241,0,10,2,6,1,1,5,0,74.8,28,46.6,19.8,48.3,37.1,8839.31,6611.8,125357.12,0.61,7,2.9,59.8,48.2,0.0,0,3,10
1954.37,1134,3,109,28,31,0,5,2,2,1,0,0,1,66.9,24,77.5,72.6,70.6,37.6,30704.05,20541.01,278653.61,0.63,23,4.1,66.9,84.1,0.0,0,6,13
737.59,1955,0,143,243,209,0,9,4,8,1,0,0,4,19.7,5,26.2,26.6,16.9,7.4,10835.9,2134.67,201958.28,0.53,14,3.3,47.1,65.3,0.0,1,0,9
717.79,2807,2,1164,204,264,1,10,3,3,0,0,0,4,24.8,21,8.4,19.8,18.9,22.7,2480.8,615.24,12200.24,0.8,35,1.4,59.4,39.2,0.0,1,2,1
1033.81,919,0,121,284,358,0,6,1,4,0,1,6,6,18.2,24,13.6,25.9,49.8,2.6,22229.51,4045.77,377703.49,0.32,7,2.1,33.9,53.9,0.0,1,11,2
51.96,146,5,161,44,39,0,7,1,2,1,0,0,2,73.3,31,76.8,88.1,73.5,53.9,570.45,418.14,1299.21,0.39,12,6.3,83.0,78.1,75.5,1,4,11
1233.83,1837,1,353,348,312,0,9,1,6,1,0,0,1,81.7,0,47.7,59.3,16.5,37.3,44894.53,36678.83,280072.43,0.72,9,3.6,14.3,35.2,0.0,1,3,4
945.98,2718,0,847,172,294,0,7,1,8,1,1,8,0,39.3,8,36.2,41.4,42.3,5.1,27767.75,10912.73,512122.77,0.72,18,2.7,30.0,29.1,0.0,1,12,1
1423.97,4403,3,224,721,290,0,2,3,8,0,1,13,4,37.7,36,29.8,58.2,33.4,21.1,45268.79,17066.33,317953.57,0.41,14,3.0,40.1,28.5,0.0,1,0,0
1079.77,2041,3,1039,362,384,0,9,2,7,0,1,2,8,41.4,27,4.1,23.4,32.0,17.5,28219.87,11683.03,204602.96,0.49,16,3.0,59.4,52.1,0.0,1,2,7
246.21,307,5,123,7,12,0,9,5,5,1,0,0,2,67.6,29,75.8,83.7,46.6,81.5,4672.42,3158.56,90816.86,0.38,2,4.1,59.7,97.1,36.8,0,1,3
1382.85,1941,3,720,219,95,0,8,3,5,1,1,11,2,29.6,7,29.9,29.4,33.9,8.6,21760.96,6441.24,241441.07,0.65,9,2.1,12.6,23.6,0.0,1,5,1
218.17,321,4,888,180,320,0,5,2,4,1,1,7,1,97.5,0,66.3,71.8,48.0,89.5,748.51,729.8,11365.7,0.56,15,3.7,29.4,51.4,73.7,1,7,8
1162.85,1657,4,24,4,29,0,7,3,3,1,0,0,0,89.7,0,80.6,56.5,76.3,57.2,55010.19,49344.14,205663.46,0.35,17,7.4,69.2,84.1,78.9,0,5,2
1594.17,2306,3,46,21,25,0,7,3,2,1,1,14,0,95.1,0,53.0,90.6,47.5,57.1,75708.77,71999.04,1337527.74,0.68,27,4.6,76.9,71.7,0.0,1,2,6
1733.58,3598,3,103,26,25,0,2,1,1,1,0,0,2,52.9,7,43.8,64.3,80.9,28.9,40808.7,21587.8,328006.41,0.43,16,6.7,84.4,85.2,0.0,0,4,12
342.78,297,3,248,364,368,0,4,1,1,1,1,11,4,17.8,16,11.8,44.4,31.1,12.5,11529.38,2052.23,38179.4,0.61,26,3.0,47.9,52.5,0.0,1,13,4
1237.8,2414,2,903,334,150,1,6,4,6,0,1,1,3,29.3,11,14.3,37.6,18.4,34.9,5828.64,1707.79,73889.29,0.78,19,2.7,18.8,29.3,0.0,1,7,13
1424.29,4109,3,149,44,43,0,11,2,8,0,0,0,1,70.3,19,96.6,89.3,52.2,39.8,61419.67,43178.03,1191519.16,0.7,25,4.7,76.8,66.4,0.0,0,1,1
33.05,84,2,100,81,1,0,5,4,3,1,0,0,1,52.4,13,84.0,91.1,71.0,71.1,694.88,364.12,6465.6,0.71,4,5.2,76.7,74.8,0.0,1,5,4
1385.39,3888,2,65,18,43,0,1,2,2,1,0,0,0,80.9,0,73.6,65.6,57.2,47.0,12799.55,10354.84,216325.16,0.43,6,7.8,73.3,89.0,0.0,1,12,12
1223.43,3733,2,1118,691,317,1,10,1,7,0,0,0,8,22.9,20,1.8,38.6,45.9,36.8,40871.46,9359.56,100470.05,0.44,2,2.4,46.2,33.1,0.0,1,3,2
375.43,659,4,70,40,58,0,4,1,1,0,1,4,0,84.5,0,82.7,76.8,55.2,88.9,7479.09,6319.83,131419.79,0.52,8,5.1,74.9,74.5,35.5,1,1,8
1667.32,5000,3,899,716,262,0,7,2,8,1,1,10,6,35.6,1,57.0,62.5,47.3,2.6,56971.95,20282.01,639034.6,0.42,5,4.3,17.8,56.8,0.0,1,10,12
1874.84,3776,0,866,423,186,0,8,3,7,1,0,0,5,69.8,5,58.2,37.9,43.2,23.4,38613.58,26952.28,592004.77,0.55,15,3.2,38.6,48.7,0.0,1,8,14
507.62,529,3,35,23,12,0,4,1,5,1,0,0,0,71.5,8,69.8,76.1,59.9,38.1,24553.38,17555.67,96712.43,0.49,20,6.8,98.8,63.7,0.0,0,6,7
206.37,581,4,63,38,14,0,3,1,6,1,1,4,2,78.0,1,70.4,64.3,54.3,54.4,2325.91,1814.21,31872.86,0.52,24,5.4,57.9,77.6,35.1,1,4,3
895.25,714,1,391,617,118,0,9,4,3,0,1,4,3,66.2,33,56.7,23.3,23.6,22.8,29029.31,19217.4,529554.6,0.57,22,3.5,56.5,66.6,0.0,1,1,14
857.3,956,3,317,589,193,0,5,2,7,1,0,0,3,16.4,20,19.3,51.5,25.2,18.6,12768.59,2094.05,114260.19,0.41,13,2.9,23.6,31.3,0.0,1,9,5
523.02,268,5,169,0,27,0,8,2,1,1,0,0,1,98.2,0,88.3,62.8,69.9,99.4,11295.2,11091.89,223048.46,0.57,12,4.8,62.6,67.8,70.0,0,4,0
1382.05,3068,4,10,42,38,0,1,3,0,0,0,0,0,80.4,0,48.6,71.4,58.6,71.7,20869.68,16779.22,129631.82,0.75,16,4.3,94.3,65.0,54.6,1,9,4
1867.83,5000,2,63,24,22,0,8,1,4,0,1,7,2,86.6,0,53.1,69.9,62.7,79.5,45886.05,39737.32,270330.94,0.48,11,4.6,79.1,87.3,0.0,1,10,5
1408.71,3946,5,34,64,21,0,6,1,0,0,1,11,2,99.4,0,53.6,86.2,55.8,98.3,31192.2,31005.05,545921.47,0.67,17,5.8,70.6,67.8,47.5,1,9,8
531.02,1033,2,539,269,266,1,9,5,2,0,1,10,7,52.2,34,20.0,49.7,22.5,10.5,24203.03,12633.98,203596.25,0.64,4,2.4,52.1,27.4,0.0,1,10,4
321.97,915,5,156,57,49,0,3,0,3,1,0,0,0,60.1,17,95.3,74.4,96.4,66.0,10792.93,6486.55,21675.76,0.49,24,5.6,91.8,96.4,70.4,1,8,8
88.3,80,0,98,693,258,0,3,2,6,0,0,0,8,19.2,10,8.3,44.4,47.0,1.8,3466.73,665.61,12778.43,0.44,21,4.0,18.8,48.6,0.0,0,1,7
1228.33,4548,4,116,31,18,0,3,1,4,1,0,0,1,65.7,35,57.0,61.1,66.0,95.9,13210.98,8679.61,95610.62,0.39,3,6.0,59.0,61.6,57.4,0,7,7
1489.82,2012,0,1019,705,252,0,6,2,3,0,0,0,1,67.9,31,44.4,46.3,18.8,33.3,8110.11,5506.76,140399.46,0.33,9,2.9,43.3,48.4,0.0,1,1,11
1090.33,4163,3,101,86,43,0,7,0,2,1,0,0,0,95.9,0,73.4,94.9,99.8,34.4,19851.13,19037.23,150331.84,0.61,5,7.2,63.5,71.7,0.0,0,8,8
1615.47,4559,2,163,1,39,0,4,2,5,1,0,0,2,57.2,15,44.2,83.5,79.3,31.5,54775.29,31331.47,865881.58,0.38,11,5.9,70.3,83.1,0.0,0,10,7
1839.76,2106,3,70,50,7,0,4,3,2,1,0,0,0,97.4,0,57.7,85.1,92.3,52.9,66903.63,65164.14,1023854.18,0.61,3,6.2,99.2,88.0,0.0,0,6,13
985.12,979,2,176,21,33,0,3,1,2,1,1,2,2,91.2,0,73.0,98.7,45.8,56.9,3157.55,2879.69,25889.16,0.35,15,5.7,65.8,63.0,0.0,1,11,11
1018.86,750,1,1038,501,41,0,3,2,1,0,0,0,7,20.3,22,49.1,37.4,54.7,19.8,31135.18,6320.44,493873.73,0.47,8,2.0,49.8,27.9,0.0,1,4,2
574.91,610,2,157,235,248,0,3,5,5,1,1,6,5,43.7,24,57.7,61.8,27.9,35.0,2424.23,1059.39,17876.1,0.65,11,3.3,52.3,57.8,0.0,1,10,4
711.02,1421,2,111,46,41,0,1,3,5,1,0,0,1,79.2,21,80.6,76.9,45.2,66.4,14910.89,11809.42,104986.28,0.52,5,5.2,55.2,84.6,0.0,0,8,10
1915.07,4305,3,139,28,1,0,12,4,5,1,0,0,2,52.4,20,81.3,73.3,45.4,26.1,14439.37,7566.23,149654.64,0.48,21,5.3,83.8,66.3,0.0,1,2,8
1444.16,2063,5,171,33,46,0,4,3,5,0,0,0,0,94.9,0,62.7,69.6,84.5,54.9,48826.78,46336.61,930696.42,0.4,16,5.9,99.3,72.5,88.3,1,11,9
1230.19,3854,4,30,83,29,0,2,3,0,0,0,0,1,96.1,0,78.7,82.0,63.7,78.6,3304.3,3175.43,39214.56,0.4,9,7.3,66.2,62.5,63.2,1,12,11
632.45,322,2,102,7,17,0,12,3,6,1,0,0,2,87.6,0,78.1,59.6,81.0,66.6,6825.95,5979.53,125593.6,0.54,14,5.4,62.6,60.7,0.0,1,13,9
644.47,1608,3,127,73,42,0,1,0,3,1,0,0,0,66.2,3,82.4,69.0,63.4,65.5,31629.59,20938.79,622517.3,0.45,18,6.8,95.6,99.5,0.0,1,14,2
347.81,833,5,25,62,23,0,5,1,4,1,0,0,1,92.4,0,58.8,89.9,64.8,81.0,2436.16,2251.01,10856.41,0.44,20,5.1,72.5,86.9,87.9,1,11,5
1424.72,2478,5,62,42,30,0,6,0,4,1,1,15,2,88.1,0,55.5,99.7,84.0,63.1,14441.38,12722.86,118846.77,0.71,22,5.0,71.1,94.7,75.2,0,7,4
230.43,531,1,282,273,287,0,12,2,3,0,0,0,1,56.0,15,14.0,38.7,24.7,11.0,7295.46,4085.46,72656.2,0.71,7,2.6,34.3,50.1,0.0,1,11,4
388.0,1480,5,141,14,9,0,3,2,4,1,1,9,0,59.1,4,58.3,78.4,81.2,54.9,17108.87,10111.34,214721.83,0.44,3,6.9,85.1,73.6,84.9,0,0,9
999.63,2971,2,67,32,5,0,4,1,0,1,0,0,0,92.6,0,87.1,65.7,72.1,70.4,37059.82,34317.39,389642.3,0.48,24,6.5,77.4,68.9,0.0,1,8,10
1714.06,4535,0,944,709,175,0,9,1,3,0,1,7,8,32.1,19,24.2,19.1,27.3,37.8,70723.16,22702.13,482396.01,0.67,31,2.0,46.0,51.8,0.0,1,14,4
668.73,1815,4,101,65,48,0,10,3,5,0,1,5,2,68.8,21,41.6,61.0,76.0,86.8,14872.09,10232.0,123920.41,0.41,5,5.3,57.5,79.6,81.1,1,3,5
1882.93,5000,3,91,40,56,0,1,2,4,0,0,0,1,62.9,27,81.6,71.3,62.0,65.4,50726.14,31906.74,829364.53,0.4,10,7.1,80.2,69.2,0.0,1,12,9
451.5,916,4,74,15,54,0,2,3,1,1,0,0,1,63.0,15,76.9,76.9,71.6,62.9,3894.78,2453.71,30036.81,0.52,2,6.0,78.7,68.4,79.2,1,12,3
1200.4,2051,3,519,561,265,0,10,5,6,0,1,11,0,61.4,16,9.7,44.8,51.6,6.4,59558.45,36568.89,688352.91,0.52,8,3.8,28.3,54.1,0.0,1,2,9
1601.2,5000,2,35,67,49,0,12,1,5,1,1,1,2,76.2,33,73.8,86.0,73.4,30.9,10320.05,7863.88,172574.51,0.66,13,4.4,83.9,76.5,0.0,0,12,14
571.17,1639,3,80,37,47,0,3,1,5,1,0,0,1,56.4,1,56.2,92.3,92.9,78.3,23931.97,13497.63,61620.66,0.3,13,5.2,98.5,78.4,0.0,1,6,11
998.41,3856,4,136,21,7,0,2,0,4,1,0,0,0,92.0,0,84.2,96.5,51.5,97.1,21833.11,20086.46,279516.65,0.32,4,6.6,80.6,80.1,92.6,0,8,11
1143.23,3086,5,101,54,48,0,5,0,0,1,1,15,2,60.5,6,96.0,80.4,72.1,96.6,50327.01,30447.84,144423.26,0.35,8,7.4,61.5,77.5,62.4,1,4,2
43.6,80,2,149,57,37,0,3,2,2,1,0,0,1,93.0,0,54.3,90.0,99.2,50.2,1890.33,1758.01,11500.18,0.46,7,5.3,91.2,81.4,0.0,1,7,10
1044.98,636,1,807,361,390,0,8,4,3,0,0,0,1,52.6,25,9.2,37.0,26.3,23.0,17385.76,9144.91,300416.79,0.61,15,4.1,43.6,44.7,0.0,1,12,10
416.57,701,3,52,49,22,0,6,3,5,1,0,0,1,57.9,14,66.5,99.5,59.1,48.9,1731.61,1002.6,12942.71,0.37,1,5.9,99.8,73.4,0.0,1,11,2
735.61,1923,1,231,557,124,0,10,5,1,0,1,4,1,54.2,26,2.4,47.3,23.1,4.9,14207.39,7700.41,116188.19,0.63,25,3.0,56.3,24.8,0.0,1,2,10
1483.95,1851,4,100,43,48,0,8,1,5,1,0,0,0,85.2,0,65.0,79.7,74.2,97.4,17225.74,14676.33,115334.8,0.33,13,5.9,82.6,83.0,90.9,1,7,2
1538.47,2402,5,143,88,6,0,5,0,3,1,1,8,1,70.2,17,75.1,77.3,82.0,95.4,37415.33,26265.56,196940.12,0.34,2,5.7,70.0,60.2,85.8,1,7,2
1806.47,5000,1,843,68,217,0,3,1,7,1,0,0,6,38.9,10,27.8,23.6,29.8,7.6,7496.99,2916.33,118412.88,0.54,14,3.2,20.2,29.1,0.0,1,11,3
1581.83,1390,1,404,641,391,0,2,4,5,1,1,10,4,14.3,4,12.7,39.7,33.9,1.6,75981.56,10865.36,775703.72,0.47,3,3.1,34.2,51.0,0.0,1,5,11
954.22,3720,2,14,10,29,0,6,0,5,1,0,0,2,89.7,0,66.8,82.4,72.0,56.6,31264.96,28044.67,311567.16,0.38,1,7.5,57.5,80.5,0.0,0,0,5
192.03,449,3,900,179,69,0,4,2,4,1,1,8,0,50.3,4,89.8,59.5,51.4,35.0,9068.36,4561.39,24965.88,0.54,3,4.0,48.1,64.7,0.0,1,7,14
1832.21,3714,3,48,22,24,0,6,1,4,1,0,0,0,52.0,8,56.9,68.7,49.5,42.9,71023.74,36932.34,1308105.96,0.56,14,5.8,60.5,77.8,0.0,0,8,12
784.0,1288,0,768,329,158,0,4,3,6,1,0,0,2,95.1,0,45.0,40.9,53.4,24.7,38070.73,36205.26,77494.0,0.52,11,3.3,42.5,26.9,0.0,0,2,9
1886.33,5000,3,961,485,285,0,3,5,8,1,1,3,0,34.0,14,36.9,46.9,10.6,11.2,49316.41,16767.58,247069.48,0.72,25,2.3,55.6,50.7,0.0,1,4,1
785.86,1628,3,341,323,165,0,3,1,5,1,1,7,0,48.0,28,56.7,30.6,37.4,32.9,23552.26,11305.08,413776.87,0.72,18,2.5,46.6,65.5,0.0,1,5,14
1006.46,2553,2,616,496,382,1,9,4,5,1,1,15,1,88.5,0,48.8,54.1,17.8,5.1,43410.2,38418.03,687297.66,0.5,11,4.1,25.3,51.4,0.0,1,10,7
772.57,1268,2,771,314,242,1,5,2,4,1,0,0,4,31.5,13,33.2,42.7,54.2,14.0,16342.27,5147.82,270677.51,0.6,22,2.4,50.8,58.5,0.0,1,2,0
1231.42,618,2,89,1,13,0,7,3,0,1,0,0,1,81.9,0,44.4,82.5,94.5,75.5,22324.05,18283.4,354876.71,0.47,13,7.0,58.1,69.7,0.0,0,11,10
1155.83,837,2,19,47,29,0,4,1,2,1,0,0,2,68.2,24,93.2,91.9,78.3,23.7,37449.93,25540.85,651226.61,0.64,3,4.0,77.0,65.5,0.0,1,1,4
22.0,59,3,30,39,17,0,1,0,3,1,0,0,0,93.6,0,88.6,73.8,57.4,40.4,947.05,886.44,10467.65,0.45,15,8.3,59.9,94.0,0.0,0,6,2
1462.42,5000,3,148,90,35,0,7,2,2,1,1,12,0,91.7,0,83.7,94.2,48.5,74.5,63860.36,58559.95,536666.63,0.51,17,4.9,90.6,71.7,0.0,1,14,10
1634.6,3438,2,15,19,20,0,12,3,5,0,0,0,2,58.9,19,60.4,86.1,46.5,58.2,50262.02,29604.33,207690.45,0.47,16,4.9,91.0,74.9,0.0,0,2,5
1953.06,3923,4,99,83,52,0,12,2,6,1,0,0,0,78.3,16,95.6,87.9,45.5,93.0,18697.51,14640.15,252655.24,0.58,10,5.0,76.9,89.9,36.9,1,5,6
1629.2,1171,2,96,43,14,0,2,0,2,1,0,0,2,60.3,36,51.8,61.4,61.2,38.7,45427.2,27392.6,815250.22,0.5,17,6.5,69.6,87.4,0.0,1,13,0
1079.34,3453,1,90,144,108,0,3,4,3,1,1,3,7,22.8,28,47.2,25.0,45.0,37.3,23016.49,5247.76,267073.98,0.72,25,2.4,43.3,43.6,0.0,1,1,4
1889.97,1183,4,84,72,48,0,6,2,2,0,0,0,0,84.2,0,78.5,99.9,75.1,91.1,23077.24,19431.04,87423.23,0.66,6,6.0,83.7,81.7,72.5,1,11,8
1432.95,4478,4,112,54,42,0,12,1,1,0,1,11,1,87.0,0,73.0,94.0,53.0,91.8,52827.85,45960.23,334301.34,0.74,24,4.1,68.1,71.6,50.9,0,14,1
1527.8,5000,1,288,573,130,0,7,1,4,0,1,5,1,48.9,19,53.9,56.1,43.7,30.3,67742.23,33125.95,405805.68,0.76,15,3.2,12.0,42.8,0.0,1,11,13
51.34,154,5,141,6,55,0,6,0,2,1,0,0,1,78.8,23,41.2,97.1,84.2,67.3,2179.15,1717.17,12563.51,0.6,12,5.5,59.8,88.4,34.2,1,11,14
640.11,2084,2,161,67,54,0,12,2,3,0,1,15,0,77.6,10,40.5,78.1,50.8,48.6,18266.22,14174.59,202885.83,0.4,7,5.2,59.8,84.4,0.0,1,9,2
1475.36,3095,0,773,373,71,0,8,2,4,0,1,1,8,35.9,29,41.0,31.0,15.6,6.7,8577.79,3079.43,140057.51,0.67,21,1.9,34.4,44.5,0.0,1,13,6
655.68,1964,0,1152,124,86,0,12,3,6,1,0,0,6,58.0,23,20.6,27.4,32.1,17.5,28806.35,16707.68,382224.3,0.45,13,1.8,32.8,43.4,0.0,1,13,12
247.36,802,5,87,41,56,0,8,3,2,1,1,7,0,85.7,0,58.7,81.7,91.5,71.4,3984.36,3414.6,58807.1,0.63,7,6.2,93.5,79.5,84.6,1,6,14
562.59,360,3,968,390,74,0,10,4,4,1,1,13,1,30.4,14,18.6,48.3,26.8,21.8,22259.18,6766.79,161975.55,0.55,5,1.9,18.3,57.2,0.0,1,4,3
740.45,1559,0,573,570,78,0,2,4,4,1,0,0,7,35.3,25,22.0,53.2,52.7,8.6,14146.22,4993.62,245992.35,0.47,9,2.3,11.7,56.8,0.0,1,7,3
1972.57,1365,3,23,25,60,0,1,3,5,0,0,0,1,51.8,16,60.1,89.0,55.1,20.6,39787.49,20609.92,281133.61,0.57,15,5.3,77.6,70.7,0.0,0,9,8
1707.84,4594,3,227,360,322,0,9,5,1,1,0,0,1,73.3,31,45.1,29.6,36.9,37.2,50638.91,37118.32,928824.99,0.34,6,3.9,50.2,24.8,0.0,1,2,11
1924.51,3605,1,191,716,221,0,7,1,3,1,0,0,8,28.1,2,1.3,24.4,27.3,10.5,10168.51,2857.35,158509.88,0.39,12,4.2,52.2,69.9,0.0,1,14,12
1979.07,5000,5,148,66,40,0,5,1,0,1,0,0,0,77.0,11,85.3,81.6,48.0,57.2,74565.39,57415.35,751290.25,0.38,5,5.6,97.3,67.8,72.0,0,6,2
1869.33,5000,4,157,66,13,0,2,1,5,1,0,0,1,77.9,24,54.7,96.8,54.8,52.4,72990.08,56859.27,1285917.23,0.46,22,5.1,73.2,70.1,87.5,0,0,0
1769.45,3608,1,453,361,74,0,9,5,2,0,0,0,7,62.3,26,9.7,18.7,31.6,19.8,44304.58,27601.75,301988.66,0.5,5,2.9,55.1,58.3,0.0,1,13,7
125.43,443,5,53,50,27,0,3,5,5,1,0,0,1,81.1,0,65.2,84.0,79.8,67.5,382.56,310.26,3685.59,0.51,19,6.0,90.0,77.4,84.3,1,2,5
359.98,904,5,173,85,11,0,9,1,3,0,1,12,2,93.6,0,87.3,77.2,84.7,58.6,7994.59,7482.94,140005.63,0.55,12,4.5,74.9,99.6,48.9,0,4,0
1975.28,5000,4,164,89,25,0,4,3,5,1,0,0,2,65.4,6,79.5,93.5,67.8,58.9,21473.77,14043.85,267639.13,0.35,14,7.2,77.6,61.0,87.4,1,7,5
970.8,2842,1,798,213,221,0,5,2,6,1,1,1,2,57.2,27,57.3,55.8,32.7,0.8,4138.75,2367.37,20467.33,0.46,9,4.4,46.5,20.2,0.0,0,2,12
1320.7,2620,2,25,61,40,0,8,0,2,0,0,0,1,74.6,28,40.1,99.1,53.4,39.0,51164.26,38168.54,761777.39,0.54,17,5.5,75.7,83.5,0.0,0,12,0
451.56,1482,1,797,654,102,0,8,5,8,1,1,4,2,59.8,29,49.1,42.7,19.5,8.4,19684.53,11771.35,193032.36,0.43,12,2.6,22.5,21.9,0.0,1,8,5
1466.85,2581,3,162,37,40,0,3,1,4,1,0,0,0,68.8,34,55.3,96.2,67.2,63.5,4909.44,3377.69,44690.6,0.33,4,6.3,74.5,81.4,0.0,1,4,11
1343.02,1747,1,157,293,393,0,11,5,8,0,1,2,0,31.5,29,15.9,36.5,52.7,11.2,45121.9,14213.4,218434.1,0.45,13,2.2,21.8,27.6,0.0,1,5,0
226.51,538,5,62,59,29,0,2,2,2,1,1,4,0,79.0,2,64.0,97.5,98.4,73.8,1766.2,1395.3,16145.37,0.66,16,4.3,61.3,97.1,75.9,1,8,14
1245.72,3190,2,148,126,194,0,2,3,8,0,1,11,2,78.4,18,38.7,58.8,24.1,29.9,21880.65,17154.43,282970.98,0.57,10,3.4,21.7,39.1,0.0,1,7,6
892.04,890,2,12,30,51,0,5,1,0,0,0,0,1,93.5,0,62.7,85.4,86.6,28.1,34674.21,32420.39,532551.26,0.77,26,7.2,94.3,99.6,0.0,0,12,13
221.0,387,0,201,410,329,0,2,4,2,0,1,10,0,17.0,28,30.9,58.6,17.0,38.0,4113.79,699.34,73732.18,0.39,15,1.7,54.7,27.8,0.0,1,3,5
1487.42,3534,0,578,273,374,0,11,2,6,1,1,2,3,47.3,24,39.4,60.5,28.1,17.4,24830.71,11744.93,457355.42,0.62,16,3.3,48.2,49.9,0.0,1,13,14
1616.62,3744,3,145,73,37,0,12,4,5,0,1,13,2,82.4,0,43.8,92.2,99.0,38.8,44438.71,36617.5,800117.95,0.5,21,5.2,95.0,75.9,0.0,0,8,9
1007.4,670,5,93,67,60,0,4,2,4,0,1,15,0,87.2,0,74.3,61.7,67.5,53.4,49037.37,42760.59,338461.88,0.38,7,5.7,92.3,74.1,50.0,0,10,12
615.58,1324,5,37,80,3,0,4,2,0,1,0,0,0,51.4,4,90.0,72.7,45.4,56.9,27413.89,14090.74,439744.32,0.46,8,7.0,73.8,85.1,94.4,1,9,11
1705.88,4697,2,1088,158,72,1,5,5,8,0,1,8,8,63.5,14,49.6,38.8,41.5,6.1,48726.84,30941.54,618068.27,0.64,16,3.0,44.7,58.3,0.0,1,11,6
1813.5,2633,5,44,55,57,0,0,1,3,0,0,0,1,59.4,15,50.1,59.5,89.7,59.6,57676.38,34259.77,688648.9,0.5,10,5.0,99.2,69.7,94.8,1,4,9
1476.92,1672,4,151,84,34,0,8,0,0,0,0,0,1,70.8,26,97.9,95.8,66.6,85.8,67077.65,47490.98,829336.35,0.44,21,6.3,60.2,78.8,54.2,0,8,3
910.84,795,2,98,67,38,0,1,2,5,1,0,0,1,81.0,0,94.6,91.0,79.1,79.0,38330.47,31047.68,735678.01,0.33,10,5.4,84.6,73.6,0.0,1,0,2
784.82,1865,5,120,63,49,0,3,3,4,1,0,0,1,83.4,0,54.1,94.3,82.7,94.5,24411.86,20359.49,68838.99,0.47,10,6.1,90.9,69.3,92.1,0,10,9
1055.35,1975,2,178,25,57,0,5,1,5,1,0,0,2,75.8,26,53.1,70.1,96.7,32.0,35923.1,27229.71,199213.09,0.61,6,6.6,55.2,79.4,0.0,1,14,14
457.19,1221,2,493,595,44,1,10,3,6,0,1,13,6,14.6,27,33.5,59.1,25.6,27.8,15635.83,2282.83,116947.08,0.45,10,2.1,53.3,29.8,0.0,1,0,9
1145.62,3975,4,90,33,35,0,0,2,5,0,0,0,0,87.0,0,55.8,69.8,49.7,56.3,6497.14,5652.51,120807.82,0.5,16,5.2,66.3,62.7,57.7,0,4,0
654.22,2615,4,29,48,5,0,12,1,8,1,0,0,0,51.0,24,62.9,59.3,68.9,61.4,15714.97,8014.63,284759.37,0.44,2,5.5,64.1,62.9,61.9,0,2,9
207.82,527,2,129,70,33,0,3,3,3,0,0,0,2,82.6,0,59.6,89.9,74.8,45.6,905.12,747.63,15967.2,0.33,6,6.7,78.3,62.7,0.0,1,2,5
1210.26,2535,4,41,33,40,0,12,1,1,1,0,0,1,63.8,22,40.2,56.0,45.4,75.6,50846.12,32439.82,540461.12,0.52,3,4.2,92.1,69.6,94.7,1,7,8
123.2,419,4,76,53,12,0,2,1,0,1,0,0,0,66.6,4,55.6,65.5,56.6,98.3,5039.02,3355.99,41277.61,0.42,17,7.1,89.6,93.7,63.9,1,11,12
1431.45,3772,0,272,153,177,0,8,3,7,1,1,8,4,62.9,21,5.4,47.7,20.9,14.7,22714.67,14287.53,65619.86,0.65,9,2.6,54.3,28.7,0.0,1,5,14
411.27,1430,4,26,19,23,0,8,1,2,1,0,0,2,82.3,0,59.2,80.8,65.2,93.4,6762.52,5565.55,86132.62,0.42,14,5.6,69.2,66.5,85.0,0,9,11
849.73,2722,3,174,45,49,0,8,3,2,1,1,1,0,58.4,5,54.7,84.0,96.3,30.7,13098.3,7649.41,199980.66,0.54,14,5.4,89.1,90.2,0.0,0,4,6
1387.8,2452,4,26,8,46,0,5,1,5,1,1,1,2,92.9,0,96.3,86.0,96.3,99.2,54946.88,51045.65,525269.23,0.47,15,6.9,80.8,82.6,88.5,0,6,11
39.28,26,0,945,243,114,0,7,1,4,1,1,4,0,19.7,7,42.9,25.5,25.2,5.5,317.69,62.58,2665.93,0.67,14,3.3,30.5,31.5,0.0,1,3,1
675.47,423,4,295,714,211,0,3,1,7,0,0,0,1,74.4,29,69.6,77.5,46.8,76.8,6563.57,4883.3,120209.44,0.76,22,3.9,49.7,40.7,74.2,1,4,1
891.64,2217,3,171,55,39,0,8,3,1,1,1,9,0,67.7,22,60.3,75.4,99.3,72.7,14998.94,10154.28,106721.73,0.52,21,5.2,82.5,84.6,0.0,0,11,5
1876.29,5000,3,648,357,76,0,12,5,3,1,0,0,3,50.1,7,59.9,64.9,15.5,9.4,62184.44,31154.4,794421.69,0.53,3,3.6,28.1,25.7,0.0,1,5,0
412.71,445,4,64,69,48,0,8,2,3,0,1,13,2,80.2,0,64.5,74.6,68.8,58.1,1575.67,1263.69,23356.21,0.51,13,6.3,58.8,88.0,46.4,0,6,3
41.32,71,4,150,71,12,0,6,0,3,1,0,0,0,84.0,0,99.9,89.8,70.4,80.4,2042.8,1715.95,35989.42,0.46,9,7.0,59.5,82.7,90.8,1,6,0
1514.4,5000,4,36,15,30,0,1,2,2,1,1,5,0,82.7,0,92.4,87.4,85.1,89.4,42613.12,35241.05,96166.52,0.36,7,6.9,83.3,88.6,98.8,0,14,9
907.21,1470,3,74,37,44,0,6,0,0,0,1,10,2,93.2,0,57.1,64.5,96.1,47.2,32240.37,30048.02,224910.13,0.35,7,6.6,86.6,89.3,0.0,1,5,2
1713.02,971,2,164,68,43,0,4,1,0,1,0,0,0,58.3,20,87.0,89.6,66.4,29.7,52409.91,30554.98,899205.65,0.42,2,6.5,66.1,94.7,0.0,0,5,11
882.52,859,3,797,538,147,0,12,2,3,1,0,0,3,39.9,31,0.1,34.5,23.9,30.7,9104.49,3632.69,32371.01,0.65,31,1.5,22.0,21.2,0.0,1,6,1
1832.82,1347,3,975,204,358,0,6,2,6,0,1,15,1,31.4,27,30.2,45.5,54.4,12.1,20174.22,6334.71,255690.51,0.69,4,3.2,58.2,67.2,0.0,1,4,14
761.43,1702,3,93,27,36,0,8,1,2,1,0,0,2,59.8,6,84.8,68.6,54.3,50.7,12479.25,7462.59,66956.18,0.48,15,7.7,64.5,70.2,0.0,1,11,9
242.97,638,2,49,35,12,0,1,2,3,1,0,0,1,50.3,28,57.3,61.5,96.1,50.2,221.82,111.58,4222.97,0.68,3,4.9,61.4,85.4,0.0,0,1,6
1897.35,5000,3,109,36,30,0,4,2,4,1,0,0,1,58.4,10,83.8,63.4,93.1,58.9,73060.03,42667.06,949900.14,0.37,17,6.8,83.3,97.1,0.0,0,10,2
1232.02,3034,3,234,677,93,0,9,1,5,0,0,0,2,58.7,29,0.1,47.0,28.8,24.9,52886.7,31044.49,440705.96,0.66,22,2.3,58.7,57.0,0.0,1,10,13
1682.15,5000,1,479,689,52,0,3,3,6,0,1,7,1,28.4,6,45.2,43.3,27.1,38.1,38460.48,10922.78,491667.36,0.68,25,3.0,31.2,20.7,0.0,1,9,6
147.03,168,3,161,88,9,0,5,0,0,1,1,14,2,56.9,15,92.4,83.1,97.8,47.9,1144.6,651.28,3230.95,0.32,8,6.5,65.0,83.1,0.0,1,8,2
1527.38,3274,3,105,311,185,0,10,2,5,1,0,0,7,46.1,29,33.1,38.4,54.1,7.3,45609.48,21025.97,405807.57,0.79,24,2.1,22.8,33.0,0.0,1,12,1
622.3,1784,0,99,273,311,0,3,1,4,1,0,0,1,45.3,29,8.5,23.7,36.6,36.9,7040.28,3189.25,29241.99,0.66,6,2.4,15.8,69.5,0.0,1,9,13
1507.32,2228,0,380,725,223,0,11,5,5,1,1,5,4,24.3,11,26.5,56.3,36.6,39.1,49241.26,11965.63,774041.57,0.37,11,2.0,39.6,68.9,0.0,1,7,7
1889.17,5000,2,72,9,23,0,12,3,3,1,1,9,0,59.8,1,98.7,88.1,71.6,30.5,80714.42,48267.22,647559.23,0.65,32,4.7,96.9,91.8,0.0,1,11,13
825.68,2688,3,164,7,6,0,0,0,2,1,0,0,2,63.7,31,46.4,63.6,82.7,51.3,35525.49,22629.74,619096.16,0.52,24,4.9,79.8,81.0,0.0,0,8,7
503.72,847,3,96,88,37,0,3,2,2,1,0,0,2,58.2,1,45.8,67.2,47.6,43.9,20621.8,12001.89,187943.31,0.31,3,4.7,63.1,81.1,0.0,1,0,2
401.52,1541,2,170,29,53,0,4,3,1,1,0,0,1,87.4,0,60.9,59.0,80.7,79.9,3472.41,3034.89,12842.98,0.6,6,6.3,78.0,72.4,0.0,1,11,4
1136.34,2686,3,949,664,74,0,2,1,4,1,1,6,2,70.6,20,34.8,56.8,10.7,9.9,20800.98,14685.49,64509.34,0.42,11,2.0,19.9,22.2,0.0,1,2,0
1372.13,2616,3,349,594,160,0,2,5,2,1,0,0,4,57.8,35,40.5,21.8,38.8,20.5,36993.17,21382.05,456261.93,0.74,14,2.8,54.8,22.8,0.0,1,13,1
822.8,975,0,148,258,254,0,9,2,1,0,1,12,1,34.5,18,35.1,61.1,52.8,28.0,16310.57,5627.15,322880.9,0.59,17,2.3,16.7,54.9,0.0,1,8,8
106.75,353,4,108,49,29,0,6,2,5,1,0,0,1,84.7,0,45.3,95.3,53.7,63.9,3649.69,3091.29,28027.76,0.42,14,5.0,89.8,97.8,93.1,1,0,9
1253.88,3997,3,98,43,55,0,2,2,0,1,1,7,1,81.6,0,88.5,91.2,93.6,41.0,44782.73,36542.71,827670.96,0.8,16,4.8,92.1,91.9,0.0,1,0,13
1383.94,3193,1,357,442,141,0,9,5,2,1,0,0,4,22.2,10,9.7,45.1,39.9,27.6,921.17,204.5,13647.51,0.62,26,2.3,10.5,20.7,0.0,1,8,4
1136.66,3881,4,166,78,54,0,0,0,5,0,0,0,1,71.6,1,48.9,70.8,75.2,95.9,41948.29,30034.98,509474.75,0.39,6,6.5,58.1,83.8,83.0,0,0,9
820.1,3020,3,702,672,266,0,7,2,3,1,1,4,6,67.2,31,53.1,37.8,41.9,27.6,25691.9,17264.96,216718.36,0.57,22,3.4,56.3,47.2,0.0,1,5,14
75.72,47,5,123,69,12,0,8,0,4,1,0,0,1,96.6,0,42.5,74.3,59.6,85.8,3276.04,3164.65,12532.82,0.63,7,6.5,78.7,62.5,89.9,1,4,10
1580.53,5000,5,60,60,32,0,2,2,3,1,0,0,2,58.7,5,96.1,69.0,61.1,96.3,15261.11,8958.27,143300.33,0.63,11,5.8,84.7,60.5,72.2,1,11,13
1883.59,1218,0,245,639,50,0,2,4,5,1,1,10,6,43.7,7,29.2,55.1,39.9,15.9,40043.05,17498.81,415514.23,0.4,11,2.3,20.8,62.0,0.0,0,13,2
1192.19,1190,2,98,35,27,0,4,2,3,1,0,0,2,98.7,0,60.6,56.0,89.2,60.8,3031.17,2991.76,55579.44,0.55,8,6.8,62.0,95.4,0.0,1,0,0
1131.08,652,2,65,23,59,0,12,4,5,0,1,12,0,82.1,0,82.5,86.6,46.6,51.2,34597.46,28404.51,586632.76,0.53,24,5.0,76.7,74.6,0.0,1,9,6
558.19,2169,5,172,45,19,0,7,3,3,1,1,7,2,98.9,0,76.3,98.8,85.0,89.7,14913.69,14749.64,211497.53,0.61,17,5.4,71.5,91.0,67.8,1,11,14
1121.19,1985,2,229,306,367,1,10,4,8,0,1,11,2,74.5,14,19.6,19.3,31.0,26.6,25053.33,18664.73,250759.36,0.6,10,3.0,46.1,67.7,0.0,1,12,14
1750.4,4963,3,1185,392,302,0,12,1,7,1,0,0,6,36.3,19,43.8,23.7,10.4,7.0,72177.43,26200.41,670853.3,0.53,16,2.2,46.1,62.9,0.0,1,5,8
1044.93,2821,5,23,55,2,0,12,3,2,1,0,0,0,76.6,28,79.7,74.2,88.3,74.7,41894.65,32091.3,640292.4,0.73,32,4.7,59.8,95.9,74.7,0,6,1
673.02,1957,1,1038,244,56,0,4,1,2,1,0,0,7,43.7,13,55.2,20.7,34.4,8.6,3025.93,1322.33,8785.65,0.31,6,2.9,11.6,58.2,0.0,1,5,2
1374.86,1729,3,101,79,36,0,6,2,5,1,1,10,0,59.4,5,73.0,92.0,58.3,20.6,19167.16,11385.29,245485.55,0.5,18,4.9,99.1,78.1,0.0,1,6,9
1252.13,1762,4,129,3,34,0,6,3,0,1,0,0,2,63.8,35,98.6,87.7,78.1,90.8,9739.94,6214.08,167548.8,0.51,13,5.6,96.5,83.6,62.5,1,4,10
1594.4,4632,3,19,18,24,0,1,0,0,0,0,0,1,65.3,16,81.1,92.2,77.4,40.5,8401.11,5485.92,37743.5,0.51,13,5.9,77.9,61.3,0.0,1,14,3
1719.93,3581,4,71,65,49,0,6,4,8,0,1,1,0,60.3,11,97.8,74.4,71.2,97.8,75835.91,45729.05,574258.64,0.55,24,4.4,57.8,92.2,43.6,1,7,6
1917.32,4187,3,45,69,32,0,5,3,0,1,0,0,1,76.9,5,77.3,94.8,60.3,74.7,65528.89,50391.72,1168164.62,0.41,11,8.1,82.6,67.8,0.0,0,0,12
937.4,2643,4,86,32,48,0,4,3,8,1,1,8,2,85.2,0,83.8,87.4,89.9,66.3,28424.99,24218.09,281008.86,0.6,7,4.7,86.2,76.6,64.2,1,8,4
1605.75,5000,2,796,256,125,1,11,1,8,1,1,7,2,64.3,33,52.8,59.5,10.6,5.4,15937.09,10247.55,85646.23,0.44,11,2.8,34.5,23.5,0.0,1,12,2
1859.05,4288,0,329,652,241,0,11,3,7,1,1,4,6,68.6,20,34.1,39.7,27.0,26.5,76144.46,52235.1,454683.88,0.73,36,1.7,17.2,49.1,0.0,1,11,13
1374.51,5000,4,108,73,54,0,8,1,0,1,0,0,0,56.4,4,61.5,60.9,54.2,76.5,36634.5,20661.86,265467.68,0.42,13,6.4,55.7,63.7,78.8,1,4,9
386.95,253,0,959,261,132,0,4,4,6,0,1,12,1,75.7,33,21.9,50.8,45.0,2.1,13385.23,10132.62,243541.31,0.57,17,3.6,16.3,43.2,0.0,1,13,6
1323.77,5000,4,115,50,7,0,8,4,2,1,1,13,2,87.2,0,65.9,68.5,74.5,63.9,47466.5,41390.79,355535.09,0.3,1,5.7,64.5,97.6,58.8,1,3,11
385.0,435,3,78,26,52,0,2,1,0,1,0,0,2,84.3,0,81.4,65.0,68.5,40.5,2452.88,2067.78,26708.45,0.69,26,6.9,74.7,61.7,0.0,1,8,1
329.54,1008,5,160,16,22,0,4,0,3,1,0,0,2,60.8,14,97.4,77.9,76.8,98.2,14770.27,8980.32,52456.82,0.38,18,5.1,85.4,61.9,31.2,1,3,5
1472.12,3577,0,590,706,173,0,3,2,5,1,1,11,8,26.9,17,23.3,61.6,24.4,34.1,40753.32,10962.64,307958.03,0.62,9,3.1,59.5,42.7,0.0,1,9,6
138.22,273,3,109,68,39,0,1,0,5,0,1,5,2,91.3,0,69.2,63.3,76.8,48.8,2214.39,2021.74,38281.67,0.66,28,6.1,88.7,77.4,0.0,1,14,8
1728.4,1471,4,66,55,16,0,7,5,4,1,0,0,2,77.5,9,91.8,86.8,99.3,51.1,43047.42,33361.75,259051.75,0.38,11,4.5,81.0,99.3,38.8,1,5,9
1093.21,1380,2,792,216,312,1,11,5,4,1,0,0,6,66.2,11,10.4,35.8,47.2,2.2,11269.28,7460.26,191529.61,0.69,32,2.6,48.9,38.4,0.0,1,14,4
1037.88,3580,5,139,57,32,0,7,1,2,1,0,0,2,62.0,6,93.6,92.5,94.7,52.4,30467.81,18890.04,436926.52,0.44,5,7.8,58.6,82.3,75.4,0,7,2
111.27,412,0,217,65,399,0,6,5,1,0,1,8,4,29.2,17,6.3,46.3,13.0,35.1,552.59,161.36,3480.42,0.47,22,2.8,15.9,61.2,0.0,1,7,11
222.34,625,5,83,90,6,0,5,4,2,1,0,0,1,79.0,30,86.1,97.3,59.7,75.9,10233.38,8084.37,182908.27,0.68,27,5.0,71.8,87.5,65.4,1,12,1
1861.3,5000,2,954,444,236,1,10,2,8,0,1,8,1,46.2,1,51.9,54.4,20.0,21.4,74940.64,34622.58,933138.62,0.61,5,2.3,30.6,50.8,0.0,1,3,6
1349.74,3863,5,123,47,51,0,8,3,2,1,0,0,2,89.2,0,61.3,96.4,88.5,80.0,61450.31,54813.68,665382.42,0.42,20,6.9,83.2,60.6,96.1,0,11,5
1676.54,2152,5,23,43,48,0,8,3,5,1,0,0,1,84.6,0,95.6,87.4,68.9,91.0,75918.68,64227.2,654834.42,0.62,3,6.8,71.2,63.3,78.4,1,4,10
1123.11,1219,5,168,63,37,0,5,2,0,1,0,0,0,99.2,0,99.0,89.9,96.8,75.6,30442.17,30198.63,333859.4,0.49,16,5.9,87.7,93.3,73.7,1,4,7
590.74,458,3,414,174,158,0,9,1,6,0,1,14,1,50.2,35,58.3,29.3,43.4,33.1,11323.31,5684.3,74844.69,0.38,3,4.3,15.2,66.7,0.0,1,8,11
1121.49,2493,2,140,86,56,0,0,0,3,1,0,0,0,92.4,0,62.3,93.4,68.3,26.7,15425.3,14252.98,123479.74,0.6,25,5.7,57.0,92.4,0.0,0,5,8
1167.33,2208,4,114,11,59,0,7,2,2,1,1,5,1,55.4,6,68.4,68.3,96.6,68.2,19516.91,10812.37,322385.07,0.34,6,6.6,99.3,74.6,34.9,0,13,11
396.81,475,0,221,384,344,0,7,2,2,1,0,0,8,34.0,2,3.3,61.9,21.8,16.5,4735.78,1610.17,31605.07,0.62,18,3.8,31.4,60.4,0.0,1,7,1
551.7,1929,2,245,261,356,1,12,3,5,1,1,13,1,51.1,21,13.0,60.9,35.7,1.6,24505.26,12522.19,462857.04,0.74,31,2.7,46.6,38.2,0.0,1,1,1
1731.92,3468,0,414,634,107,0,2,5,6,1,0,0,4,68.8,16,58.0,28.3,31.2,1.9,52790.76,36320.04,1049942.71,0.79,15,2.4,42.9,60.9,0.0,1,12,1
1571.78,1397,5,54,3,7,0,3,0,4,1,0,0,2,85.4,0,98.7,88.4,52.7,55.6,17268.32,14747.15,321631.19,0.48,7,5.1,73.6,82.8,62.1,0,4,7
1227.81,4548,3,433,420,169,0,7,2,8,1,1,12,1,78.3,16,43.9,33.1,13.7,28.8,44273.21,34665.92,870809.27,0.74,33,2.2,45.9,69.9,0.0,1,4,13
1103.47,2605,1,1089,444,254,0,8,2,7,0,1,9,2,56.4,19,23.2,23.1,51.3,34.1,16110.29,9086.2,283518.72,0.57,26,3.9,53.9,27.1,0.0,1,11,12
1451.46,2720,2,105,548,206,0,10,3,8,0,1,5,1,27.6,9,56.0,53.9,52.4,11.3,7211.98,1990.51,69499.35,0.49,10,3.0,32.9,35.0,0.0,1,4,10
539.83,1849,4,77,61,22,0,0,3,5,1,0,0,1,86.3,0,47.1,97.8,65.3,77.2,3500.2,3020.67,27302.94,0.47,15,5.2,90.6,60.0,75.9,1,14,12
1098.15,2378,5,150,41,54,0,3,0,0,0,1,3,1,55.9,12,95.5,94.2,82.7,93.0,30972.08,17313.39,88184.41,0.34,11,6.7,55.2,80.1,95.9,1,12,11
551.12,553,0,433,661,99,0,11,2,1,0,0,0,7,43.9,14,3.0,22.8,48.9,0.6,18623.46,8175.7,93505.59,0.6,24,3.4,52.2,61.9,0.0,1,0,6
1336.58,5000,2,13,82,18,0,7,3,4,1,0,0,0,58.9,11,58.0,79.8,92.1,26.2,7668.17,4516.55,63253.69,0.55,21,6.7,72.2,80.3,0.0,0,0,3
238.55,418,2,314,356,286,1,11,4,8,0,1,14,8,35.0,25,57.7,16.1,35.8,4.4,11837.84,4143.24,215035.64,0.39,8,3.2,46.0,32.4,0.0,1,9,9
855.02,1263,1,785,379,52,0,3,3,6,1,1,4,2,56.8,29,32.5,48.0,38.3,32.1,3886.23,2207.38,48451.42,0.39,17,3.3,33.4,24.4,0.0,1,12,11
1805.96,4847,3,38,53,9,0,5,3,5,1,0,0,0,60.1,1,97.5,88.9,49.8,36.3,20681.39,12429.52,214941.98,0.45,4,5.9,93.6,99.9,0.0,0,5,3
1789.45,4802,1,270,345,59,0,10,1,8,0,1,11,5,17.1,14,14.0,47.7,29.0,36.1,2949.33,504.34,46485.03,0.58,5,2.5,54.5,61.3,0.0,1,12,4
1547.26,5000,2,125,41,57,0,7,2,2,1,0,0,1,83.3,0,76.5,84.5,51.6,37.1,19035.42,15856.5,236495.55,0.63,4,6.1,64.6,74.7,0.0,1,5,10
1757.48,1084,5,160,50,3,0,3,0,1,1,0,0,1,80.7,0,45.6,79.1,56.9,69.5,34354.55,27724.12,79350.54,0.78,38,5.5,75.1,60.1,66.7,1,7,13
119.49,103,2,814,356,397,1,5,4,4,1,1,1,1,80.3,0,89.8,56.1,27.2,23.8,563.06,452.14,4818.53,0.45,14,3.6,26.6,64.2,0.0,1,4,2
1098.87,3365,2,163,7,8,0,3,1,5,1,0,0,2,87.1,0,92.4,99.7,83.8,68.9,1793.88,1562.47,23849.3,0.69,23,6.7,66.2,88.7,0.0,0,5,4
840.16,3015,1,796,320,255,0,2,1,7,1,1,8,8,61.6,20,7.6,34.5,29.6,12.6,4265.43,2627.5,34528.49,0.68,18,2.3,38.4,68.9,0.0,1,4,1
1408.82,842,5,99,14,57,0,7,2,8,0,0,0,1,65.2,20,58.7,80.7,54.3,90.8,67015.19,43693.9,1027136.7,0.48,23,4.1,73.2,89.7,61.6,0,11,5
964.23,2485,3,121,56,9,0,0,3,0,1,0,0,1,89.2,0,43.9,99.9,60.3,60.5,30262.3,26993.97,460856.44,0.46,5,6.9,75.7,90.6,0.0,1,11,10
924.92,2499,4,177,24,12,0,6,0,1,1,0,0,1,66.8,5,90.3,64.2,88.6,91.3,42602.7,28458.6,761734.35,0.34,13,5.6,84.1,93.9,85.7,1,7,5
801.12,2459,5,85,43,21,0,1,0,1,1,0,0,2,96.2,0,99.3,90.8,57.1,66.2,16846.4,16206.24,322046.07,0.56,22,8.3,63.7,64.3,80.4,0,11,3
1741.61,4448,3,34,16,5,0,0,1,4,1,0,0,1,87.6,0,62.7,63.7,78.6,62.8,45139.21,39541.95,469191.67,0.54,7,7.0,92.4,92.9,0.0,1,10,14
205.36,177,4,171,34,12,0,1,2,3,1,0,0,2,59.8,1,91.3,58.5,76.6,94.8,7593.21,4540.74,142014.94,0.53,15,4.9,73.5,93.3,36.7,1,8,12
764.35,3002,3,277,296,73,0,4,2,7,0,0,0,2,60.4,1,42.8,21.5,23.2,12.4,37765.26,22810.22,525588.11,0.54,26,3.1,50.6,51.1,0.0,1,4,6
886.65,3064,3,592,155,54,0,2,1,2,0,0,0,3,53.5,27,48.7,36.4,21.5,1.6,38556.78,20627.88,98547.01,0.76,15,2.0,51.0,29.3,0.0,1,12,1
46.63,112,2,529,230,393,1,11,1,5,0,1,11,2,18.1,34,13.8,43.7,18.2,21.2,1279.88,231.66,23955.58,0.62,19,2.4,31.8,43.1,0.0,1,1,14
850.29,2694,2,140,51,17,0,1,0,3,0,0,0,1,67.1,16,55.6,66.8,83.7,52.6,40348.03,27073.53,485963.62,0.53,9,6.0,85.6,85.4,0.0,1,13,6
793.19,2115,1,867,322,236,0,11,1,8,1,1,6,1,52.0,12,7.1,33.4,16.3,2.6,8366.23,4350.44,103976.14,0.35,13,2.6,49.3,53.2,0.0,1,8,11
1841.46,5000,3,144,121,138,0,12,2,4,0,0,0,3,36.5,1,49.4,54.7,29.9,10.2,51902.89,18944.55,254126.9,0.46,11,4.2,38.2,60.8,0.0,1,3,5
1647.16,3764,4,19,1,49,0,5,2,0,1,0,0,2,66.0,29,54.2,77.5,74.3,67.3,56649.12,37388.42,383638.97,0.38,14,4.9,99.1,76.3,34.6,0,14,7
1657.26,5000,3,176,43,51,0,4,3,2,0,0,0,1,93.4,0,99.2,58.7,91.5,35.6,62320.95,58207.77,398481.21,0.5,12,5.6,55.1,65.0,0.0,1,6,10
412.93,391,2,52,19,52,0,2,1,2,1,0,0,2,62.3,36,74.4,82.8,57.9,72.6,16750.89,10435.8,162165.8,0.48,20,6.4,90.9,92.7,0.0,0,9,11
125.43,471,2,127,672,159,0,4,3,3,1,0,0,7,39.3,21,41.4,29.7,39.6,3.6,2324.23,913.42,42996.31,0.46,6,2.1,44.2,29.9,0.0,1,4,10
600.39,348,2,857,79,312,1,9,2,4,0,1,3,2,17.2,17,54.6,31.5,53.0,6.5,12088.34,2079.19,235043.15,0.63,28,3.6,52.0,64.0,0.0,1,3,8
1633.71,4975,5,139,52,18,0,10,5,1,1,1,9,2,64.1,13,97.7,81.1,88.6,54.9,33157.55,21253.99,471212.79,0.56,8,5.3,98.0,89.4,32.1,1,1,3
1306.95,735,2,99,247,72,0,7,1,8,1,1,5,2,63.8,3,52.5,47.9,46.9,22.8,65073.37,41516.81,835401.29,0.71,28,3.0,12.4,33.1,0.0,1,5,1
1114.48,2301,4,29,62,40,0,8,3,3,1,1,2,1,75.0,7,55.6,85.6,92.3,80.5,46350.53,34762.9,204332.42,0.34,15,5.4,89.6,61.4,62.5,1,10,5
1562.49,4563,3,868,201,255,0,10,3,8,1,1,13,1,28.3,21,39.3,55.5,18.4,11.1,34303.75,9707.96,218041.73,0.49,15,2.7,37.8,61.4,0.0,1,6,0
1914.96,5000,5,173,40,51,0,10,2,4,0,0,0,0,65.5,32,47.1,78.5,61.5,58.7,9280.45,6078.69,39034.16,0.37,5,5.5,97.1,80.9,75.1,1,13,7
1614.2,4462,3,138,16,32,0,11,3,2,0,0,0,2,78.0,21,81.2,80.6,50.3,30.4,26544.89,20705.01,384433.65,0.31,10,5.5,98.6,90.0,0.0,1,10,2
579.76,959,5,165,51,46,0,4,3,0,1,1,8,0,97.4,0,63.2,94.5,79.6,74.2,20350.08,19820.98,250118.87,0.41,8,6.1,96.9,85.9,93.5,1,5,12
881.74,1551,4,81,17,45,0,8,0,1,0,0,0,0,84.4,0,97.3,87.4,62.7,72.5,9177.29,7745.63,132704.84,0.48,19,6.4,95.9,84.7,49.2,0,6,7
695.7,2528,1,113,589,312,0,4,2,1,1,1,15,0,60.2,28,1.3,42.0,46.0,0.6,22266.59,13404.49,282637.37,0.59,18,2.5,16.9,33.4,0.0,1,1,8
1097.46,2080,5,46,21,35,0,2,1,2,1,0,0,1,91.0,0,89.2,89.8,94.8,56.9,4427.7,4029.21,70166.96,0.53,4,7.1,78.6,85.8,63.3,0,10,10
258.17,582,1,317,261,163,0,10,4,4,0,1,14,6,17.2,29,4.9,40.4,14.2,17.8,9748.67,1676.77,75299.92,0.77,12,1.4,27.2,37.9,0.0,1,14,4
1837.18,5000,3,608,283,104,0,5,1,6,1,0,0,4,19.9,12,39.5,45.7,48.7,25.9,48631.26,9677.62,782925.48,0.69,15,2.9,46.7,57.6,0.0,0,3,13
490.11,990,1,566,299,400,0,7,4,4,0,1,6,8,31.3,34,26.5,39.3,14.2,20.1,12346.58,3864.48,240319.98,0.79,12,1.7,56.5,57.4,0.0,1,4,13
762.73,661,5,49,80,29,0,9,5,1,0,0,0,2,94.3,0,47.2,88.4,94.6,94.0,30493.74,28755.6,254840.25,0.53,24,4.4,69.7,64.6,59.2,0,11,6
229.12,372,4,623,370,394,0,8,4,1,1,0,0,1,73.0,19,68.8,71.6,47.4,89.3,5682.7,4148.37,24096.75,0.7,31,4.6,35.8,31.8,82.7,0,7,1
1122.32,1442,3,140,7,14,0,3,1,0,1,0,0,0,89.0,0,82.4,90.6,46.0,31.4,21070.74,18752.96,120194.82,0.62,12,6.0,59.9,97.3,0.0,0,3,10
1093.19,3497,2,169,67,36,0,2,3,4,1,0,0,2,92.4,0,74.0,65.3,83.2,34.1,43910.37,40573.18,611701.03,0.55,16,5.7,59.2,61.6,0.0,1,11,12
1087.97,3786,2,651,322,119,1,10,4,2,1,0,0,4,42.7,31,2.3,47.5,41.4,21.8,4952.31,2114.64,19334.98,0.53,7,2.1,26.1,64.4,0.0,1,7,8
354.95,456,4,53,14,14,0,5,1,5,1,0,0,1,96.4,0,95.5,63.1,83.0,98.6,15826.83,15257.06,73585.8,0.41,4,7.1,67.9,89.1,75.3,0,9,0
934.99,2606,3,1192,122,235,0,9,3,7,0,1,1,1,59.4,20,57.2,60.9,24.9,31.3,28026.69,16647.85,303119.05,0.57,13,4.3,49.4,50.7,0.0,1,4,8
9.04,33,3,506,220,58,0,3,5,5,1,1,13,0,51.2,31,51.0,38.5,20.6,2.8,246.16,126.03,3500.28,0.36,5,3.3,46.7,24.4,0.0,1,8,7
1388.68,4225,3,728,137,378,0,9,4,7,0,1,8,0,72.2,32,42.5,56.8,23.1,22.3,31582.91,22802.86,501308.21,0.63,8,4.1,48.6,26.0,0.0,1,2,8
637.71,1927,1,1114,131,87,0,2,5,3,1,0,0,3,64.7,35,29.5,58.0,32.2,37.9,30072.76,19457.08,546394.2,0.49,24,2.8,28.3,43.9,0.0,0,9,10
388.03,763,0,433,88,286,0,10,3,3,0,0,0,4,27.4,32,40.3,54.9,18.3,2.3,5291.23,1449.8,28316.59,0.56,5,2.7,48.1,25.9,0.0,1,12,10
56.88,221,2,1176,607,197,1,9,4,2,0,0,0,4,13.0,14,52.5,38.8,13.6,28.5,2101.48,273.19,22914.55,0.64,7,2.8,13.4,27.7,0.0,0,9,14
1813.68,2572,1,1017,432,54,0,2,4,8,1,1,5,2,67.3,14,41.6,17.7,49.6,6.6,78450.36,52797.09,1411979.46,0.49,23,3.3,16.4,28.7,0.0,1,1,0
748.77,2681,4,119,42,28,0,5,1,3,1,0,0,1,96.5,0,77.5,66.1,45.7,57.4,23307.22,22491.47,231933.69,0.4,6,5.5,69.4,63.2,43.1,1,4,11
1672.92,5000,4,87,36,42,0,6,0,5,0,0,0,0,58.5,8,70.0,67.3,45.8,85.9,50115.96,29317.84,923714.14,0.6,17,5.2,92.3,89.9,48.3,0,0,8
72.72,70,3,586,253,164,0,12,4,1,1,1,6,1,14.9,32,46.4,58.9,54.6,14.0,947.74,141.21,18333.66,0.54,25,4.1,21.4,53.5,0.0,1,0,10
1084.53,3669,4,22,53,42,0,3,2,8,1,1,11,0,87.8,0,55.1,85.7,98.5,68.0,18527.0,16266.71,308624.23,0.52,18,5.3,76.5,81.6,63.2,0,3,8
1915.5,5000,3,674,385,289,0,7,3,8,1,1,5,7,21.6,12,5.0,47.0,54.7,0.9,4718.02,1019.09,74819.06,0.76,19,3.9,43.5,35.6,0.0,1,12,13
619.81,2423,5,112,20,37,0,5,3,4,1,0,0,1,68.2,31,67.2,96.1,96.2,78.2,2803.39,1911.91,8474.86,0.47,15,7.5,61.7,61.8,73.0,0,0,0
1951.02,3719,3,177,28,32,0,8,1,4,0,0,0,0,61.9,22,59.7,91.9,56.6,34.9,15912.57,9849.88,275556.63,0.48,19,6.3,91.1,98.5,0.0,1,7,12
899.68,2647,5,33,51,45,0,4,4,1,1,0,0,0,57.6,35,96.0,55.0,46.1,75.4,23226.21,13378.3,216206.39,0.57,27,5.2,81.1,62.8,93.2,1,4,14
1867.98,1991,5,111,9,7,0,2,3,0,1,1,3,2,55.8,13,62.1,75.5,99.3,68.8,27622.1,15413.13,356564.59,0.68,12,5.6,91.9,61.9,78.8,1,12,14
1981.25,5000,2,91,28,1,0,2,1,1,1,1,12,1,50.5,36,85.5,96.3,50.2,36.4,49895.57,25197.26,255225.93,0.55,12,4.5,92.8,98.7,0.0,1,6,12
1058.87,2670,5,18,67,23,0,2,3,4,0,0,0,2,85.9,0,80.4,94.5,97.4,64.5,33256.28,28567.14,571314.75,0.72,12,7.3,96.5,86.2,99.3,1,0,14
1431.2,2458,5,24,72,20,0,5,2,4,1,0,0,1,78.8,16,96.6,58.8,76.5,93.0,69481.45,54751.38,590238.56,0.51,20,4.8,61.7,97.2,30.3,0,14,12
1272.15,734,2,20,18,60,0,7,2,4,1,1,3,0,90.2,0,40.4,67.9,74.8,37.1,27815.3,25089.4,205624.57,0.37,9,6.1,86.7,75.4,0.0,1,6,11
181.57,311,3,380,317,353,0,2,4,6,1,1,10,2,47.2,27,45.2,56.8,31.0,30.3,8747.58,4128.86,173561.11,0.55,9,3.1,55.3,53.3,0.0,1,13,0
615.81,729,3,152,39,50,0,2,3,5,0,0,0,1,56.5,16,92.7,71.3,56.7,69.1,23553.8,13307.9,115489.99,0.53,4,6.1,64.4,81.2,0.0,0,7,6
516.94,1131,1,1103,123,48,0,7,2,1,0,0,0,3,41.8,21,44.4,60.0,13.8,32.6,3352.68,1401.42,62901.16,0.51,11,1.7,28.2,22.2,0.0,1,3,10
1395.27,965,3,128,44,9,0,2,1,4,1,0,0,1,75.2,34,63.5,69.7,81.9,41.1,23874.11,17953.33,345607.14,0.55,12,5.3,81.2,79.8,0.0,1,12,12
1221.52,1199,5,29,35,28,0,8,0,1,1,0,0,0,71.2,4,76.8,95.1,54.6,87.3,44821.06,31912.59,654741.48,0.51,17,7.5,83.0,64.8,70.1,1,4,12
679.18,1174,4,140,68,4,0,6,2,3,0,0,0,2,64.9,31,99.0,84.3,57.0,99.6,10426.2,6766.6,172983.57,0.51,22,6.3,70.5,85.5,82.2,0,13,7
1839.85,5000,3,324,538,210,0,8,5,8,1,0,0,4,48.3,9,56.7,41.2,42.0,12.5,29775.73,14381.68,101663.74,0.59,15,4.6,28.2,24.8,0.0,1,9,0
1746.54,5000,3,116,10,3,0,7,0,5,1,0,0,2,51.4,32,44.3,77.6,90.9,27.0,66433.57,34146.85,334575.08,0.75,12,4.5,71.8,95.1,0.0,1,8,4
1528.84,5000,3,1107,313,101,0,2,2,1,1,0,0,1,80.2,0,93.1,87.0,49.6,37.6,53520.23,42923.22,860080.97,0.51,16,4.4,16.0,29.0,0.0,1,6,8
652.63,1954,0,1165,128,379,0,8,2,8,1,1,15,1,36.6,6,44.2,47.3,22.6,34.9,21387.65,7827.88,260809.41,0.38,6,3.0,26.0,66.1,0.0,1,14,2
1918.13,4835,2,176,61,5,0,8,3,7,1,1,2,0,67.9,2,95.9,67.5,45.3,61.5,60770.01,41262.84,416903.09,0.43,21,4.1,68.3,73.3,0.0,1,4,7
1637.81,3344,3,865,514,120,0,4,2,3,1,1,15,5,50.0,34,16.6,41.8,12.4,3.8,80555.06,40277.53,775265.03,0.67,24,1.9,32.4,29.6,0.0,1,8,4
81.29,165,5,36,25,11,0,4,2,5,0,1,12,0,92.5,0,98.0,63.7,67.9,75.9,712.94,659.47,7128.34,0.43,11,7.2,91.5,78.4,69.5,1,8,2
1679.24,4663,5,124,23,30,0,2,2,7,0,0,0,0,58.1,22,90.9,94.1,57.2,82.0,1448.87,841.79,8897.51,0.5,6,4.4,94.9,73.6,87.3,0,12,10
1337.19,5000,3,521,291,190,0,2,2,6,1,1,5,0,48.0,14,39.7,29.1,53.5,36.8,56496.63,27118.38,477985.19,0.46,3,1.9,43.2,40.6,0.0,1,14,10
1247.52,1951,4,73,40,9,0,4,2,4,1,0,0,2,84.7,0,59.3,86.2,91.2,69.5,31334.63,26540.43,339944.25,0.34,8,7.8,79.4,63.5,85.9,0,5,2
1621.87,4235,2,234,647,78,1,7,3,5,1,1,2,1,75.5,19,76.3,75.9,45.3,35.4,76565.33,57806.82,743848.92,0.65,23,4.1,58.9,66.4,0.0,1,10,14
1607.8,2764,3,49,42,27,0,7,1,4,1,1,15,1,70.7,14,53.3,85.0,62.9,70.8,48071.98,33986.89,950901.99,0.5,3,4.8,75.1,99.2,0.0,0,4,0
1548.54,2392,3,167,86,42,0,2,2,2,0,0,0,2,92.2,0,74.9,88.2,56.3,58.6,17923.47,16525.44,188589.05,0.49,12,7.3,62.2,61.9,0.0,1,6,10
531.53,1802,2,604,691,269,1,3,4,3,1,1,7,8,65.0,13,7.9,37.9,33.9,15.8,16126.49,10482.22,305713.67,0.53,19,2.7,44.3,55.7,0.0,1,4,0
159.1,115,1,889,355,298,0,3,4,3,0,0,0,4,53.1,35,38.0,47.8,15.5,5.7,3575.37,1898.52,8981.67,0.55,8,3.5,44.0,62.6,0.0,1,8,8
1487.86,2543,0,336,471,121,0,4,3,3,1,1,2,8,44.0,8,2.2,30.6,49.1,21.7,27166.98,11953.47,380755.2,0.48,21,3.2,30.0,63.6,0.0,1,13,3
1857.21,5000,1,545,213,397,0,8,3,5,1,1,11,7,45.9,14,19.3,48.5,47.4,32.3,47145.33,21639.71,506065.09,0.79,37,1.4,50.0,34.1,0.0,1,7,13
74.69,194,5,32,26,27,0,6,2,4,0,0,0,0,85.3,0,48.8,61.4,63.4,89.8,2010.55,1715.0,6112.08,0.68,7,6.1,62.3,84.8,48.2,0,12,1
753.81,1985,3,1020,406,140,0,8,5,8,1,0,0,8,62.2,23,24.3,17.2,29.6,21.1,12800.06,7961.64,194556.62,0.66,21,2.9,40.7,22.1,0.0,1,13,13
1570.36,5000,1,1010,462,308,0,4,2,1,1,1,2,2,68.6,29,52.7,54.7,22.8,27.0,35929.29,24647.49,374078.73,0.43,10,3.6,11.1,34.2,0.0,1,7,5
782.71,2282,0,671,275,125,0,4,2,3,1,1,4,8,50.0,8,12.5,46.0,45.8,3.9,9337.69,4668.85,118592.63,0.47,19,3.1,55.2,35.1,0.0,1,1,2
467.34,781,3,160,22,18,0,0,0,4,1,0,0,2,60.9,32,77.8,86.9,64.1,27.8,3814.01,2322.73,9279.63,0.4,13,4.6,69.4,79.0,0.0,1,13,7
1205.84,933,1,976,305,150,0,6,5,2,1,0,0,2,42.3,13,52.4,35.6,29.0,9.5,1431.8,605.65,3360.32,0.64,12,3.3,55.9,57.5,0.0,1,0,6
1000.4,1949,4,179,89,58,0,2,4,3,1,0,0,1,54.4,21,72.2,77.7,80.5,58.2,12184.64,6628.44,187211.71,0.5,18,5.3,94.2,88.6,64.0,0,7,0
1378.41,5000,2,637,699,166,1,2,1,4,0,1,12,2,49.2,32,18.0,52.0,33.3,12.3,64844.7,31903.59,421924.41,0.69,24,1.8,39.9,35.0,0.0,1,8,1
1342.33,1562,4,33,30,24,0,7,1,5,0,1,8,0,79.9,6,40.6,83.9,85.6,93.3,65992.83,52728.27,489312.34,0.55,13,5.7,64.2,62.2,54.5,0,10,8
1576.19,5000,2,87,16,57,0,2,3,4,0,0,0,1,84.5,0,95.6,83.5,69.1,49.5,62666.36,52953.07,741293.4,0.39,3,5.6,68.9,61.9,0.0,0,8,3
197.88,430,2,943,103,330,1,10,1,6,1,0,0,5,63.8,21,53.2,59.6,47.4,11.0,5622.42,3587.1,49033.47,0.38,9,3.1,47.0,52.9,0.0,1,5,3
1680.2,5000,0,567,362,275,0,10,3,4,0,0,0,7,29.9,9,23.2,23.1,49.2,12.9,55076.39,16467.84,964420.31,0.42,3,2.4,47.4,20.8,0.0,1,4,2
351.98,558,5,19,21,58,0,8,1,3,1,0,0,1,73.7,4,93.6,97.2,93.1,55.0,4091.83,3015.68,69995.01,0.49,24,6.5,60.1,90.1,88.2,0,7,10
593.71,780,0,827,572,304,0,10,1,6,1,1,14,0,23.0,3,40.0,57.1,41.6,9.4,391.25,89.99,6931.0,0.33,4,2.3,43.2,56.7,0.0,1,5,11
431.41,481,1,370,120,386,0,10,3,1,0,0,0,3,51.8,25,44.5,57.8,25.1,15.0,11832.38,6129.17,86943.89,0.42,20,2.7,17.6,49.7,0.0,1,6,5
742.58,2809,2,11,35,35,0,8,1,3,1,0,0,2,58.4,8,83.8,56.8,69.9,67.3,29835.27,17423.8,409831.42,0.53,5,7.1,87.6,89.3,0.0,0,6,0
354.33,633,5,35,69,20,0,5,1,5,1,0,0,2,89.3,0,91.8,69.4,50.6,57.9,17701.96,15807.85,321419.9,0.48,3,5.5,80.8,79.8,88.3,1,5,7
30.5,86,0,417,703,67,0,7,1,5,1,1,11,7,69.0,34,43.4,58.5,51.2,7.2,975.4,673.03,12228.99,0.77,38,3.4,29.4,31.6,0.0,1,0,13
1226.19,4215,2,817,65,215,1,12,4,4,1,1,11,2,10.3,24,49.7,56.8,46.0,29.5,14636.36,1507.55,105529.75,0.53,11,2.4,55.2,48.1,0.0,1,12,8
227.23,322,0,327,152,243,0,5,5,1,1,1,1,3,68.8,4,32.7,54.5,45.8,19.7,4317.03,2970.12,53009.02,0.59,18,1.7,55.3,32.6,0.0,1,4,8
1807.15,5000,3,264,298,92,0,8,1,6,1,1,9,2,63.7,36,8.7,46.8,35.1,27.4,48795.47,31082.71,776597.15,0.7,9,3.1,25.4,31.2,0.0,1,3,13
1429.9,4597,1,377,327,316,0,6,5,5,1,1,4,0,60.0,15,45.9,52.6,31.7,1.1,27593.94,16556.36,225480.41,0.4,6,2.5,56.3,28.3,0.0,1,3,9
52.61,86,2,663,107,103,1,6,5,2,1,1,4,8,41.3,12,28.4,39.4,44.8,21.4,2486.74,1027.02,33681.2,0.8,7,3.0,24.8,21.9,0.0,1,9,1
1593.71,2175,4,128,82,48,0,4,0,5,1,0,0,1,66.1,26,51.5,83.4,51.6,55.5,44839.59,29638.97,692724.95,0.7,28,5.2,84.8,97.2,87.4,1,4,14
5.21,16,2,126,213,133,0,11,5,4,1,0,0,7,26.7,29,16.5,35.6,48.5,39.3,125.12,33.41,1803.39,0.63,14,2.9,28.7,67.4,0.0,1,13,4
1975.08,4654,3,666,387,38,0,8,3,5,1,1,13,8,65.4,26,13.0,27.0,12.2,24.1,39684.42,25953.61,429743.24,0.42,5,1.7,36.0,34.9,0.0,1,7,7
1172.35,1679,0,754,227,359,0,7,4,7,0,0,0,6,26.8,13,21.8,46.0,46.4,5.3,24592.3,6590.74,423333.95,0.57,22,2.5,54.6,66.5,0.0,1,8,12
1585.04,1460,2,551,346,100,1,4,1,8,1,1,13,7,69.3,18,48.7,29.9,31.9,29.3,31180.69,21608.22,502801.86,0.71,7,2.6,33.0,27.5,0.0,1,6,1
1181.07,4509,4,117,26,9,0,8,3,1,1,0,0,2,88.6,0,83.6,81.2,49.2,53.7,30033.17,26609.39,305405.99,0.55,6,7.0,72.2,98.7,82.9,1,7,3
1251.15,1554,3,159,85,58,0,4,3,5,0,0,0,2,67.2,1,42.2,68.2,78.9,43.9,62212.69,41806.93,1074714.24,0.64,19,6.1,87.9,98.8,0.0,1,8,1
468.49,1556,3,113,60,32,0,5,1,3,0,0,0,1,91.4,0,53.8,71.9,57.7,41.7,493.45,451.01,1067.28,0.48,5,6.5,65.4,80.0,0.0,1,3,3
940.93,510,5,27,47,10,0,8,1,2,1,0,0,2,82.8,0,83.6,79.2,67.1,52.0,8439.43,6987.85,114221.75,0.48,19,4.7,95.8,67.2,49.6,1,3,10
868.63,1678,2,141,262,217,0,11,2,2,1,1,8,0,64.9,14,32.7,41.5,18.9,7.5,17434.71,11315.13,222784.51,0.61,12,3.1,32.4,68.8,0.0,1,1,14
1362.03,4869,5,127,18,34,0,6,2,2,1,0,0,1,65.0,10,42.9,82.9,68.8,95.1,8149.45,5297.14,104927.89,0.51,24,6.9,57.0,69.3,88.6,1,14,5
97.73,110,4,91,31,11,0,2,1,0,0,0,0,0,84.4,0,65.8,89.8,56.9,80.1,539.56,455.39,10716.74,0.56,25,7.3,83.5,64.3,89.6,1,5,3
1140.53,2177,4,16,77,9,0,8,3,3,1,1,12,1,54.9,25,59.2,87.2,75.8,70.4,29432.66,16158.53,385177.86,0.44,21,6.0,57.7,89.2,77.2,1,3,9
1022.85,3902,1,546,639,367,0,3,5,8,1,0,0,4,37.2,2,24.9,43.8,43.4,2.9,13566.83,5046.86,168403.66,0.44,20,2.3,31.1,41.2,0.0,1,8,9
1856.36,2158,2,139,42,60,0,8,3,4,1,0,0,1,89.8,0,69.0,90.4,63.5,40.5,68024.98,61086.43,444250.82,0.44,18,6.3,57.4,82.7,0.0,0,1,0
1810.01,2527,1,118,270,278,0,6,2,7,0,1,11,6,53.7,20,38.1,21.2,10.4,14.6,34516.43,18535.32,501648.42,0.49,9,1.8,36.2,50.8,0.0,1,7,7
1717.01,3781,3,48,35,7,0,3,2,8,0,1,12,2,62.5,22,93.0,58.1,96.1,54.3,13933.94,8708.71,273965.37,0.53,25,4.6,75.8,61.9,0.0,0,4,3
1712.41,1791,2,36,90,39,0,6,1,2,1,1,10,1,90.5,0,55.8,65.2,87.5,75.7,78064.31,70648.2,931034.46,0.73,30,4.5,77.7,61.8,0.0,1,2,13
87.83,243,2,45,42,24,0,3,2,0,1,0,0,1,58.2,20,51.6,73.5,72.7,56.9,2973.92,1730.82,59256.11,0.48,12,5.3,77.5,88.8,0.0,0,8,3
595.39,2228,2,413,416,201,1,8,5,2,1,0,0,5,53.1,7,8.0,57.0,54.6,1.4,24557.81,13040.2,384919.79,0.49,14,3.6,29.1,39.5,0.0,1,0,10
1217.12,3300,5,91,79,56,0,4,3,2,1,0,0,0,63.5,14,73.1,85.2,79.5,64.5,22023.98,13985.23,363590.71,0.44,9,5.4,70.1,80.6,83.4,1,11,12
952.73,2237,1,884,99,319,0,2,4,1,1,0,0,4,47.3,35,52.0,30.2,22.6,22.8,17727.01,8384.88,133564.41,0.67,30,1.6,36.3,50.9,0.0,1,12,13
1758.51,2908,3,100,74,50,0,2,3,2,0,0,0,0,60.3,25,87.9,75.9,48.3,26.1,68627.3,41382.26,1294249.52,0.62,26,5.9,65.1,75.0,0.0,1,3,8
39.67,125,4,89,83,43,0,5,2,4,1,0,0,0,56.9,9,80.3,60.0,85.9,87.6,50.04,28.47,710.11,0.53,25,5.6,86.1,75.6,81.4,0,14,12
34.5,92,1,454,100,247,0,2,3,5,1,0,0,4,48.1,26,0.6,24.5,32.2,0.4,535.37,257.51,1268.3,0.51,16,3.1,58.1,69.7,0.0,1,4,8
174.15,452,5,166,37,18,0,5,3,4,1,1,3,2,98.8,0,72.2,74.1,70.1,88.6,1821.89,1800.03,11582.5,0.43,6,4.7,78.5,63.8,63.0,1,1,2
139.15,217,5,147,49,33,0,2,2,0,1,0,0,0,89.2,0,82.3,76.4,90.2,65.2,4821.0,4300.33,43321.99,0.35,2,7.5,88.0,69.5,91.0,0,11,5
429.87,438,0,895,373,106,0,5,2,7,0,1,15,2,85.7,0,49.9,23.3,13.9,27.4,13954.15,11958.71,129432.72,0.59,24,4.3,55.6,32.6,0.0,0,14,14
1813.37,5000,2,892,249,85,1,10,1,8,0,1,5,3,47.7,34,40.5,18.5,44.4,10.8,40027.17,19092.96,296005.31,0.58,13,1.5,24.4,54.6,0.0,1,5,14
1757.94,1045,5,145,27,30,0,3,0,2,1,0,0,1,94.7,0,98.3,55.5,95.5,73.9,33931.52,32133.15,508700.34,0.5,18,6.7,96.0,67.4,90.9,1,6,9
827.39,3075,2,1124,519,76,1,10,4,5,0,1,12,8,18.7,7,9.6,56.7,36.2,27.7,1936.6,362.14,28512.26,0.3,10,2.6,46.2,34.7,0.0,1,4,2
1922.98,4465,2,56,40,48,0,8,3,2,0,0,0,1,73.0,25,60.8,72.6,55.7,26.7,76305.44,55702.97,842553.5,0.5,18,6.1,68.5,90.7,0.0,0,5,7
763.68,1695,3,61,88,51,0,5,3,1,1,0,0,0,83.7,0,44.3,91.6,74.7,41.9,35580.27,29780.69,175349.45,0.65,15,6.3,80.5,76.6,0.0,1,6,10
119.06,404,1,624,383,58,0,2,5,2,0,0,0,0,54.0,25,45.8,15.6,35.0,13.5,3162.65,1707.83,35437.04,0.53,14,3.0,18.4,25.4,0.0,1,1,6
367.98,1315,2,103,70,35,0,1,3,5,1,0,0,2,69.7,23,93.3,93.7,77.4,65.0,12910.53,8998.64,250362.52,0.5,4,6.4,64.9,97.9,0.0,0,14,9
109.63,167,4,112,42,28,0,1,0,0,1,0,0,1,77.4,18,88.7,91.1,68.9,94.7,5047.49,3906.76,64267.55,0.36,16,5.7,78.0,94.0,76.7,0,2,2
1732.48,2589,0,319,267,179,0,4,4,7,1,1,8,4,65.3,2,9.0,44.9,42.9,25.0,75336.17,49194.52,563971.52,0.54,7,2.4,53.7,52.6,0.0,1,5,3
1654.49,5000,0,791,261,247,0,7,4,8,1,1,7,8,26.4,20,22.4,59.5,25.9,23.1,49607.17,13096.29,517838.03,0.61,6,1.9,14.2,52.4,0.0,1,9,4
791.61,2146,5,37,37,40,0,5,3,0,1,0,0,1,60.3,29,63.6,75.9,83.2,83.7,19296.55,11635.82,375727.84,0.5,21,5.1,80.8,85.6,58.7,1,12,10
1642.97,1157,3,126,61,13,0,6,3,4,1,1,10,0,94.3,0,88.8,94.0,68.8,61.8,68552.48,64644.99,431893.83,0.52,8,6.0,98.9,68.0,0.0,0,8,8
1775.72,1165,2,28,59,56,0,3,3,4,0,0,0,1,57.9,30,47.2,71.7,68.2,77.1,68372.21,39587.51,1057579.69,0.4,10,4.8,90.2,71.0,0.0,0,8,7
1099.56,4031,3,48,23,41,0,7,5,1,1,1,6,1,84.7,0,70.6,73.0,92.4,21.1,21497.38,18208.28,350383.71,0.74,32,5.9,75.3,85.7,0.0,1,1,13
1436.22,5000,0,337,717,229,0,10,4,7,1,1,15,2,14.1,32,1.6,56.7,29.3,5.7,6446.08,908.9,63220.69,0.6,12,1.3,44.8,45.4,0.0,1,10,4
196.62,559,5,26,69,53,0,2,0,1,1,0,0,0,91.6,0,65.3,73.3,54.0,55.0,8446.86,7737.32,124707.75,0.39,15,7.7,65.6,82.9,79.4,1,14,5
295.17,866,5,119,47,11,0,1,3,0,1,0,0,1,78.3,20,95.5,69.0,60.7,91.6,8920.04,6984.39,47676.54,0.44,8,6.2,82.9,60.4,96.7,0,8,0
682.65,2264,1,1163,694,125,0,3,1,1,1,0,0,7,19.0,31,40.7,58.6,24.9,24.1,9484.78,1802.11,125961.8,0.64,30,3.0,40.0,24.1,0.0,1,13,1
324.36,420,2,73,42,40,0,2,3,4,1,0,0,1,67.6,27,69.5,63.4,60.1,38.7,1039.0,702.36,19644.12,0.71,29,6.7,87.0,66.4,0.0,1,7,13
1704.88,4275,3,99,71,10,0,1,1,2,1,1,1,2,74.5,25,82.1,67.5,74.7,61.3,10880.1,8105.67,64723.3,0.44,5,5.8,67.6,75.1,0.0,1,5,2
1879.81,953,3,211,426,125,0,4,1,7,1,1,6,3,67.7,20,26.5,24.8,54.2,14.6,72256.88,48917.91,899455.17,0.66,3,2.8,49.5,44.0,0.0,1,13,13
1078.45,3875,3,236,245,179,0,9,1,2,1,0,0,1,86.4,0,48.6,19.3,54.5,15.4,37391.45,32306.21,196531.63,0.5,7,3.4,14.0,59.3,0.0,1,0,0
177.88,530,1,560,130,300,0,5,1,4,0,0,0,3,42.2,17,50.6,54.1,46.1,3.2,5267.4,2222.84,24061.77,0.71,24,3.5,32.5,43.1,0.0,0,8,13
1011.13,585,5,145,77,33,0,7,0,1,1,1,8,2,86.9,0,77.0,67.7,84.5,68.7,42654.6,37066.85,675245.67,0.4,3,5.0,69.5,72.3,34.4,0,14,2
247.29,627,2,12,42,17,0,8,2,4,1,0,0,2,61.1,17,55.3,62.9,84.5,29.1,10107.89,6175.92,100948.03,0.48,18,6.8,79.1,69.7,0.0,0,8,2
27.18,84,3,1189,520,369,0,10,1,4,0,0,0,5,25.1,32,58.4,31.5,52.6,5.2,648.05,162.66,2225.71,0.51,6,2.5,56.8,59.7,0.0,0,5,9
1537.65,1853,4,81,6,27,0,0,3,4,1,0,0,2,67.2,5,63.3,82.7,84.2,84.6,22735.03,15277.94,281155.82,0.38,2,5.8,57.9,92.1,84.7,0,5,9
1687.38,5000,5,100,67,38,0,3,0,4,0,1,7,2,95.7,0,79.0,68.3,99.9,82.7,47614.12,45566.71,233973.35,0.39,7,5.9,96.8,88.9,100.0,0,2,9
1197.22,4400,5,131,84,35,0,10,2,3,1,1,5,1,78.3,23,61.4,73.8,72.3,88.0,18852.52,14761.52,351254.23,0.55,6,5.1,85.6,65.7,85.0,0,5,7
1718.43,1835,5,142,53,0,0,4,0,4,1,0,0,1,74.3,26,58.0,71.7,59.7,86.4,13575.46,10086.57,80121.02,0.62,18,5.9,94.1,98.0,32.0,0,6,14
1459.07,5000,2,114,85,49,0,3,3,0,1,1,6,1,81.4,0,60.5,94.9,54.0,52.7,31758.64,25851.53,395977.49,0.63,12,7.2,87.8,93.9,0.0,0,0,10
1491.45,1138,3,690,661,147,0,10,3,4,0,1,11,7,64.5,16,21.3,26.8,15.4,7.3,73326.63,47295.68,559453.43,0.68,12,2.9,31.1,61.3,0.0,1,7,13
998.15,2503,2,49,9,42,0,0,2,4,1,0,0,0,92.7,0,50.5,79.1,48.8,21.1,44985.46,41701.52,511795.71,0.5,22,6.6,57.3,73.3,0.0,0,0,10
810.93,1867,3,73,61,56,0,6,1,0,0,1,5,2,69.3,18,59.5,62.0,62.8,22.5,29649.13,20546.85,204682.42,0.34,15,5.1,61.8,71.4,0.0,1,0,5
1615.87,5000,2,290,566,383,1,3,5,6,0,1,1,0,54.5,23,8.1,39.4,42.5,16.6,34210.26,18644.59,213995.76,0.35,2,3.1,21.8,53.0,0.0,1,14,9
706.29,1002,2,92,558,182,0,2,5,2,1,1,11,8,63.1,20,27.5,61.2,27.4,25.9,13659.46,8619.12,176433.41,0.69,7,2.3,14.8,59.3,0.0,1,11,1
673.63,355,4,119,46,11,0,7,3,0,1,0,0,1,83.5,0,75.9,69.1,65.8,58.0,10064.48,8403.84,28353.63,0.62,30,5.8,82.6,95.3,61.0,1,8,13
920.73,2964,5,141,59,29,0,1,2,2,1,0,0,1,58.7,2,71.1,61.2,98.1,55.5,33058.3,19405.22,637489.11,0.35,2,7.9,65.2,79.7,85.5,1,0,5
421.68,1490,4,36,40,34,0,5,0,1,1,0,0,0,66.0,21,92.1,91.4,62.8,71.1,1338.79,883.6,8458.94,0.38,8,5.1,78.1,82.3,56.3,0,12,2
104.36,368,0,966,601,122,0,7,1,6,0,1,13,1,66.6,32,74.4,57.2,24.7,20.8,1768.88,1178.07,14592.82,0.5,25,4.5,58.4,50.2,0.0,1,0,3
1218.47,2119,2,832,528,153,1,2,2,8,0,0,0,5,13.3,7,49.4,26.9,23.9,27.1,8117.11,1079.58,56549.95,0.55,23,2.0,41.5,41.4,0.0,1,3,3
1041.51,2810,3,931,695,127,0,5,1,4,1,0,0,4,33.3,26,21.6,60.3,38.6,12.4,6928.24,2307.1,60740.96,0.46,11,2.6,52.5,48.7,0.0,1,2,10
1977.84,2453,2,18,24,44,0,7,3,5,1,0,0,0,77.8,8,80.9,99.9,56.9,50.0,94658.48,73644.3,1214002.76,0.68,7,6.2,73.1,91.0,0.0,1,12,14
1862.23,5000,0,641,105,165,0,6,5,5,0,1,1,8,22.8,35,4.0,24.0,16.3,8.0,55863.78,12736.94,392682.37,0.53,20,2.4,33.9,32.3,0.0,1,9,9
185.27,685,0,318,226,289,0,5,1,3,1,0,0,5,41.3,27,9.2,15.9,19.2,15.2,5007.54,2068.11,91605.54,0.43,5,2.4,27.7,54.5,0.0,1,9,7
1850.43,5000,2,32,80,12,0,2,3,1,0,1,13,1,56.9,20,53.6,77.3,86.9,23.2,82196.64,46769.89,1117563.93,0.66,14,5.1,96.7,86.3,0.0,0,4,4
985.86,3062,5,67,44,3,0,5,3,3,1,0,0,2,96.7,0,40.4,89.9,69.3,59.9,13051.35,12620.66,225350.86,0.43,18,5.3,56.1,93.2,90.1,1,1,5
781.29,1478,2,447,378,393,1,4,5,3,0,1,10,5,68.6,31,32.6,29.8,15.0,39.8,19197.95,13169.79,304265.21,0.57,7,1.4,41.1,22.7,0.0,1,5,3
962.36,1951,1,1177,453,268,0,3,2,3,1,0,0,4,55.6,33,37.7,60.0,37.0,18.1,28798.32,16011.87,102490.87,0.65,17,1.9,22.0,58.3,0.0,1,6,4
551.52,603,2,874,274,220,1,6,4,5,0,1,3,7,13.6,29,37.6,26.6,23.8,22.8,23517.29,3198.35,287330.32,0.53,5,1.3,16.4,28.3,0.0,1,10,8
394.84,1299,1,763,133,70,0,7,1,3,1,0,0,6,12.0,36,58.7,26.6,20.7,12.9,5367.32,644.08,76657.98,0.56,18,1.7,33.5,47.3,0.0,1,13,6
380.1,870,3,174,56,33,0,7,1,2,0,1,4,1,67.9,18,82.5,85.6,99.5,44.4,13320.79,9044.82,89516.86,0.48,14,4.9,59.1,93.4,0.0,1,7,12
294.37,721,3,165,86,5,0,2,1,5,1,1,4,1,52.6,8,68.8,59.2,96.6,67.9,4965.0,2611.59,94497.69,0.48,24,5.9,72.3,91.7,0.0,1,13,3
1454.05,3361,0,1038,688,41,0,8,1,7,1,1,11,4,56.2,2,46.9,58.8,44.2,13.2,42196.08,23714.2,144971.49,0.4,16,3.7,58.8,53.2,0.0,1,9,12
1695.94,1247,1,137,623,202,0,3,4,6,0,1,1,8,64.0,28,29.5,56.5,34.1,5.8,44155.84,28259.74,460365.74,0.54,4,1.4,57.4,34.4,0.0,1,13,8
1088.72,2986,4,167,14,1,0,0,2,3,1,0,0,1,99.2,0,72.1,64.0,73.1,72.6,25228.04,25026.22,95925.46,0.71,29,6.1,61.3,63.8,91.3,0,13,14
768.34,2047,2,170,44,34,0,6,2,5,0,0,0,2,81.7,0,89.1,75.9,47.5,36.3,24349.98,19893.93,75882.56,0.34,11,6.8,82.6,98.2,0.0,0,8,11
1149.72,4093,3,434,512,99,0,7,2,1,0,0,0,6,18.7,11,9.0,54.0,35.6,29.0,31862.51,5958.29,270004.33,0.44,14,2.1,49.9,22.0,0.0,1,2,0
484.81,791,5,153,0,44,0,8,1,4,1,0,0,1,99.1,0,89.6,95.4,97.1,63.0,3194.57,3165.82,31812.85,0.5,11,8.0,73.9,66.0,71.9,0,6,5
1389.09,3237,3,1089,652,166,0,4,2,8,0,1,13,7,18.8,11,41.6,41.5,34.2,19.0,59940.46,11268.81,460827.92,0.35,8,3.5,24.2,24.4,0.0,1,6,5
1307.99,1862,2,149,88,56,0,5,1,5,0,0,0,2,67.0,17,48.8,56.1,77.4,31.3,59874.63,40116.0,232522.17,0.54,21,5.4,56.9,73.2,0.0,1,5,12
1777.1,4275,2,409,509,238,1,6,4,3,0,0,0,8,15.8,32,16.8,42.6,41.6,31.6,35951.45,5680.33,715544.87,0.41,10,1.3,23.9,43.1,0.0,0,1,12
1091.97,3607,0,411,98,263,0,3,4,5,1,0,0,6,36.1,6,54.7,28.5,11.1,28.2,54134.21,19542.45,920824.32,0.4,19,3.5,29.9,57.0,0.0,0,11,12
546.14,618,3,159,27,60,0,4,2,2,1,1,4,0,89.2,0,44.1,56.6,77.5,20.3,9573.75,8539.78,94207.36,0.41,11,4.8,80.8,75.8,0.0,0,5,11
421.27,984,4,131,36,4,0,7,2,4,0,0,0,1,95.7,0,58.5,72.5,46.0,53.8,9309.6,8909.29,98531.62,0.34,4,6.4,66.4,98.1,36.5,0,4,2
1197.08,4058,4,135,18,28,0,3,2,5,0,1,9,0,92.4,0,57.5,75.8,91.8,95.0,40031.8,36989.38,489990.87,0.37,4,6.5,90.9,90.4,76.8,1,11,9
530.89,759,1,181,152,169,0,10,1,4,0,0,0,5,35.7,27,55.0,25.9,31.6,14.2,25195.9,8994.94,212160.51,0.46,23,3.0,39.9,35.8,0.0,1,1,9
1928.61,5000,5,75,14,7,0,2,1,1,1,0,0,0,69.7,18,94.6,64.6,61.6,85.1,84234.24,58711.27,598610.76,0.5,24,6.5,68.8,63.8,60.7,1,4,11
1913.46,2241,3,1026,421,55,0,9,4,1,1,0,0,1,79.1,21,75.7,58.9,50.8,1.5,44415.16,35132.39,519673.11,0.75,7,3.8,34.9,21.8,0.0,1,8,13
1821.96,5000,4,10,74,39,0,0,2,0,1,0,0,2,94.5,0,50.5,87.8,82.9,57.2,69208.65,65402.17,1180327.96,0.42,17,6.9,93.0,89.6,82.8,1,13,7
761.26,503,3,235,264,365,0,5,5,5,1,1,8,0,22.3,36,2.7,27.4,41.2,39.0,26585.52,5928.57,350979.06,0.57,7,3.2,30.9,23.7,0.0,0,3,8
1108.31,4240,1,832,102,68,0,6,3,7,0,1,4,7,10.9,8,22.5,42.3,44.4,37.1,12824.18,1397.84,71545.9,0.64,7,2.5,58.5,64.9,0.0,1,3,1
1920.23,5000,3,321,358,220,0,2,1,1,1,0,0,1,66.7,18,57.3,27.9,44.3,13.7,94623.0,63113.54,658010.91,0.63,13,4.6,21.0,30.0,0.0,1,12,14
1921.6,2605,4,147,49,12,0,7,2,2,0,0,0,0,93.6,0,61.0,77.6,82.1,63.0,71153.86,66600.01,790716.83,0.73,21,4.8,95.1,87.2,79.9,1,6,1
1732.13,4295,1,1153,474,72,0,5,5,4,0,0,0,5,33.2,16,23.2,35.2,18.7,21.8,40211.18,13350.11,303167.1,0.48,22,1.4,24.4,62.4,0.0,1,7,8
1971.36,4516,2,200,74,152,1,11,4,8,0,1,13,8,63.2,8,46.1,59.2,26.6,11.3,45902.98,29010.68,847305.95,0.45,17,1.7,26.9,46.1,0.0,1,3,3
1781.24,5000,3,118,50,47,0,6,0,5,0,0,0,0,87.9,0,54.9,91.0,81.7,28.9,55573.28,48848.91,710904.55,0.57,19,7.0,77.6,86.3,0.0,0,10,10
1678.57,4026,3,165,80,7,0,8,0,2,1,0,0,1,79.1,31,75.8,81.9,62.1,39.3,76402.39,60434.29,867503.2,0.72,9,5.1,80.5,89.1,0.0,0,14,14
598.5,1722,2,152,89,54,0,6,4,4,0,0,0,0,77.1,19,91.8,57.0,87.5,25.3,17823.56,13741.96,156600.2,0.49,6,4.8,79.6,87.3,0.0,0,6,0
532.94,874,2,998,713,270,1,9,3,7,1,0,0,8,62.0,24,7.0,20.5,47.2,30.0,19885.08,12328.75,179913.33,0.47,17,1.7,11.2,42.9,0.0,1,9,10
226.37,870,5,172,10,52,0,7,2,2,0,0,0,1,75.7,16,98.4,96.7,79.6,68.7,3078.5,2330.42,26439.59,0.72,24,5.0,89.4,83.8,81.4,0,9,1
1202.54,3174,1,167,199,366,0,7,3,8,0,1,6,2,79.3,36,17.0,43.0,24.4,37.3,50610.43,40134.07,892257.54,0.7,11,3.1,44.4,54.1,0.0,1,11,4
434.94,531,3,162,24,40,0,7,3,5,1,1,2,2,98.8,0,84.1,98.5,64.6,69.8,8678.24,8574.1,82024.66,0.31,8,6.7,93.1,78.9,0.0,0,5,11
789.38,3035,4,67,2,40,0,8,2,0,1,0,0,0,56.4,33,67.3,60.2,70.1,76.6,21951.09,12380.41,175082.08,0.35,5,5.9,76.1,89.4,59.0,0,6,2
1884.89,4617,2,120,324,384,0,11,4,1,1,0,0,0,68.7,31,45.2,44.4,40.2,24.2,5582.33,3835.06,38028.46,0.48,10,2.7,33.6,69.7,0.0,1,11,7
1253.77,1427,2,39,70,49,0,1,2,0,0,0,0,0,97.4,0,73.6,85.6,55.1,73.6,61097.56,59509.02,1105720.57,0.4,6,5.0,74.5,84.8,0.0,0,11,2
529.48,1732,5,13,49,3,0,7,3,4,1,0,0,2,71.1,31,87.1,95.7,92.2,93.8,10330.2,7344.77,22513.36,0.39,10,7.2,87.0,71.6,74.2,1,11,12
1451.66,932,3,84,24,59,0,1,3,2,1,1,15,2,99.6,0,93.3,91.8,62.7,74.1,26472.69,26366.8,126846.1,0.41,4,4.7,66.7,71.7,0.0,0,14,2
1081.36,1370,2,920,334,320,1,8,5,5,1,1,4,8,22.3,27,47.3,42.3,28.4,17.6,51970.61,11589.45,901028.22,0.58,25,2.0,43.3,41.4,0.0,1,5,0
513.73,648,5,131,7,35,0,2,1,2,0,0,0,1,66.4,33,55.7,81.8,84.6,82.8,21215.41,14087.03,394011.45,0.33,15,6.8,74.0,93.6,94.9,1,14,5
1425.13,3404,2,612,343,385,1,12,3,4,0,0,0,7,41.7,8,6.6,29.2,10.1,31.0,60185.7,25097.44,265695.83,0.7,9,1.4,13.2,54.0,0.0,0,3,1
807.01,2941,5,174,0,60,0,2,1,2,1,0,0,0,70.3,23,45.3,91.2,54.5,65.4,18693.3,13141.39,187220.38,0.35,12,4.9,97.8,91.6,92.7,1,8,5
94.58,355,5,73,60,20,0,3,3,0,0,0,0,2,92.6,0,75.5,99.1,84.7,89.7,3877.43,3590.5,30020.88,0.48,16,7.8,93.6,83.2,68.3,1,13,5
44.91,64,0,1164,143,371,0,10,5,3,1,0,0,7,18.1,30,46.4,55.6,52.1,3.9,2094.05,379.02,32484.43,0.59,28,2.1,59.0,48.9,0.0,1,7,6
450.51,915,5,11,3,23,0,6,3,5,0,0,0,1,73.9,16,47.9,71.8,59.9,73.5,21474.35,15869.54,350497.38,0.47,8,5.3,75.5,99.0,37.5,0,10,11
1047.3,3339,5,10,37,38,0,5,2,5,1,1,3,2,78.2,4,79.2,66.9,66.8,85.8,34783.72,27200.87,694022.72,0.45,11,6.8,82.4,94.9,94.0,1,3,9
257.32,559,3,76,53,13,0,4,2,2,0,1,12,2,88.9,0,65.0,94.2,86.1,61.1,9780.73,8695.07,133818.41,0.6,6,5.4,59.1,89.0,0.0,0,2,0
884.06,491,2,1115,81,351,1,12,4,6,0,0,0,4,57.9,8,8.0,60.5,29.2,16.8,40916.38,23690.58,636153.07,0.42,19,3.4,34.9,45.0,0.0,1,6,2
1923.35,4741,4,143,79,35,0,3,2,3,1,0,0,0,57.6,28,86.5,96.3,96.2,98.7,9466.07,5452.46,74264.86,0.29,11,5.2,69.5,70.8,34.4,1,6,2
885.08,2671,1,145,545,98,0,10,2,7,1,1,7,1,39.0,33,25.1,18.0,36.3,10.2,29019.06,11317.43,222551.84,0.42,4,1.7,43.3,47.7,0.0,1,13,3
1936.83,2607,3,11,86,27,0,12,5,2,1,1,6,2,96.0,0,74.0,85.1,58.5,76.1,48869.86,46915.07,431911.44,0.76,3,4.4,72.0,61.1,0.0,1,2,4
1586.96,1302,4,14,38,19,0,6,0,4,1,0,0,2,84.8,0,65.9,63.7,68.5,53.6,38466.73,32619.79,328334.59,0.38,7,6.7,88.9,68.1,85.8,1,11,3
1928.05,5000,5,62,69,38,0,3,1,5,0,1,14,2,58.0,10,44.8,84.4,79.4,69.3,76978.88,44647.75,1054447.5,0.46,17,5.8,90.2,87.8,91.6,0,3,11
743.03,453,3,15,24,52,0,4,0,4,1,0,0,2,99.5,0,84.7,63.7,66.2,71.9,36225.4,36044.27,549722.85,0.59,29,7.7,71.9,71.6,0.0,0,12,14
186.81,247,2,965,71,386,1,12,2,4,0,1,6,1,76.4,28,51.4,26.8,43.1,4.3,1238.62,946.31,17108.02,0.5,6,4.1,59.3,61.5,0.0,1,13,10
1266.0,3912,3,66,74,38,0,0,3,4,0,0,0,0,55.2,2,96.7,79.7,81.4,59.2,4594.89,2536.38,51889.67,0.58,5,6.4,80.3,99.7,0.0,0,1,10
1465.89,3995,2,102,47,29,0,2,1,4,1,1,4,1,96.1,0,78.7,99.8,73.6,79.5,33524.37,32216.92,464709.65,0.5,16,5.5,73.4,79.8,0.0,1,14,9
1061.64,4190,2,134,18,37,0,9,1,5,1,1,5,0,84.5,0,96.8,81.3,82.8,79.0,42365.05,35798.47,792826.63,0.47,21,4.3,79.9,63.6,0.0,1,3,2
1510.02,2530,2,787,611,243,1,5,3,6,1,1,9,1,70.8,34,43.2,20.3,12.4,9.7,34740.29,24596.13,580283.07,0.51,23,3.3,19.5,33.0,0.0,1,14,9
818.93,658,0,1079,185,203,0,7,4,2,0,1,7,6,32.4,18,56.1,17.9,41.2,3.8,35629.24,11543.87,673368.38,0.65,11,3.5,54.7,65.8,0.0,1,12,1
50.66,144,2,136,68,27,0,6,0,3,1,0,0,2,63.6,33,88.7,67.9,81.2,64.9,1131.69,719.75,12922.44,0.53,24,5.3,81.9,87.2,0.0,0,12,6
1932.48,5000,2,782,114,146,1,12,4,1,0,1,5,6,36.3,17,12.9,29.9,10.3,4.4,94189.4,34190.75,1581597.54,0.52,11,3.0,47.3,69.1,0.0,1,5,8
1004.47,2283,5,63,19,21,0,8,2,1,1,1,13,0,69.6,8,89.6,57.2,63.2,96.0,2788.66,1940.91,40850.0,0.56,28,5.8,76.1,80.6,65.6,0,6,0
841.93,2998,2,150,32,48,0,7,3,4,1,1,4,2,65.2,6,86.8,79.6,60.6,61.3,5686.36,3707.51,19517.63,0.35,3,6.8,59.9,70.8,0.0,0,13,2
529.97,697,5,83,29,47,0,4,3,0,1,1,13,2,90.3,0,64.1,79.2,55.8,65.6,18428.12,16640.59,299645.19,0.52,10,6.1,75.5,96.9,38.1,0,8,8
210.75,212,2,74,34,9,0,7,0,2,1,0,0,0,91.5,0,66.3,81.5,77.5,75.0,5744.08,5255.83,104912.71,0.5,15,6.1,66.0,82.5,0.0,0,4,8
1440.76,3246,5,11,58,52,0,7,2,4,0,1,3,0,90.3,0,98.6,90.2,77.8,70.3,30512.51,27552.8,423247.49,0.53,17,5.8,81.2,89.6,62.1,0,1,10
1165.24,3018,1,1155,300,127,0,11,5,1,0,0,0,8,66.8,12,48.8,40.0,50.7,4.3,44254.03,29561.69,410175.87,0.43,2,3.4,14.1,36.7,0.0,1,3,0
825.28,2969,4,138,66,1,0,6,3,0,1,0,0,2,96.8,0,94.9,69.8,65.1,87.6,36956.75,35774.13,458492.76,0.33,7,5.0,60.7,99.8,77.8,0,3,2
572.13,1640,4,18,68,29,0,11,2,7,1,1,2,0,95.5,0,67.7,96.3,81.3,80.3,12160.02,11612.82,131942.66,0.59,15,4.3,69.2,97.6,41.4,1,11,8
663.28,344,0,885,77,215,0,9,5,1,1,1,8,0,23.9,6,14.2,57.3,48.6,24.6,13759.74,3288.58,271612.49,0.37,7,3.3,26.3,22.0,0.0,1,14,9
1317.85,4354,5,24,40,23,0,8,2,4,0,0,0,2,79.6,15,42.4,72.3,50.6,59.4,17270.23,13747.1,286269.12,0.52,11,6.2,92.8,98.7,38.1,1,9,9
55.89,75,2,82,64,54,0,2,2,3,1,0,0,2,98.6,0,88.7,64.8,76.8,34.0,128.16,126.37,573.52,0.44,19,6.2,59.2,87.6,0.0,0,7,11
1007.3,1551,2,340,723,84,1,3,5,8,1,1,14,2,77.0,19,55.9,58.2,38.6,37.8,39802.82,30648.17,702076.84,0.45,9,2.4,39.7,52.8,0.0,1,12,7
1998.98,1547,5,77,3,11,0,8,1,3,1,0,0,0,97.0,0,97.7,85.3,94.6,97.6,65084.23,63131.7,164949.34,0.29,11,6.4,86.7,67.6,90.7,0,0,2
1407.4,956,3,726,205,157,0,9,1,1,1,1,6,6,51.3,30,37.1,19.7,44.3,3.9,2217.97,1137.82,43450.7,0.44,11,2.9,42.4,28.3,0.0,1,14,7
1021.59,3958,4,83,69,20,0,2,1,0,0,0,0,2,97.1,0,89.5,87.0,97.4,57.1,38451.0,37335.92,373520.23,0.56,21,5.5,85.9,64.0,81.8,1,11,8
31.23,51,5,87,84,6,0,2,3,8,1,0,0,2,85.3,0,73.0,67.7,71.1,83.9,1319.45,1125.49,6096.52,0.6,18,5.2,69.1,69.8,47.6,1,7,4
910.14,2079,4,96,51,46,0,0,2,0,1,1,12,0,95.5,0,96.6,77.7,82.8,99.1,12088.37,11544.39,35447.69,0.45,12,5.6,82.7,74.6,68.0,1,5,9
1505.94,5000,4,81,75,56,0,12,1,5,1,1,14,2,99.1,0,73.8,94.9,52.7,97.0,7228.13,7163.08,112611.57,0.36,3,5.5,86.4,94.1,90.4,0,3,5
1336.06,4830,2,994,83,62,1,12,3,7,1,1,8,6,54.5,1,51.1,45.8,24.4,28.4,5108.95,2784.38,50153.83,0.56,8,2.9,10.7,56.1,0.0,1,12,10
1184.19,4220,0,189,287,232,0,5,4,5,1,1,2,0,71.7,25,22.2,59.9,26.6,32.8,48220.55,34574.13,272213.25,0.62,4,2.0,51.1,20.6,0.0,1,3,6
532.95,993,5,127,47,25,0,6,1,0,0,0,0,0,67.0,10,81.4,63.8,82.4,82.8,3499.5,2344.66,58602.74,0.46,12,5.6,88.8,96.1,56.1,1,11,12
847.74,2867,4,61,39,31,0,4,2,3,1,1,4,2,94.3,0,51.0,95.1,80.3,75.2,13665.69,12886.75,112111.88,0.54,20,4.3,81.9,71.4,59.1,1,13,6
1911.38,5000,2,723,498,282,1,10,1,1,1,1,13,0,32.1,19,44.8,31.7,19.2,25.1,38116.25,12235.32,426998.09,0.46,11,2.3,28.8,68.3,0.0,1,13,0
1753.55,2120,3,114,58,49,0,2,0,2,1,1,9,1,70.2,10,70.0,96.2,98.2,78.8,37226.87,26133.26,229687.37,0.64,18,6.6,92.8,97.3,0.0,1,6,14
1885.42,3975,2,178,50,11,0,4,2,3,1,1,13,2,99.5,0,68.2,60.3,59.0,69.1,24778.65,24654.76,457640.54,0.59,15,5.3,67.0,70.5,0.0,1,5,10
150.83,380,1,579,72,372,0,2,4,6,1,1,11,7,40.8,5,57.8,27.2,33.4,15.8,3194.22,1303.24,34176.32,0.47,9,3.5,12.0,59.1,0.0,1,9,0
1988.7,4805,3,526,600,237,0,9,3,1,1,1,10,1,13.8,13,0.8,42.1,51.0,37.3,6407.8,884.28,47019.03,0.57,16,2.1,41.8,69.3,0.0,1,10,14
180.86,602,3,827,328,64,0,12,4,5,1,0,0,4,57.1,2,30.9,60.9,24.2,31.3,7696.48,4394.69,38841.94,0.65,13,3.0,51.3,46.9,0.0,1,3,6
1374.12,2306,4,360,674,357,0,3,5,5,1,0,0,0,67.1,29,94.4,64.1,48.4,85.0,54642.84,36665.35,547182.69,0.45,10,4.1,30.1,31.4,43.9,1,11,7
1758.84,5000,4,124,73,13,0,3,3,5,0,0,0,0,99.7,0,73.6,70.8,75.3,81.6,6099.37,6081.07,24768.45,0.66,33,5.4,60.4,93.9,40.0,0,5,14
181.43,596,3,145,64,19,0,0,3,1,1,0,0,1,65.5,9,89.2,64.9,74.4,67.3,6051.26,3963.58,61013.79,0.65,13,5.7,90.9,73.1,0.0,0,1,1
64.26,204,2,1099,344,135,1,11,2,7,1,1,9,6,37.9,17,13.7,60.5,54.3,28.0,391.56,148.4,6849.17,0.78,35,3.1,22.3,20.9,0.0,1,7,13
363.74,209,1,791,103,34,0,8,5,5,0,0,0,6,40.2,29,13.7,64.3,34.4,38.8,971.89,390.7,4494.46,0.44,11,3.6,23.7,34.6,0.0,1,6,11
449.48,476,3,1078,455,37,0,12,3,7,0,0,0,3,48.0,32,33.0,41.4,20.5,21.2,13924.54,6683.78,41498.36,0.63,22,1.7,22.0,45.3,0.0,1,9,1
1038.84,1126,5,170,69,29,0,7,5,2,0,1,5,2,87.8,0,86.8,66.4,75.7,52.3,14223.67,12488.38,247963.04,0.35,8,5.4,92.9,83.6,77.3,1,7,9
1821.12,1093,5,12,57,21,0,7,4,5,1,1,12,0,100.0,0,53.8,86.6,77.4,59.1,4500.51,4500.51,50702.32,0.49,15,5.6,68.1,93.1,64.2,0,11,3
737.48,2768,2,724,123,33,1,9,5,3,0,1,13,2,54.0,25,69.7,56.8,45.1,23.4,13898.93,7505.42,74427.71,0.4,4,3.1,37.9,32.9,0.0,1,7,7
780.75,1812,3,1016,166,246,0,3,3,2,1,0,0,6,13.9,18,50.7,34.2,43.0,1.2,15894.0,2209.27,87296.58,0.38,6,3.6,20.9,66.2,0.0,1,9,7
673.76,1637,5,31,41,6,0,2,2,2,1,0,0,0,71.3,2,53.1,61.5,50.3,74.1,19612.97,13984.05,218278.35,0.58,12,6.9,79.5,73.9,83.9,1,11,0
1179.19,829,2,1002,80,280,1,11,5,4,1,1,2,0,68.7,27,40.7,23.2,20.2,6.1,29233.8,20083.62,563771.34,0.43,7,3.7,56.2,68.0,0.0,1,3,0
1693.52,3491,3,144,78,47,0,1,2,3,0,0,0,0,63.4,29,66.5,92.5,66.1,28.5,62520.69,39638.12,647920.12,0.6,7,5.8,80.8,82.6,0.0,0,12,10
1642.99,4663,2,214,721,351,1,5,3,6,1,1,11,8,63.9,35,44.8,38.2,38.5,31.0,45437.35,29034.47,221039.9,0.38,16,2.8,22.6,50.8,0.0,1,14,12
820.95,1895,3,58,62,35,0,5,2,7,1,1,11,0,87.7,0,89.5,85.3,89.9,59.5,34521.58,30275.43,392444.85,0.62,14,4.8,80.7,62.4,0.0,1,9,6
1909.3,1576,3,13,10,10,0,2,3,2,1,0,0,1,90.9,0,55.4,67.4,74.2,28.9,84636.88,76934.92,850805.02,0.39,15,5.1,99.5,77.1,0.0,1,13,12
584.41,1235,5,136,53,60,0,4,2,1,0,0,0,0,86.2,0,95.1,74.1,95.8,72.0,1680.28,1448.4,4782.08,0.47,19,6.5,96.4,98.9,87.2,0,10,11
908.95,1265,3,308,717,288,0,10,3,8,1,1,2,1,82.4,0,44.3,48.8,49.4,33.7,25042.55,20635.06,276023.11,0.68,17,4.2,48.1,38.0,0.0,1,1,4
118.78,328,4,134,2,51,0,0,0,0,1,0,0,0,67.2,26,99.2,94.5,86.9,89.4,4498.42,3022.94,12604.86,0.65,20,5.9,81.6,92.4,42.6,1,9,14
1180.2,813,3,98,341,110,0,5,1,3,1,1,5,2,23.0,33,11.6,64.3,29.1,15.8,1641.87,377.63,14224.55,0.6,30,3.2,59.9,26.4,0.0,1,11,14
287.23,245,0,503,143,288,0,10,1,7,0,0,0,6,23.8,10,42.3,40.0,55.0,27.5,7867.45,1872.45,42937.99,0.57,9,4.2,19.3,41.4,0.0,1,6,10
665.89,1777,3,174,70,30,0,3,1,4,1,0,0,2,55.6,14,52.8,60.4,72.0,31.0,23391.07,13005.43,239377.94,0.64,11,6.5,57.2,96.9,0.0,1,10,4
1960.44,5000,2,13,35,44,0,4,0,0,1,0,0,0,90.6,0,42.1,93.2,84.9,48.3,54450.04,49331.74,612878.98,0.58,15,5.8,72.2,60.4,0.0,0,10,6
464.33,580,3,106,20,59,0,7,0,2,1,0,0,2,78.8,23,52.1,61.6,62.2,76.1,6900.01,5437.21,124043.47,0.46,14,6.5,94.4,62.4,0.0,1,4,2
273.17,599,4,151,63,16,0,1,1,3,1,0,0,1,61.8,31,41.3,74.6,59.3,77.8,1897.85,1172.87,32376.03,0.56,16,6.4,72.9,60.3,88.8,0,0,12
573.55,338,5,172,42,49,0,0,1,1,1,0,0,2,66.4,7,60.0,67.3,45.7,73.1,589.57,391.47,5267.46,0.58,16,5.1,82.0,79.4,64.2,0,4,4
17.13,45,5,86,8,53,0,4,2,1,0,0,0,1,68.2,14,44.5,85.6,51.5,84.5,508.34,346.69,2209.91,0.56,16,5.9,75.8,60.1,68.6,1,0,10
1776.12,5000,3,788,113,313,0,12,2,6,1,1,15,1,45.3,35,32.8,56.1,38.5,33.2,73755.94,33411.44,687652.3,0.71,20,2.0,22.6,57.2,0.0,1,9,4
806.66,464,1,915,575,316,0,2,2,1,0,0,0,8,24.4,6,35.5,30.3,13.7,7.1,12862.1,3138.35,163777.69,0.45,6,4.0,12.7,23.7,0.0,1,5,5
928.17,2353,1,760,285,155,0,2,3,1,0,1,8,8,21.8,15,58.7,41.6,15.7,1.6,29643.25,6462.23,347121.86,0.54,8,3.9,55.9,44.0,0.0,1,0,14
179.18,255,2,123,9,58,0,1,0,2,1,0,0,2,89.6,0,64.9,97.5,97.2,40.0,8142.24,7295.45,23187.92,0.37,2,6.2,80.9,62.7,0.0,0,10,11
131.11,467,3,768,575,34,0,3,2,3,0,1,11,4,16.4,11,43.5,32.2,47.8,15.8,5271.04,864.45,29054.59,0.61,21,1.7,31.9,49.5,0.0,0,13,13
609.47,850,4,1194,292,124,0,7,5,6,1,0,0,1,89.4,0,59.1,73.4,47.3,96.5,2278.46,2036.94,11085.79,0.44,8,5.6,25.1,63.4,69.9,1,1,3
678.5,2251,4,145,4,1,0,6,2,4,1,0,0,1,94.7,0,73.0,71.0,68.2,77.6,3709.81,3513.19,32200.8,0.44,4,5.4,74.9,78.1,60.7,1,2,7
211.31,130,2,92,64,7,0,6,1,3,1,0,0,0,51.0,14,95.3,88.0,57.9,52.2,203.6,103.84,2118.44,0.54,21,6.1,96.4,77.2,0.0,0,0,3
1929.91,1636,4,34,76,58,0,6,1,5,1,1,13,2,63.1,27,84.7,62.6,66.9,76.1,69228.98,43683.49,422877.08,0.46,8,4.7,86.5,84.6,49.8,0,4,2
182.58,327,3,228,573,153,0,5,4,8,1,0,0,2,70.6,26,41.4,58.6,14.7,26.3,7189.45,5075.75,100558.05,0.42,17,3.5,12.9,22.9,0.0,0,14,5
1284.25,4490,0,463,486,356,0,7,1,6,1,0,0,0,45.1,18,24.5,34.2,27.8,29.4,55417.63,24993.35,630427.6,0.65,22,1.9,37.9,21.3,0.0,1,7,6
1554.17,1343,1,765,178,134,0,5,1,7,0,1,8,7,55.7,3,34.1,15.7,50.5,11.3,2281.72,1270.92,26258.52,0.75,18,2.4,14.1,59.0,0.0,1,5,13
719.54,909,0,257,208,118,0,8,5,3,0,1,12,0,10.6,17,33.3,26.1,33.0,28.7,28452.29,3015.94,111976.51,0.46,6,2.5,12.4,53.0,0.0,1,1,0
869.38,2259,1,521,327,292,0,9,5,6,0,1,1,0,36.2,30,14.7,32.1,45.5,4.3,778.47,281.81,14506.98,0.63,6,2.9,19.9,69.8,0.0,1,0,6
1439.79,3158,0,1012,491,89,0,8,1,6,0,0,0,8,15.1,33,53.2,56.0,46.2,13.7,4662.73,704.07,47156.13,0.71,29,2.3,50.1,43.9,0.0,1,5,13
550.03,673,5,90,13,32,0,7,3,3,1,0,0,2,66.7,21,75.6,98.2,48.1,86.4,6999.93,4668.95,75719.9,0.28,4,7.0,58.1,77.0,80.8,1,2,2
470.5,240,3,89,11,34,0,7,3,3,1,0,0,2,79.3,34,76.6,84.2,52.3,48.5,16094.53,12762.96,44828.55,0.39,2,6.6,96.5,65.3,0.0,1,3,7
674.53,763,4,18,69,60,0,6,2,5,0,0,0,1,76.5,27,65.4,94.0,69.0,85.7,31595.14,24170.28,110891.21,0.51,16,4.8,75.3,77.0,53.6,1,8,6
868.01,3143,5,144,31,27,0,1,0,4,1,0,0,2,90.9,0,48.2,85.5,97.7,93.6,38517.6,35012.5,194081.39,0.56,8,6.9,76.9,67.1,91.0,0,11,0
1425.01,1654,4,135,35,48,0,7,3,2,0,0,0,2,64.4,19,76.3,77.3,56.3,66.6,8776.91,5652.33,164180.45,0.48,13,5.7,97.2,81.6,79.0,0,11,11
974.66,1801,3,172,338,270,0,5,2,5,1,0,0,4,26.3,12,38.8,43.0,36.2,6.7,33373.28,8777.17,638433.26,0.81,40,2.3,57.5,28.3,0.0,1,4,1
366.63,364,1,297,609,361,0,11,5,6,1,0,0,7,33.5,31,58.1,24.9,52.3,24.3,1113.31,372.96,12288.43,0.58,6,3.7,47.9,35.5,0.0,1,8,14
1452.17,2765,5,72,88,25,0,1,0,0,1,1,2,1,80.1,0,72.4,66.9,58.1,96.5,32298.92,25871.43,105582.37,0.44,17,5.6,57.9,69.9,61.8,1,7,3
1641.99,1172,0,245,557,152,0,4,4,6,1,1,6,5,11.5,16,19.5,42.4,23.0,9.6,78783.45,9060.1,896204.41,0.62,8,2.6,52.0,28.4,0.0,1,1,6
559.56,1558,3,179,21,17,0,4,1,0,1,0,0,1,61.2,10,63.2,79.1,85.0,77.4,17763.8,10871.45,103618.92,0.38,4,7.4,95.7,71.4,0.0,0,9,11
1285.14,1628,2,1170,570,386,1,8,1,5,0,1,7,0,56.4,14,10.8,22.5,30.0,26.9,5198.36,2931.88,53099.98,0.53,19,2.8,14.2,59.6,0.0,1,11,14
563.54,1884,3,160,3,26,0,3,1,2,1,0,0,0,67.8,32,62.2,61.2,83.3,57.1,1288.38,873.52,3192.51,0.53,8,6.7,74.9,81.3,0.0,1,14,3
1571.21,4087,5,100,25,14,0,4,1,5,1,0,0,1,57.3,36,51.3,90.6,56.2,72.4,49986.31,28642.16,839441.78,0.32,12,5.0,98.6,67.8,88.6,0,2,2
1876.36,5000,2,176,46,23,0,7,0,1,1,0,0,1,92.0,0,42.1,76.5,90.2,67.4,21976.14,20218.05,188752.76,0.38,17,5.6,70.2,64.9,0.0,1,2,7
160.69,211,3,42,69,41,0,7,1,0,1,0,0,0,96.7,0,78.1,60.8,46.8,77.7,3236.63,3129.82,29419.7,0.58,23,6.7,73.6,69.2,0.0,1,2,12
1845.13,5000,3,168,2,59,0,1,0,2,1,0,0,1,78.0,7,74.6,83.1,86.9,54.9,19882.61,15508.44,347680.46,0.58,23,5.3,74.9,67.6,0.0,1,8,14
1395.15,1096,2,35,77,47,0,3,3,3,1,0,0,0,92.4,0,90.2,90.1,56.1,42.8,61749.35,57056.4,973232.16,0.78,20,5.3,72.3,93.2,0.0,0,10,4
1555.07,5000,5,20,20,5,0,3,1,4,1,0,0,1,79.2,4,71.6,55.2,70.0,75.2,67026.37,53084.89,503289.63,0.57,9,6.5,64.1,99.4,70.3,0,12,12
447.2,1417,0,264,501,117,0,8,1,8,0,1,14,2,63.6,33,52.6,55.9,20.7,5.9,22097.87,14054.25,266422.24,0.63,11,3.7,13.4,62.3,0.0,1,14,6
1201.02,3996,3,36,54,8,0,7,3,0,1,0,0,0,64.1,10,82.0,81.2,82.0,56.2,19027.65,12196.72,106945.09,0.62,31,6.4,61.1,68.6,0.0,0,7,6
1289.14,2206,2,621,339,139,1,2,5,2,1,1,3,3,23.7,9,58.6,37.9,53.4,19.8,59518.18,14105.81,969077.25,0.75,17,4.2,59.6,20.5,0.0,1,0,1
450.87,274,3,163,51,36,0,8,1,0,0,0,0,2,92.0,0,79.5,76.6,75.0,26.1,4950.8,4554.74,55647.33,0.69,7,4.6,69.5,77.7,0.0,1,0,4
1061.9,1037,4,172,15,28,0,1,0,1,1,0,0,2,56.6,19,94.5,60.9,68.0,59.6,813.84,460.63,7209.46,0.45,11,6.8,74.0,89.1,76.2,1,11,3
625.79,2491,5,76,77,47,0,1,3,4,1,0,0,2,94.2,0,81.9,80.5,58.7,50.5,29811.76,28082.68,502829.03,0.56,22,5.6,80.2,64.4,70.7,0,7,8
754.45,2072,2,56,76,34,0,6,2,1,1,0,0,2,72.8,28,58.1,74.3,53.7,48.4,35522.6,25860.45,517534.97,0.48,10,6.4,63.2,88.6,0.0,1,8,0
222.63,493,2,83,22,21,0,2,2,2,1,1,15,0,98.5,0,84.5,78.5,57.9,33.6,9760.95,9614.54,47349.89,0.41,18,5.0,91.4,93.0,0.0,0,7,2
1444.32,969,3,73,24,31,0,1,2,2,1,1,1,1,73.2,2,83.3,83.7,52.2,23.7,41475.27,30359.9,335909.75,0.65,20,6.4,60.5,64.9,0.0,1,7,4
1785.43,3275,3,493,316,260,0,8,3,5,1,1,11,0,49.9,27,19.4,35.0,13.8,6.6,58361.12,29122.2,942397.9,0.3,4,2.1,31.9,60.1,0.0,1,5,2
816.65,2115,1,528,720,352,0,7,3,7,0,0,0,6,24.4,14,30.9,47.7,18.4,6.2,8757.76,2136.89,171557.9,0.61,27,2.8,34.9,42.3,0.0,1,1,13
887.24,494,2,475,653,125,1,3,5,5,1,1,15,6,48.6,2,2.7,31.8,44.1,24.5,27131.39,13185.86,373165.07,0.66,18,2.8,49.5,41.9,0.0,1,12,4
1777.02,5000,5,69,29,7,0,6,0,4,1,0,0,2,67.2,3,71.3,97.9,47.1,82.3,63300.98,42538.26,560361.49,0.65,20,6.0,66.0,95.9,42.8,1,1,10
1482.68,2745,5,151,81,52,0,5,1,4,0,0,0,2,54.8,20,75.1,67.3,95.1,55.5,31029.14,17003.97,230543.44,0.6,27,5.9,81.4,82.8,58.5,0,6,10
691.26,2416,5,23,39,42,0,9,1,8,1,1,10,2,86.1,0,97.0,66.9,75.2,67.5,13777.87,11862.75,109231.97,0.72,4,5.5,55.8,93.7,74.2,1,13,14
624.01,1528,1,851,125,107,0,11,3,3,0,1,6,1,53.5,20,26.2,21.7,28.5,20.1,19761.46,10572.38,101779.59,0.56,12,2.2,50.7,66.1,0.0,1,7,12
151.97,221,1,281,520,287,0,2,2,5,0,1,5,4,54.0,15,54.5,49.3,53.3,5.0,1083.56,585.12,21095.89,0.6,16,2.8,24.6,49.2,0.0,1,5,8
186.17,237,1,791,663,70,0,4,1,3,0,0,0,1,51.4,33,44.1,40.5,38.1,37.0,2104.24,1081.58,40251.4,0.43,6,4.4,14.0,63.6,0.0,1,0,3
1145.13,2710,3,52,39,13,0,3,2,2,1,0,0,0,53.9,12,41.0,84.7,62.3,40.8,37097.51,19995.56,694740.07,0.65,30,5.9,79.1,87.8,0.0,1,14,8
832.04,1234,3,392,701,74,0,8,5,3,1,1,1,2,58.3,7,72.0,94.5,48.3,32.6,2718.6,1584.94,11068.67,0.51,18,5.4,48.8,47.0,0.0,0,9,8
1253.67,3440,4,118,84,56,0,5,0,2,1,0,0,0,75.2,36,77.3,55.8,68.1,61.7,61152.95,45987.02,1143308.2,0.46,6,5.5,77.2,76.5,59.5,1,3,10
191.74,516,2,459,579,327,1,4,1,4,1,1,2,2,70.4,34,6.7,29.0,42.2,2.1,332.41,234.02,2430.29,0.51,21,2.0,23.3,59.9,0.0,1,6,5
77.44,52,3,326,427,190,0,8,3,6,1,0,0,2,13.6,31,13.9,42.6,41.4,19.3,2212.19,300.86,12026.53,0.53,10,2.9,13.6,39.2,0.0,1,1,14
692.35,1774,2,17,84,27,0,7,1,2,1,1,4,1,80.6,0,53.1,62.0,51.4,30.5,29870.3,24075.46,343118.33,0.5,11,4.9,59.2,87.4,0.0,1,4,11
1787.95,1471,4,92,66,12,0,6,1,5,0,0,0,2,67.1,15,70.7,82.4,78.5,63.8,35494.98,23817.13,664198.47,0.7,20,5.1,95.1,88.9,33.1,1,13,4
144.18,104,3,115,54,28,0,3,1,5,0,0,0,0,97.0,0,87.3,77.3,93.2,70.3,2233.54,2166.53,15091.67,0.64,17,6.6,70.8,68.9,0.0,1,7,8
1697.29,1933,3,165,44,26,0,1,3,4,1,0,0,1,76.2,5,50.6,71.8,52.2,35.0,38779.12,29549.69,84345.16,0.65,16,6.0,91.9,76.7,0.0,1,4,14
1744.56,2028,2,488,225,373,1,3,2,2,1,0,0,2,26.5,9,11.3,63.8,43.1,38.8,86634.86,22958.24,1705904.88,0.47,6,3.8,22.3,34.9,0.0,1,1,10
1654.56,5000,5,125,0,19,0,3,1,3,0,0,0,0,78.4,33,52.2,68.3,65.4,94.4,51843.96,40645.66,172058.88,0.68,29,4.6,87.5,85.7,79.9,1,13,13
1782.2,1807,0,203,678,368,0,4,4,5,0,0,0,7,60.6,12,4.4,44.3,40.6,38.0,35607.03,21577.86,185108.13,0.38,7,2.7,32.1,39.4,0.0,1,7,2
580.22,1533,5,29,47,45,0,8,0,4,0,0,0,1,66.0,19,58.7,65.1,56.3,59.3,25518.92,16842.49,500288.68,0.62,27,6.2,68.1,77.2,85.6,1,6,8
1859.83,5000,2,417,143,134,1,6,5,2,1,1,8,7,16.1,32,55.7,60.9,34.3,2.9,68582.66,11041.81,337305.6,0.54,2,3.0,58.4,41.3,0.0,1,11,8
1550.59,5000,2,64,13,57,0,7,0,1,0,1,9,0,82.1,0,82.7,97.2,89.4,79.4,30520.57,25057.39,499477.66,0.43,21,6.4,59.9,77.6,0.0,1,11,2
193.7,280,3,239,201,340,0,4,1,3,1,0,0,6,49.8,24,34.8,17.1,30.0,3.4,3494.1,1740.06,55603.34,0.64,29,3.6,52.2,57.7,0.0,1,5,8
293.33,647,2,114,16,43,0,12,1,7,0,1,8,2,92.2,0,40.6,68.5,64.2,50.7,7061.04,6510.28,45762.8,0.35,7,4.3,93.3,93.4,0.0,1,9,7
1519.92,5000,3,528,138,230,0,11,5,7,0,0,0,1,68.4,10,41.2,44.8,20.5,36.2,20769.37,14206.25,85497.39,0.51,6,3.7,13.3,20.3,0.0,1,0,6
386.27,959,3,1011,506,344,0,6,2,1,0,1,8,6,52.9,30,13.7,55.1,29.0,3.5,17868.34,9452.35,299503.71,0.52,6,2.5,43.7,32.0,0.0,0,3,10
522.53,1227,3,180,471,33,0,2,4,8,1,1,7,0,48.4,25,15.1,63.5,20.3,5.7,8116.45,3928.36,33422.92,0.6,16,3.1,40.0,22.6,0.0,1,5,0
1666.57,2959,2,519,403,123,1,7,1,3,0,1,7,0,84.1,0,48.8,23.6,20.2,28.8,1663.82,1399.27,8070.05,0.69,20,4.3,24.2,22.8,0.0,1,1,4
1053.03,3651,4,37,57,44,0,0,3,3,1,1,13,0,73.6,5,42.6,69.8,61.8,74.8,17113.41,12595.47,74612.4,0.49,22,6.1,67.3,64.0,90.2,0,0,9
615.82,1118,3,112,36,40,0,4,0,5,1,0,0,0,54.8,36,87.9,80.7,62.1,39.4,18317.67,10038.08,61233.14,0.56,17,4.8,63.0,65.5,0.0,0,5,3
753.99,1174,5,828,103,328,0,6,5,7,1,0,0,1,94.5,0,87.3,99.6,48.6,55.2,15581.01,14724.05,73799.54,0.59,7,5.2,21.1,54.0,65.0,1,10,0
1358.2,1948,0,1129,612,276,0,6,1,3,1,0,0,8,33.2,19,39.6,26.4,37.1,28.5,35683.87,11847.04,587023.37,0.5,24,1.9,15.0,29.2,0.0,1,4,10
1167.76,1953,2,892,635,185,1,2,4,1,0,1,3,4,17.2,28,24.9,49.8,53.0,33.7,44078.31,7581.47,90957.3,0.65,26,1.9,13.4,61.7,0.0,1,1,1
742.07,2433,3,922,593,159,0,7,2,7,0,1,15,7,50.2,6,38.7,18.2,12.3,20.3,19137.47,9607.01,315990.84,0.67,4,3.2,56.4,54.7,0.0,1,13,6
772.06,3069,3,956,294,354,0,10,4,3,1,1,14,8,16.4,9,10.0,18.9,21.8,24.3,14433.8,2367.14,268117.27,0.69,28,2.7,56.2,42.4,0.0,1,0,1
1049.95,1589,3,454,104,225,0,3,4,4,1,1,13,2,47.3,3,42.6,60.0,14.0,22.6,17495.47,8275.36,281682.37,0.65,20,1.9,14.7,59.6,0.0,1,5,6
1241.0,4653,2,879,430,174,1,3,3,4,0,0,0,0,52.5,32,28.0,49.2,30.1,23.0,18064.07,9483.64,171406.57,0.46,23,3.1,51.7,42.8,0.0,1,10,2
1847.21,1110,4,34,88,54,0,6,1,0,0,0,0,0,67.9,2,91.2,92.0,66.4,68.2,23606.8,16029.02,263577.2,0.46,9,6.3,97.7,71.1,79.4,0,0,11
1879.08,1529,4,99,36,51,0,2,1,5,0,0,0,1,50.4,10,93.8,82.6,68.9,72.4,88247.07,44476.52,586673.09,0.78,31,4.6,94.7,86.6,33.4,0,7,4
1927.95,5000,3,139,26,5,0,6,2,1,1,0,0,1,62.2,32,57.1,71.9,68.6,42.5,56538.8,35167.13,810036.45,0.49,10,7.3,98.7,92.3,0.0,0,14,11
426.92,553,1,784,527,109,0,10,2,4,0,1,1,6,44.2,24,6.0,40.6,27.3,36.7,5448.33,2408.16,17021.08,0.46,6,3.4,23.9,58.7,0.0,1,11,11
969.62,1472,5,20,73,36,0,6,0,4,1,1,6,0,55.1,11,89.2,88.6,93.7,81.0,17953.29,9892.26,111075.94,0.4,8,6.2,79.2,90.8,63.8,1,13,0
760.75,1576,2,121,46,12,0,5,5,4,0,0,0,2,74.5,26,55.2,62.0,65.2,26.6,2776.37,2068.4,36493.95,0.64,13,4.3,79.3,63.2,0.0,1,4,1
314.66,564,5,140,20,47,0,4,3,1,1,1,2,2,59.2,1,68.2,67.4,81.9,81.9,13967.91,8269.0,109178.75,0.58,8,6.3,60.6,85.1,58.2,1,2,8
1470.8,3525,2,25,33,45,0,9,3,5,0,1,3,0,97.5,0,81.6,79.0,59.5,61.2,18927.03,18453.85,68561.65,0.59,8,4.3,92.2,72.0,0.0,1,3,0
1758.87,2244,3,131,40,16,0,5,2,5,1,1,8,1,82.7,0,97.5,81.3,55.1,66.5,14606.09,12079.24,137327.95,0.37,10,4.4,65.9,73.8,0.0,0,1,2
1900.57,5000,4,80,58,52,0,4,3,4,1,0,0,2,79.5,34,74.0,96.1,57.1,67.5,82411.95,65517.5,987922.74,0.56,24,6.0,59.7,90.1,81.8,0,6,14
213.86,731,2,173,86,20,0,7,1,5,0,0,0,2,94.6,0,65.2,71.0,50.0,59.7,5583.25,5281.75,93081.74,0.38,4,5.5,96.9,65.7,0.0,1,13,9
1099.45,3064,5,114,7,56,0,10,1,2,1,0,0,1,62.8,19,42.2,90.2,93.0,65.7,11915.93,7483.2,77052.14,0.68,9,4.2,65.9,69.6,69.9,1,12,8
1392.29,5000,0,927,675,96,0,7,4,1,0,1,6,4,41.4,34,21.7,38.4,19.6,34.8,62695.47,25955.92,312309.03,0.62,17,1.6,12.0,50.7,0.0,1,3,6
274.91,173,2,548,584,57,1,12,3,8,1,1,8,5,66.2,34,30.7,21.5,31.6,20.6,4687.44,3103.09,49090.93,0.53,18,1.9,59.9,31.6,0.0,1,7,3
1779.28,5000,5,104,87,39,0,1,2,0,1,0,0,1,91.1,0,73.3,56.8,67.5,59.3,88202.49,80352.47,943445.38,0.51,8,5.1,67.2,95.9,78.1,0,11,8
466.99,744,3,107,64,37,0,4,0,5,1,0,0,1,89.7,0,66.4,83.5,63.6,20.3,13643.45,12238.17,156427.64,0.8,40,6.4,89.2,66.6,0.0,1,1,13
1921.45,5000,3,500,112,131,0,2,2,8,1,1,2,2,55.8,23,19.3,60.8,11.3,34.8,5783.65,3227.28,29730.96,0.77,26,1.6,58.1,32.5,0.0,1,11,4
398.22,1407,3,71,37,59,0,6,0,5,1,0,0,2,86.7,0,65.7,99.0,57.3,52.9,12988.94,11261.41,244002.38,0.43,10,6.3,93.5,87.5,0.0,0,6,9
782.67,2103,3,886,318,80,0,2,4,7,1,1,4,1,45.1,18,9.8,35.3,54.9,11.9,32851.62,14816.08,101663.94,0.81,27,2.7,18.6,42.8,0.0,1,14,1
265.35,960,3,70,16,15,0,5,3,4,1,0,0,1,51.7,7,57.1,83.8,73.7,70.5,8984.97,4645.23,35739.35,0.6,25,5.6,75.4,96.8,0.0,0,9,6
1947.15,2306,2,151,61,13,0,0,2,5,0,1,3,2,51.7,1,51.9,82.6,54.3,27.9,64455.85,33323.67,611080.32,0.56,2,6.5,57.4,80.2,0.0,0,12,0
1559.77,2978,2,117,24,15,0,2,1,1,1,0,0,2,90.3,0,76.6,79.1,81.3,23.1,55829.19,50413.76,715214.95,0.44,21,7.3,95.2,63.2,0.0,0,12,11
1617.4,1121,3,66,31,30,0,8,1,2,0,0,0,1,94.6,0,72.8,59.6,90.5,35.4,53771.65,50867.98,841278.87,0.44,20,4.6,85.6,80.7,0.0,1,9,0
878.77,505,0,339,446,125,0,3,1,2,1,1,5,0,70.4,21,3.3,22.0,22.8,39.2,32959.29,23203.34,297131.5,0.34,8,4.2,10.3,54.1,0.0,1,5,2
1629.51,2711,3,53,80,23,0,3,1,1,1,1,3,0,87.3,0,80.1,82.4,73.5,62.7,79441.93,69352.8,787292.12,0.28,11,5.4,64.2,71.9,0.0,0,12,2
1708.39,4910,3,13,15,11,0,0,3,3,1,1,13,1,99.8,0,55.8,80.9,58.7,25.5,47851.49,47755.79,920279.73,0.66,5,4.5,94.9,62.6,0.0,1,9,13
1452.38,4678,3,162,55,19,0,5,1,5,1,1,7,2,79.7,29,70.7,63.7,76.4,52.6,27070.44,21575.14,269365.5,0.52,20,4.6,99.4,79.5,0.0,1,0,0
306.37,433,3,175,75,32,0,6,0,3,1,0,0,0,90.5,0,96.4,59.5,95.6,32.1,3129.92,2832.58,40011.89,0.37,2,7.0,61.1,60.8,0.0,1,6,2
1640.97,5000,5,131,77,6,0,11,5,4,1,1,11,0,64.2,31,45.9,84.7,63.8,80.7,16247.84,10431.11,253352.11,0.49,7,5.6,97.5,91.0,63.2,1,14,12
1100.2,2967,0,765,122,399,0,11,4,5,1,1,10,8,62.7,28,42.5,32.0,34.7,37.0,48991.28,30717.53,215455.46,0.48,17,1.6,52.8,38.7,0.0,1,3,7
1621.23,4899,0,1194,92,69,0,10,2,7,0,0,0,6,26.4,21,54.8,52.6,21.1,18.1,7161.15,1890.54,127071.26,0.71,32,3.4,54.6,38.5,0.0,1,5,13
803.24,546,3,622,499,376,0,11,5,8,0,0,0,2,74.8,17,57.4,28.9,51.9,2.6,6172.54,4617.06,77991.86,0.58,15,3.2,27.4,60.4,0.0,1,6,0
329.57,1148,4,60,61,57,0,4,0,4,1,0,0,1,92.0,0,81.2,70.6,58.4,60.2,7646.91,7035.16,137296.06,0.46,2,7.1,71.3,88.7,69.1,0,13,3
1378.13,3316,3,149,66,60,0,1,3,5,1,0,0,0,51.8,13,69.2,97.3,82.9,62.2,64106.23,33207.03,524643.23,0.4,8,7.0,89.8,87.8,0.0,0,10,7
1107.58,2607,2,196,164,398,1,5,3,3,1,1,10,1,44.0,8,32.8,38.1,15.8,7.6,14062.89,6187.67,97320.44,0.52,21,3.2,43.4,67.2,0.0,1,7,12
1318.31,2165,2,92,66,56,0,3,3,6,1,1,15,2,58.1,34,76.1,70.3,86.1,24.0,22990.31,13357.37,247990.35,0.43,5,5.5,63.2,68.0,0.0,1,6,7
1063.21,2861,1,490,492,50,0,6,4,8,1,0,0,8,63.9,7,36.2,46.0,50.7,19.5,32236.64,20599.21,576792.51,0.7,14,2.9,15.7,62.0,0.0,1,2,13
988.82,2449,2,68,62,36,0,0,1,1,1,0,0,2,94.8,0,80.5,64.7,46.1,69.2,9405.84,8916.74,72581.61,0.47,10,5.9,55.4,65.9,0.0,1,13,3
1111.99,2242,2,115,32,36,0,7,1,5,1,0,0,2,89.7,0,44.8,88.9,62.7,50.5,36940.82,33135.92,244031.62,0.72,12,6.6,98.4,99.1,0.0,1,0,4
1142.27,4158,2,921,336,183,1,11,2,4,0,0,0,0,52.1,35,44.0,17.5,42.6,23.6,2063.18,1074.92,21557.6,0.48,13,3.1,52.7,62.0,0.0,1,4,7
1743.03,5000,1,1171,483,203,0,4,2,2,1,0,0,7,15.9,12,52.3,37.6,31.7,37.4,41234.6,6556.3,364745.39,0.46,18,4.3,36.3,59.3,0.0,1,13,10
427.17,678,4,85,39,10,0,6,0,2,0,1,12,0,94.0,0,79.1,83.4,71.0,72.9,12244.89,11510.2,157736.45,0.34,3,7.6,62.3,88.4,84.9,0,14,2
24.36,67,1,660,223,68,0,2,3,1,1,1,9,6,57.4,11,11.3,17.5,16.1,10.5,641.55,368.25,12614.6,0.56,14,2.4,20.1,44.1,0.0,1,8,6
1380.17,3973,0,365,662,389,0,2,2,8,0,1,2,3,19.6,20,16.6,33.8,19.9,17.4,24023.74,4708.65,272751.44,0.58,20,1.5,55.8,64.4,0.0,1,3,10
387.91,949,3,803,537,293,0,2,1,6,0,1,1,1,63.3,26,30.2,15.4,30.1,1.3,12572.05,7958.11,250538.35,0.76,37,3.9,16.1,42.9,0.0,1,4,4
424.55,243,4,85,79,31,0,8,3,5,1,0,0,1,85.1,0,67.6,57.6,61.9,94.8,11952.26,10171.37,143595.18,0.39,1,4.3,62.3,96.7,67.3,0,7,5
39.18,117,1,1085,363,137,0,8,2,3,1,1,13,2,75.0,36,18.3,21.9,14.5,25.1,268.56,201.42,1716.49,0.62,14,3.5,45.2,59.5,0.0,1,12,13
727.85,1473,5,155,16,47,0,4,1,0,0,0,0,0,59.4,2,99.8,76.2,91.0,59.3,27517.31,16345.28,122755.14,0.52,7,5.4,75.4,86.3,72.7,0,9,8
1357.82,5000,0,880,171,128,0,10,3,8,1,1,11,5,18.3,28,50.8,20.7,44.0,19.0,43880.37,8030.11,354131.29,0.76,15,2.5,43.2,44.2,0.0,1,4,4
945.26,3312,3,64,37,33,0,1,3,0,1,0,0,0,90.7,0,56.0,86.3,66.8,65.5,30841.56,27973.29,303623.34,0.8,33,6.5,57.4,95.2,0.0,1,11,1
994.14,531,2,110,10,4,0,6,2,1,1,0,0,0,58.7,13,53.2,72.4,53.8,49.4,32579.35,19124.08,208226.59,0.51,9,7.1,85.2,98.0,0.0,0,14,0
155.39,364,2,1083,71,284,1,7,3,5,1,1,11,3,14.3,2,4.5,60.7,34.4,20.6,6773.46,968.6,120935.84,0.5,5,3.6,14.9,60.8,0.0,1,1,5
409.74,1481,5,114,21,45,0,2,4,4,1,1,1,2,66.5,29,64.1,96.7,88.9,56.1,11017.96,7326.94,94522.83,0.48,12,4.4,84.3,97.6,58.3,1,9,12
375.83,522,2,703,374,301,1,8,2,1,1,0,0,3,57.9,10,23.2,53.4,44.9,10.0,17061.61,9878.67,294231.06,0.55,14,3.1,40.6,20.5,0.0,1,4,7
1511.62,2894,2,752,478,108,1,10,1,3,1,1,8,3,28.6,30,49.9,16.2,14.7,17.1,36396.62,10409.43,160268.47,0.39,12,2.6,12.3,20.6,0.0,1,1,3
417.25,541,3,124,52,31,0,11,4,7,1,1,14,1,91.7,0,62.8,62.6,66.8,27.2,20130.42,18459.6,42155.08,0.57,15,6.2,77.4,76.4,0.0,0,13,14
1577.83,5000,3,344,204,341,0,4,5,7,1,1,2,1,15.2,24,25.7,63.5,46.1,5.8,53994.28,8207.13,118451.99,0.74,23,2.7,20.9,30.0,0.0,1,7,13
1812.53,2186,0,451,366,308,0,7,1,2,0,1,15,1,23.7,3,11.6,57.0,30.3,3.0,53109.33,12586.91,474111.14,0.64,12,4.0,26.0,53.8,0.0,1,10,10
1469.81,3739,1,631,153,229,0,7,2,8,0,1,4,8,62.4,1,0.2,20.6,47.3,16.9,30737.79,19180.38,350756.59,0.51,5,3.2,48.0,39.1,0.0,1,1,3
1655.16,3364,4,33,34,3,0,4,0,2,0,1,1,1,72.2,13,78.7,66.1,76.8,74.0,69027.4,49837.78,803903.02,0.35,11,6.7,82.6,93.9,67.9,1,11,7
1866.8,3548,3,156,79,34,0,4,5,2,0,1,5,7,31.2,36,27.6,56.0,14.5,37.1,82253.31,25663.03,744719.23,0.43,3,1.3,36.5,22.7,0.0,1,1,5
95.35,290,4,306,617,157,0,8,2,5,1,1,9,1,59.6,36,97.2,91.0,49.7,63.1,1376.69,820.51,18127.11,0.44,15,4.7,18.4,56.6,80.1,1,9,11
753.46,2220,5,168,66,12,0,2,3,5,1,0,0,1,95.2,0,73.3,65.6,74.9,68.3,19492.88,18557.22,292538.65,0.69,33,6.5,75.9,83.9,93.5,0,6,4
875.76,876,0,195,84,93,0,6,5,2,0,0,0,3,69.2,20,31.5,42.6,46.8,26.0,22358.43,15472.03,366715.82,0.43,12,3.2,47.0,27.8,0.0,1,14,0
1048.85,3078,5,14,56,42,0,8,1,5,1,1,14,0,86.3,0,66.9,97.9,81.5,72.8,21185.17,18282.8,181999.46,0.5,22,4.6,76.2,86.2,40.9,1,4,6
1823.53,5000,2,187,408,116,1,5,4,8,0,0,0,3,53.5,16,8.3,24.7,32.1,8.6,7205.99,3855.2,114266.27,0.4,5,3.0,18.9,39.7,0.0,1,8,0
260.78,541,3,108,31,24,0,6,1,3,1,1,14,0,80.3,0,60.1,72.8,62.6,28.3,2095.68,1682.83,31633.33,0.5,16,6.9,91.9,83.6,0.0,1,9,11
172.84,176,1,236,699,133,0,8,1,8,0,1,3,3,48.5,4,37.9,56.4,40.5,26.8,5992.89,2906.55,38836.51,0.54,10,3.4,37.4,47.4,0.0,0,14,14
1565.68,5000,3,46,9,56,0,6,3,5,0,0,0,2,67.1,29,49.1,55.9,88.5,65.6,35693.63,23950.43,666830.19,0.45,2,5.5,65.7,69.6,0.0,1,13,11
447.02,1620,2,139,22,54,0,0,0,4,1,0,0,0,84.6,0,88.8,74.1,47.2,56.8,14306.43,12103.24,105779.64,0.44,3,5.5,85.4,90.6,0.0,0,11,5
819.65,2525,5,134,17,30,0,4,3,2,0,0,0,1,67.3,5,48.7,85.3,72.1,92.5,40232.47,27076.45,471116.79,0.5,16,6.2,89.9,73.5,99.5,1,6,5
602.62,2403,5,157,25,21,0,6,1,4,1,0,0,0,86.4,0,70.6,85.6,56.2,87.1,7591.42,6558.99,112844.48,0.43,19,8.0,73.5,80.1,98.5,0,6,0
1244.46,4722,3,131,701,53,0,2,3,6,1,0,0,0,32.5,3,47.9,34.9,10.4,4.4,58564.55,19033.48,219597.41,0.63,27,3.0,41.2,59.8,0.0,1,3,14
1601.67,5000,5,76,30,45,0,9,2,8,0,1,13,2,91.9,0,60.0,66.8,65.3,99.6,12627.41,11604.59,99203.24,0.64,28,5.7,69.2,95.6,62.0,0,4,14
1825.07,1615,4,36,71,56,0,8,3,3,1,0,0,2,82.1,0,79.7,78.0,94.6,56.3,70034.49,57498.32,1012107.22,0.65,24,5.4,95.9,60.4,74.6,1,5,4
28.11,26,1,737,549,198,0,2,5,7,0,0,0,8,47.4,19,9.7,35.7,41.3,19.8,14.72,6.98,184.62,0.39,18,3.0,42.5,57.7,0.0,1,10,11
1644.66,4956,3,70,17,5,0,7,2,1,1,0,0,1,82.3,0,63.5,97.2,78.6,75.2,43982.14,36197.3,729221.3,0.51,12,5.5,75.7,89.2,0.0,1,14,10
884.97,474,0,1199,402,223,0,3,3,4,1,1,12,1,82.5,0,44.3,61.6,27.4,3.0,36731.61,30303.58,173384.09,0.54,20,3.6,50.1,60.4,0.0,1,11,3
866.52,1847,2,779,94,101,1,8,3,5,1,0,0,1,53.5,19,99.7,94.9,48.1,38.2,15319.45,8195.91,230053.45,0.55,8,5.2,41.1,59.7,0.0,1,4,14
1622.96,4204,2,66,79,13,0,8,2,3,0,1,12,0,89.8,0,58.9,82.0,72.2,41.1,47294.36,42470.34,263379.0,0.39,15,5.7,79.7,63.5,0.0,1,8,9
1337.4,1305,2,239,513,381,1,9,5,6,0,0,0,4,48.8,30,24.4,16.6,16.1,29.8,28359.01,13839.2,272745.91,0.53,7,1.4,31.7,20.6,0.0,1,3,0
274.65,478,3,66,86,17,0,11,2,4,1,0,0,2,79.2,32,58.8,59.7,60.7,57.0,11240.01,8902.09,109804.07,0.29,2,4.7,77.2,74.6,0.0,1,8,2
1247.34,4974,0,756,318,237,0,4,4,4,1,1,1,7,37.2,20,5.1,40.4,14.6,38.5,8972.54,3337.78,114515.64,0.65,8,3.5,39.3,44.3,0.0,1,2,8
446.28,1249,3,52,82,3,0,4,2,4,1,0,0,0,73.4,17,74.4,65.0,84.0,67.7,11650.02,8551.11,25559.63,0.51,10,7.2,57.5,94.4,0.0,0,11,10
837.62,797,1,997,616,40,0,8,2,3,0,0,0,3,24.0,26,51.4,17.4,36.0,29.9,23545.12,5650.83,121791.82,0.63,19,2.2,46.6,40.3,0.0,1,10,8
1865.3,5000,3,1083,198,304,0,10,1,8,0,0,0,1,93.2,0,49.1,55.5,19.7,30.2,28266.13,26344.03,502510.68,0.44,6,4.7,40.2,52.1,0.0,1,2,2
549.25,1607,2,1044,685,206,1,2,3,5,0,1,6,2,50.4,24,12.9,36.4,23.4,1.4,17813.65,8978.08,236052.38,0.52,20,2.9,28.8,47.1,0.0,1,9,8
1099.52,1100,1,876,313,239,0,12,5,4,0,0,0,4,13.4,13,15.4,49.9,30.6,14.3,30534.46,4091.62,216089.59,0.63,4,2.6,34.4,63.2,0.0,1,11,4
202.71,390,3,866,424,327,0,5,2,3,0,0,0,6,50.3,29,18.9,41.1,48.6,36.2,1761.35,885.96,17680.27,0.65,31,3.3,55.3,45.0,0.0,1,0,10
1662.4,1058,3,46,85,37,0,3,3,0,1,0,0,0,83.6,0,83.2,66.7,68.3,73.2,29177.48,24392.37,215491.2,0.46,4,6.2,93.1,94.5,0.0,0,7,10
524.01,483,4,139,15,42,0,5,0,1,0,0,0,1,90.7,0,97.5,84.0,95.7,50.3,17106.61,15515.7,62587.73,0.43,19,5.6,86.6,85.8,60.5,1,14,11
1487.87,2434,0,942,108,33,0,5,5,5,1,0,0,0,50.6,34,43.2,31.0,16.6,34.0,31565.05,15971.92,166729.29,0.37,9,3.3,46.9,31.3,0.0,1,0,5
1941.39,3447,2,148,61,25,0,4,3,3,1,0,0,1,59.1,28,47.8,61.7,55.2,24.5,43265.59,25569.96,195812.43,0.44,2,6.4,87.7,85.2,0.0,1,12,12
1872.52,2901,0,604,340,381,0,3,2,7,1,0,0,6,64.6,24,11.5,43.6,11.1,14.3,15261.48,9858.92,38475.08,0.44,12,1.9,24.9,42.7,0.0,1,9,11
1265.37,1692,5,90,3,29,0,6,0,5,0,0,0,2,94.3,0,78.6,63.4,48.3,88.7,29071.43,27414.36,464960.77,0.57,8,7.5,77.8,76.5,79.8,0,14,12
1380.93,5000,0,577,620,288,0,8,1,7,0,1,5,2,62.2,28,52.8,64.6,51.7,14.6,11773.99,7323.42,54218.77,0.42,16,2.9,49.5,32.8,0.0,1,5,5
120.61,419,2,77,66,14,0,4,0,0,1,1,7,1,83.9,0,45.3,88.4,93.5,35.3,4012.4,3366.4,49628.43,0.47,19,5.6,74.3,68.0,0.0,1,11,10
1570.43,5000,5,98,49,39,0,8,3,3,0,1,3,2,91.3,0,96.3,74.5,95.0,68.7,35270.02,32201.53,316816.51,0.39,2,5.5,94.0,96.8,79.2,0,9,11
688.85,873,0,259,418,343,0,9,1,3,1,0,0,3,59.6,3,54.3,29.7,54.2,35.1,2132.59,1271.02,10376.03,0.75,17,3.9,13.2,38.8,0.0,1,1,4
498.33,1748,4,161,56,37,0,4,4,8,1,1,3,1,66.6,33,87.2,67.3,73.7,80.2,21206.09,14123.26,219634.3,0.68,5,4.3,61.8,86.1,60.1,1,3,6
147.4,177,3,122,6,21,0,1,3,1,1,0,0,2,72.8,8,65.0,57.4,89.4,39.6,2174.0,1582.67,25912.11,0.54,22,6.6,65.8,88.1,0.0,1,3,14
694.87,840,3,166,66,34,0,1,2,3,0,0,0,1,81.5,0,75.0,88.4,81.3,56.6,28903.67,23556.49,151455.54,0.44,21,6.5,73.5,86.7,0.0,0,11,11
710.93,558,3,150,485,305,0,12,1,8,0,1,6,5,32.2,7,48.1,42.2,12.5,19.2,28413.21,9149.05,383912.64,0.41,13,1.5,49.7,56.7,0.0,1,3,3
990.62,973,3,495,161,197,0,3,5,2,1,1,10,1,10.8,32,39.8,37.6,47.3,17.3,4973.88,537.18,58613.38,0.38,13,1.9,20.0,43.6,0.0,1,12,3
24.74,69,4,57,83,16,0,2,1,5,1,1,11,1,50.7,7,85.0,75.3,74.1,57.2,172.9,87.66,1423.15,0.63,10,5.3,82.4,87.5,43.7,1,7,4
1274.26,1541,5,177,83,53,0,2,3,8,0,1,11,0,61.9,9,98.9,95.2,85.4,95.0,55431.27,34311.96,122792.93,0.41,15,4.1,56.4,89.7,89.1,1,9,2
682.39,2698,2,28,5,30,0,3,3,5,1,0,0,0,86.5,0,61.0,89.9,73.2,22.8,7022.21,6074.21,138338.62,0.75,13,5.7,86.7,73.0,0.0,1,9,4
793.21,2616,3,99,52,53,0,7,1,1,1,0,0,2,87.7,0,90.4,99.1,64.5,20.8,10895.35,9555.22,149305.26,0.56,2,5.0,65.6,97.0,0.0,0,8,0
372.95,581,5,100,73,43,0,4,0,4,1,0,0,1,66.5,5,40.2,63.4,58.0,78.4,6800.92,4522.61,60099.51,0.55,14,6.9,97.5,86.4,90.3,1,7,3
599.87,1811,2,84,82,0,0,0,0,1,1,0,0,2,60.2,9,45.6,65.9,90.6,57.3,11446.34,6890.7,62015.84,0.5,21,5.7,81.2,94.8,0.0,1,9,7
348.59,610,4,69,36,0,0,3,3,1,1,1,7,0,71.8,11,53.4,83.7,51.4,50.3,4108.0,2949.54,34255.84,0.46,16,5.2,56.6,83.5,92.4,1,11,12
1808.42,3978,4,26,50,35,0,7,2,1,1,0,0,1,61.6,7,56.5,94.3,57.7,53.5,27516.81,16950.35,105381.07,0.57,22,5.5,68.9,98.7,53.9,1,12,10
1073.7,1596,1,231,403,388,0,4,5,1,0,0,0,8,55.8,33,22.0,48.7,32.6,2.0,15781.99,8806.35,57315.17,0.67,26,3.0,28.0,24.6,0.0,1,8,1
1863.0,4307,4,168,85,14,0,2,1,1,1,0,0,2,52.0,36,86.9,79.8,73.4,86.7,7303.99,3798.07,90237.27,0.42,13,7.2,70.4,75.6,87.4,0,6,2
730.77,676,5,81,16,16,0,1,3,4,1,0,0,2,91.0,0,93.6,70.2,63.9,64.8,33939.92,30885.33,484602.26,0.39,10,5.7,96.6,96.8,54.6,1,5,11
10.4,31,5,26,2,22,0,12,1,7,0,1,12,0,84.2,0,63.1,61.9,72.9,97.1,267.07,224.87,4816.67,0.55,9,4.3,85.3,80.3,66.6,0,0,14
1052.56,2519,0,959,481,349,0,4,5,2,1,1,14,5,25.7,5,10.8,64.8,17.9,10.0,29508.48,7583.68,475521.64,0.62,31,2.5,25.6,27.2,0.0,1,13,13
968.58,1941,5,38,42,7,0,8,2,0,1,0,0,2,64.5,36,63.8,75.2,71.0,88.5,30228.5,19497.38,322414.67,0.37,18,6.1,78.9,77.7,97.1,0,12,9
1444.1,1551,5,44,61,37,0,6,1,3,0,0,0,0,70.8,22,97.4,87.9,57.2,97.4,39221.7,27768.96,748731.89,0.62,21,4.6,99.5,72.9,70.1,0,5,8
1452.42,1946,2,538,180,331,1,6,3,3,0,1,11,1,26.2,6,48.7,41.0,25.4,13.8,4795.64,1256.46,89490.02,0.43,20,3.0,16.3,21.8,0.0,1,0,7
1524.71,4594,0,1003,489,84,0,9,1,2,1,1,5,2,41.0,23,49.9,63.6,54.0,11.0,63577.57,26066.8,580432.07,0.65,19,4.5,34.6,61.8,0.0,1,12,1
916.9,3560,0,139,462,38,0,7,5,8,0,1,12,1,67.5,7,27.5,16.8,17.3,34.0,22307.35,15057.46,382093.74,0.56,21,1.9,17.8,58.8,0.0,1,4,10
1631.89,4346,1,955,477,195,0,3,3,7,1,0,0,8,58.9,12,20.7,47.6,28.1,10.9,54867.17,32316.76,737398.65,0.69,4,2.8,28.8,39.4,0.0,1,8,1
1321.16,2916,2,681,299,253,1,5,4,2,0,1,11,0,76.4,31,57.9,55.5,13.3,9.3,62763.2,47951.08,229656.05,0.61,21,3.7,46.0,34.3,0.0,1,8,4
1677.78,2477,4,10,9,48,0,1,3,3,0,0,0,0,50.9,3,83.9,65.2,71.1,69.9,5186.79,2640.08,50398.54,0.43,2,6.3,56.3,90.2,79.2,0,14,3
691.75,720,2,243,364,230,1,6,3,3,0,1,8,4,12.3,36,30.2,48.1,14.8,12.6,22561.82,2775.1,337021.48,0.76,20,1.9,21.4,30.3,0.0,1,7,13
94.39,328,5,41,59,30,0,5,0,5,0,0,0,0,50.5,14,46.5,69.2,77.8,63.1,2051.58,1036.05,21367.94,0.55,17,5.6,97.3,69.7,85.7,0,9,12
1443.72,3762,3,167,79,26,0,4,3,5,1,0,0,1,94.0,0,74.4,95.7,98.7,33.2,28233.3,26539.3,550334.62,0.63,27,5.7,83.5,60.6,0.0,1,2,10
1107.6,3295,2,149,3,52,0,2,2,5,1,0,0,1,65.8,32,98.9,75.9,47.0,70.3,24912.05,16392.13,70586.97,0.52,14,6.7,90.6,79.9,0.0,0,14,0
1254.83,4216,5,100,65,40,0,5,3,4,1,0,0,2,50.1,3,63.5,74.1,52.2,97.1,37030.61,18552.34,594753.76,0.63,21,6.1,55.8,90.0,66.9,1,7,4
1297.98,1818,2,479,275,62,1,7,5,6,0,1,2,5,61.0,5,21.2,60.9,10.5,26.1,36291.16,22137.61,586106.48,0.67,20,1.4,59.9,42.1,0.0,1,3,13
1951.23,2252,4,114,19,59,0,3,2,4,1,0,0,2,98.5,0,97.9,72.3,64.5,59.5,67355.64,66345.31,197447.44,0.53,8,5.9,81.2,70.3,92.1,1,9,12
1021.74,3038,1,735,724,394,0,5,3,2,1,1,12,0,64.0,20,53.4,33.1,42.0,6.3,8399.89,5375.93,77721.62,0.47,6,3.8,21.1,56.9,0.0,1,9,7
275.56,796,4,83,82,21,0,7,0,0,1,0,0,1,79.8,5,52.1,88.0,80.2,89.7,7091.03,5658.64,33141.61,0.75,4,6.0,82.7,80.2,82.3,0,8,13
1281.33,2428,1,828,384,156,0,12,2,6,1,1,3,2,69.7,24,47.5,44.3,14.9,16.3,53946.95,37601.02,559347.34,0.38,1,3.1,31.8,44.3,0.0,1,2,7
196.91,714,2,101,68,20,0,4,3,0,0,0,0,0,73.4,35,87.5,59.2,74.2,52.6,2868.14,2105.21,8327.41,0.35,5,5.8,96.8,78.3,0.0,0,11,7
1913.28,3988,2,1032,487,65,1,2,1,6,1,0,0,5,28.1,24,38.4,25.0,40.6,26.6,78624.05,22093.36,746477.9,0.63,11,1.6,41.0,39.0,0.0,1,8,1
1077.62,936,2,150,234,183,0,3,3,2,0,0,0,2,68.0,11,52.4,16.1,46.1,17.5,32647.81,22200.51,365123.44,0.49,12,2.9,33.3,55.0,0.0,0,1,0
1224.52,2604,4,174,89,31,0,6,0,0,1,0,0,2,51.9,12,52.0,80.3,90.1,73.2,44650.13,23173.42,595607.59,0.58,4,6.5,82.8,95.8,65.1,0,4,6
1464.45,2399,2,794,320,340,1,4,3,7,0,1,15,0,75.8,35,26.9,15.4,29.4,3.3,36140.87,27394.78,230795.6,0.35,13,3.0,33.7,36.2,0.0,1,13,9
1429.32,1294,4,43,73,3,0,4,1,8,1,0,0,1,67.6,21,75.5,96.3,46.3,80.7,36122.98,24419.13,484401.83,0.53,17,4.2,92.8,95.8,42.4,0,6,10
1597.07,873,4,48,57,33,0,8,2,1,1,0,0,2,64.1,11,73.3,64.3,76.5,57.2,30566.19,19592.93,598350.34,0.64,8,5.1,73.6,60.3,50.8,0,9,13
1175.57,2201,3,84,2,7,0,0,3,1,1,0,0,2,99.7,0,57.4,82.6,87.0,24.3,21496.63,21432.14,95880.97,0.52,7,8.3,73.0,96.9,0.0,0,12,9
1460.5,2012,5,119,83,39,0,4,0,5,1,0,0,1,66.1,32,71.6,92.4,78.5,55.4,38907.86,25718.1,674700.76,0.51,2,6.2,89.8,82.2,92.4,1,14,9
1801.26,3812,3,751,521,215,0,7,1,2,0,1,15,6,21.7,11,37.6,51.7,23.6,31.9,71610.13,15539.4,946898.41,0.46,19,2.6,57.1,54.0,0.0,1,1,9
232.77,117,3,72,30,13,0,5,1,4,0,0,0,1,87.2,0,87.9,55.5,50.8,26.5,3436.59,2996.71,46318.03,0.38,4,6.4,87.3,73.1,0.0,1,10,3
491.22,813,3,393,424,241,0,8,1,1,1,0,0,3,23.1,15,58.8,27.4,18.8,27.2,5144.7,1188.43,16872.35,0.79,39,2.8,44.2,66.7,0.0,1,12,1
1725.8,3906,4,11,86,33,0,6,1,2,1,0,0,2,60.8,29,88.7,89.3,60.1,87.8,31423.68,19105.6,103994.87,0.69,32,5.6,65.1,97.5,42.2,1,0,14
1939.3,5000,2,918,664,260,1,3,4,6,1,1,8,2,51.4,34,11.2,39.4,39.1,38.2,54821.74,28178.37,915572.43,0.46,6,1.7,34.5,56.8,0.0,1,7,3
1785.29,2991,0,460,74,229,0,3,5,6,1,0,0,2,27.6,35,4.5,22.3,34.2,14.1,24996.41,6899.01,173579.0,0.59,10,1.9,23.2,60.1,0.0,1,3,6
1845.53,3323,3,1171,117,237,0,4,5,7,1,1,12,1,67.8,17,59.3,90.7,48.7,12.8,14908.16,10107.73,187285.17,0.39,15,4.6,48.5,29.8,0.0,1,2,11
1729.0,5000,5,85,11,10,0,5,0,1,1,0,0,0,57.8,28,45.9,79.9,87.8,61.9,48822.79,28219.57,543442.63,0.52,25,6.8,83.0,74.0,61.0,0,14,5
1654.25,2966,2,132,24,55,0,1,3,2,1,0,0,2,88.7,0,97.4,67.0,91.4,28.1,40056.55,35530.16,289673.67,0.5,18,6.2,88.8,82.0,0.0,1,13,9
301.57,891,2,37,17,51,0,1,0,0,1,0,0,0,91.5,0,43.2,82.9,51.6,49.4,4629.54,4236.03,33400.69,0.58,22,5.9,76.1,79.0,0.0,1,5,0
1132.38,2480,3,319,522,56,0,3,1,8,1,0,0,6,50.7,8,25.4,43.9,33.2,17.4,49259.09,24974.36,939498.31,0.31,9,2.7,30.3,47.4,0.0,0,4,11
535.24,522,4,90,71,15,0,3,3,3,0,0,0,2,80.8,0,70.4,73.2,91.9,66.5,4970.64,4016.28,89728.51,0.46,15,7.6,97.7,73.7,66.9,1,14,12
1904.74,5000,5,134,53,58,0,8,2,2,0,0,0,0,92.4,0,63.5,68.4,98.0,68.4,92489.67,85460.46,1025480.76,0.75,30,4.7,86.4,72.1,83.1,1,10,4
275.76,217,4,1117,621,222,0,6,1,3,1,1,15,0,66.4,26,47.0,63.3,48.6,70.6,4873.97,3236.32,78459.22,0.43,6,3.6,56.9,43.6,59.6,0,7,9
1226.79,1571,1,743,223,187,0,12,3,5,1,1,3,7,56.7,35,0.6,58.2,18.7,27.3,36895.81,20919.92,230244.79,0.71,33,2.9,29.6,42.5,0.0,1,14,13
208.34,681,3,92,34,21,0,4,1,2,1,0,0,2,65.5,21,94.7,60.2,79.9,43.6,5445.0,3566.48,68945.65,0.36,7,5.8,76.5,77.9,0.0,0,1,5
1472.01,2127,2,90,135,272,0,9,4,5,1,0,0,7,46.9,29,9.2,16.2,49.3,31.8,67991.24,31887.89,200281.09,0.68,26,1.9,21.8,25.5,0.0,1,7,4
784.12,2859,2,742,393,155,1,12,5,2,0,0,0,1,55.5,34,3.0,23.4,40.9,26.0,4758.65,2641.05,78579.6,0.57,13,3.1,19.4,48.1,0.0,1,3,6
1815.58,1551,2,163,7,21,0,3,3,3,1,0,0,2,82.2,0,81.4,69.8,57.6,33.6,69834.06,57403.6,906869.2,0.46,22,5.9,96.4,95.7,0.0,0,5,11
115.87,184,5,116,37,26,0,4,0,4,1,1,1,2,58.3,31,47.5,98.4,74.5,98.6,1477.19,861.2,22542.62,0.37,9,6.3,57.2,89.8,67.8,1,0,2
1674.2,4319,2,11,69,31,0,4,3,0,0,0,0,2,61.5,17,71.9,77.7,76.2,59.9,37571.59,23106.53,260751.74,0.55,4,6.3,95.4,75.0,0.0,1,2,8
1883.83,1747,5,141,50,24,0,7,2,6,1,0,0,0,64.4,16,78.2,76.2,58.3,61.4,56621.89,36464.5,503357.76,0.42,7,5.3,79.8,84.4,45.3,1,6,11
919.78,2947,0,862,709,31,0,6,4,2,1,1,13,1,74.0,34,47.1,32.5,19.4,25.0,715.99,529.83,5695.72,0.57,3,4.0,40.5,50.3,0.0,1,13,14
1155.47,3652,4,28,58,7,0,2,0,2,0,0,0,1,54.9,32,67.2,97.3,94.3,78.0,25197.58,13833.47,495145.48,0.72,36,6.2,55.5,67.5,38.9,1,0,13
1829.39,5000,4,72,0,14,0,11,3,2,1,0,0,0,63.0,27,69.3,55.4,45.2,93.4,7259.42,4573.43,90808.66,0.56,28,5.9,73.9,62.0,91.4,0,11,10
376.35,932,5,150,17,15,0,1,3,3,0,0,0,2,55.7,11,53.6,91.9,67.5,88.7,5921.23,3298.13,115357.31,0.56,7,6.2,64.9,92.6,89.0,1,1,6
616.72,1164,0,517,538,289,0,3,2,8,1,0,0,7,68.2,9,57.2,19.3,25.8,35.5,18608.18,12690.78,327668.83,0.46,2,3.9,41.7,34.5,0.0,0,11,7
873.56,1109,2,25,20,34,0,3,2,0,1,0,0,2,79.3,22,88.6,63.3,52.2,27.1,35837.67,28419.27,672817.62,0.59,5,5.2,93.2,91.8,0.0,0,8,8
1151.75,1443,5,111,12,0,0,0,2,4,0,0,0,0,87.2,0,76.4,76.9,89.2,95.9,48334.43,42147.62,871669.3,0.55,2,6.3,97.2,95.2,62.8,1,14,7
263.14,233,0,437,683,243,0,4,1,3,0,1,10,0,26.6,33,35.3,20.4,39.1,32.5,3437.02,914.25,24650.62,0.46,2,1.7,49.0,56.6,0.0,1,14,7
774.75,2628,3,50,66,27,0,3,1,5,0,1,4,0,66.9,12,76.1,93.0,59.3,56.6,15783.48,10559.15,110356.0,0.74,11,6.2,62.5,70.8,0.0,0,0,13
1349.59,4963,2,13,36,57,0,3,3,1,1,0,0,0,50.3,31,82.1,85.4,93.3,59.9,24393.35,12269.86,480282.34,0.41,13,6.1,94.3,98.2,0.0,1,10,7
1001.0,2978,1,99,660,329,0,3,3,6,0,1,2,2,22.2,25,19.5,31.6,23.2,24.7,11339.06,2517.27,137030.84,0.57,2,1.7,18.2,68.0,0.0,1,4,14
1588.33,5000,5,104,39,8,0,6,2,3,0,0,0,1,77.5,19,86.4,67.2,95.8,54.7,52926.94,41018.38,250858.27,0.33,2,5.9,78.7,68.1,91.6,0,7,2
953.24,3283,0,197,334,55,0,12,3,1,0,0,0,8,18.5,35,1.2,50.6,53.6,35.4,15999.36,2959.88,184762.74,0.46,16,2.9,21.2,67.9,0.0,1,3,2
1647.73,4182,4,168,37,20,0,11,2,4,1,0,0,2,84.8,0,65.9,76.9,89.5,92.7,39460.07,33462.14,170236.36,0.7,11,5.3,60.7,98.5,56.2,0,10,14
76.11,237,2,24,65,28,0,10,3,1,0,0,0,0,59.0,24,69.4,76.5,76.4,68.5,877.22,517.56,15253.49,0.68,31,5.6,97.6,91.0,0.0,0,13,4
749.28,526,3,112,89,49,0,2,1,0,1,0,0,2,91.1,0,67.1,62.1,96.8,47.2,13686.28,12468.2,62826.4,0.52,26,5.9,98.0,66.7,0.0,0,11,0
1309.92,3626,2,1072,583,275,1,4,4,3,0,0,0,1,52.2,18,46.2,35.3,41.6,28.3,47063.38,24567.08,654234.39,0.74,17,2.4,44.9,24.0,0.0,1,9,1
84.17,195,3,76,34,43,0,4,3,4,0,0,0,0,95.5,0,88.1,98.9,69.0,26.6,3214.36,3069.71,27282.27,0.53,24,5.2,89.3,98.3,0.0,1,0,0
1218.32,1201,2,106,418,339,0,2,5,4,1,1,2,7,34.5,16,30.7,19.4,39.4,35.5,12352.01,4261.44,241884.83,0.49,12,2.2,46.2,29.8,0.0,1,3,10
1418.63,5000,0,886,148,113,0,2,4,1,1,1,3,2,60.9,32,48.5,45.9,28.7,37.5,52897.39,32214.51,187119.77,0.45,2,2.0,20.6,53.3,0.0,1,14,0
1404.92,2349,4,159,32,60,0,8,1,1,1,1,8,2,65.6,7,91.2,58.6,66.7,58.4,67452.46,44248.81,1242513.51,0.53,7,5.6,79.2,70.5,82.9,0,6,0
384.57,1358,4,61,52,12,0,8,0,2,1,0,0,1,81.5,0,84.5,58.1,92.5,78.8,12770.12,10407.65,108764.34,0.5,14,7.0,83.1,66.2,88.6,1,4,3
1410.29,2280,2,1005,700,166,1,8,1,4,1,0,0,8,67.7,4,43.6,35.8,47.6,36.2,47912.67,32436.88,327016.48,0.42,19,2.0,40.3,28.5,0.0,1,1,2
211.12,630,2,718,692,111,1,4,3,3,0,0,0,3,59.9,3,19.2,37.3,22.6,33.6,1049.98,628.94,11823.8,0.62,16,2.5,28.8,59.5,0.0,1,9,4
229.34,462,2,212,244,370,1,2,1,1,0,0,0,6,11.2,9,35.2,26.4,28.5,30.0,2485.84,278.41,48867.98,0.6,21,2.1,43.7,44.4,0.0,1,4,4
1643.52,2384,0,245,315,92,0,11,3,3,1,1,9,6,58.1,20,29.6,41.6,18.5,15.5,25303.24,14701.18,198355.23,0.45,9,2.9,35.2,60.5,0.0,0,2,5
1509.36,5000,0,1109,709,104,0,10,3,4,0,0,0,3,20.4,12,16.5,50.3,49.9,21.2,20552.97,4192.81,70690.16,0.63,12,3.3,26.0,57.7,0.0,1,10,13
307.94,609,4,94,80,1,0,6,2,3,1,1,3,0,78.1,27,88.0,77.5,47.1,80.7,7882.74,6156.42,73021.56,0.65,7,4.9,69.5,99.1,82.1,1,6,13
998.39,1312,0,735,323,156,0,7,5,4,1,0,0,8,30.3,16,51.6,38.0,20.8,39.9,40932.83,12402.65,752383.53,0.51,24,2.9,59.3,29.9,0.0,1,1,12
1464.01,3904,4,89,48,10,0,0,3,5,1,0,0,1,87.4,0,79.8,62.9,98.6,98.4,59473.1,51979.49,966713.44,0.52,15,7.1,72.9,97.9,74.3,1,6,12
793.86,3037,2,81,34,7,0,3,3,4,0,0,0,2,74.8,21,60.2,71.1,84.1,61.9,21542.18,16113.55,72548.97,0.66,3,5.2,65.1,86.1,0.0,0,5,13
1344.24,3387,2,176,88,31,0,7,5,2,1,0,0,2,65.4,11,80.1,59.6,61.8,22.1,49522.94,32388.0,723271.43,0.8,21,4.4,90.2,76.0,0.0,1,7,1
1382.12,4770,0,376,82,54,0,3,4,5,0,0,0,5,45.4,9,8.9,33.5,15.4,27.0,30544.46,13867.18,313059.39,0.6,7,2.4,16.6,60.8,0.0,1,9,6
1448.57,1250,1,904,198,269,0,7,2,2,0,1,7,1,72.2,6,45.5,23.2,26.1,21.5,46441.15,33530.51,260850.44,0.47,21,4.2,27.0,58.6,0.0,1,11,9
1042.68,1905,0,999,711,183,0,7,3,6,1,1,4,8,44.3,17,28.6,38.3,40.1,9.8,11471.78,5082.0,40443.51,0.54,9,3.0,51.1,54.7,0.0,1,8,6
797.53,2518,4,135,41,46,0,6,0,2,1,0,0,2,67.0,2,53.4,69.2,51.8,92.6,20466.99,13712.88,205180.69,0.33,4,6.6,88.5,82.2,88.3,0,11,5
1515.78,4038,3,1089,598,366,0,3,4,5,0,0,0,5,27.0,6,29.8,36.9,21.4,21.0,47240.72,12754.99,195664.55,0.69,17,3.4,42.7,20.7,0.0,1,1,6
8.76,17,0,1028,79,305,0,7,2,5,1,1,15,7,47.6,2,14.8,50.9,21.9,3.5,71.59,34.08,499.16,0.63,6,4.3,16.1,30.0,0.0,0,8,6
1962.38,5000,5,635,707,226,0,4,4,7,1,1,5,0,94.0,0,50.4,73.8,46.4,53.7,51698.21,48596.32,694544.34,0.78,10,5.1,17.5,62.1,64.8,1,7,4
698.71,1126,0,891,537,366,0,3,3,2,1,1,13,2,64.4,34,43.7,15.4,52.9,24.1,25071.33,16145.94,235221.43,0.63,27,2.9,54.0,67.9,0.0,1,6,13
1341.5,984,3,454,529,38,0,7,3,4,0,1,8,1,68.4,18,32.2,51.3,34.9,28.3,61806.71,42275.79,991019.15,0.8,28,2.3,55.7,29.3,0.0,1,11,1
1835.72,4006,0,280,659,82,0,10,2,2,0,1,6,1,27.6,36,48.6,40.4,11.0,2.2,35307.58,9744.89,623122.77,0.6,4,1.3,40.1,21.5,0.0,1,2,8
77.65,222,4,90,24,16,0,7,0,2,0,0,0,0,95.2,0,96.2,75.8,89.6,77.3,3281.67,3124.15,43761.99,0.53,24,5.5,66.3,76.0,90.6,0,6,12
1189.05,3625,3,19,11,29,0,3,1,4,0,1,11,0,55.2,21,52.3,62.2,89.2,33.1,46222.35,25514.74,834210.68,0.43,6,4.7,98.4,69.9,0.0,1,4,11
279.99,578,0,702,459,299,0,6,3,4,1,1,6,3,67.8,35,56.1,47.0,38.5,13.4,2902.38,1967.81,20678.27,0.37,11,3.3,12.9,62.9,0.0,1,1,7
794.22,2973,2,91,10,57,0,4,1,2,1,1,7,2,65.1,6,57.9,56.5,69.9,64.6,32458.66,21130.59,176667.64,0.42,7,6.2,96.0,83.6,0.0,0,2,0
885.32,2121,5,121,15,16,0,2,1,4,1,0,0,1,80.5,0,97.7,82.0,82.3,92.2,35409.52,28504.66,668241.03,0.5,19,6.7,77.1,93.3,58.0,1,9,10
825.95,1388,4,15,12,25,0,6,0,3,1,0,0,2,87.8,0,40.8,84.5,74.4,72.6,9873.84,8669.23,190248.63,0.61,4,5.6,99.5,79.3,49.5,1,13,14
339.86,840,0,994,513,42,0,6,5,3,0,0,0,8,54.5,21,34.2,15.7,27.7,14.5,5672.38,3091.45,21897.95,0.32,7,3.2,53.7,34.3,0.0,1,4,11
1532.55,1436,4,112,79,12,0,6,1,2,1,1,14,0,72.0,6,80.9,99.9,49.2,50.3,45514.81,32770.66,256415.4,0.63,5,3.9,69.0,73.6,80.0,0,0,14
197.71,348,5,165,31,33,0,8,2,4,0,0,0,2,87.8,0,96.3,72.4,82.1,53.0,8795.31,7722.28,115444.18,0.53,20,4.9,58.3,92.4,71.4,0,12,10
658.85,1571,1,283,597,137,0,4,5,5,0,1,3,1,61.7,8,58.4,19.7,34.6,35.2,15598.18,9624.08,212317.18,0.68,15,4.0,18.9,27.7,0.0,1,11,1
434.44,1144,2,113,6,47,0,0,2,3,1,0,0,2,98.6,0,78.4,91.8,63.2,29.6,20267.11,19983.37,397739.51,0.36,7,6.9,97.4,78.6,0.0,1,2,2
574.5,980,0,1155,99,48,0,9,5,2,0,1,10,4,35.1,29,16.6,31.0,18.8,28.7,2835.52,995.27,47084.61,0.35,10,1.6,39.6,60.0,0.0,1,4,7
1528.98,2837,0,1017,383,34,0,10,5,1,1,1,8,2,73.3,27,56.5,61.3,19.1,25.6,70843.34,51928.17,729307.21,0.39,6,4.6,49.0,61.8,0.0,1,3,5
1576.23,4945,0,849,230,55,0,4,1,1,0,0,0,3,26.8,23,41.1,60.5,52.7,22.1,70209.67,18816.19,140766.22,0.74,30,2.8,29.4,60.1,0.0,1,11,1
1449.17,2252,2,133,62,37,0,6,3,6,0,0,0,2,69.6,26,72.1,62.0,49.8,30.4,22003.24,15314.26,413435.28,0.57,24,5.2,74.9,95.6,0.0,1,7,14
1118.26,662,2,545,514,378,1,12,4,5,0,1,15,5,13.1,27,14.7,58.1,23.4,12.6,26316.73,3447.49,470924.29,0.7,32,2.4,56.6,47.7,0.0,1,1,14
22.46,53,3,1175,206,129,0,3,4,1,0,1,14,0,56.4,30,15.6,40.6,39.3,13.6,751.56,423.88,1596.43,0.44,18,4.0,17.3,70.0,0.0,1,6,11
820.72,542,0,134,637,244,0,5,5,1,0,1,7,1,58.4,29,58.7,35.7,34.2,21.8,29489.33,17221.77,76253.78,0.69,28,2.9,26.6,56.2,0.0,1,10,6
1805.85,4417,2,56,49,24,0,6,5,7,1,1,3,0,50.9,25,61.3,91.3,70.0,73.6,43369.6,22075.13,483620.55,0.37,18,5.4,99.9,62.1,0.0,1,4,7
1181.24,2557,3,391,188,253,0,11,5,1,0,1,14,0,41.3,11,45.0,24.0,28.8,15.1,28547.55,11790.14,318761.5,0.6,26,4.2,33.5,46.2,0.0,1,4,10
1844.59,2621,4,83,77,51,0,6,1,6,1,0,0,2,66.4,34,63.7,74.8,53.5,73.6,44306.96,29419.82,224434.79,0.51,17,5.6,79.0,82.6,53.4,0,5,0
1013.6,738,4,73,82,14,0,3,0,5,0,1,15,2,98.4,0,53.7,59.6,76.7,75.6,46997.27,46245.31,742054.76,0.57,22,4.9,85.1,82.5,57.6,1,12,6
1491.92,4226,4,142,89,42,0,0,3,1,1,0,0,1,55.1,29,79.4,94.0,51.9,82.7,58399.95,32178.37,1077536.49,0.55,19,5.2,81.1,92.8,32.8,1,12,6
77.43,40,4,119,10,16,0,8,3,4,1,0,0,2,79.8,20,54.3,71.9,91.2,98.1,2346.85,1872.79,38965.25,0.4,2,6.5,79.9,84.2,77.9,1,8,9
384.16,261,0,1060,231,182,0,8,5,7,1,1,2,8,19.0,25,37.9,36.6,11.9,10.9,18000.97,3420.18,165383.22,0.48,12,3.1,55.0,20.0,0.0,1,6,8
1379.67,1583,0,720,656,188,0,11,1,3,0,1,10,0,57.5,35,33.5,59.1,43.7,38.1,50939.61,29290.28,877037.6,0.64,14,1.9,26.9,51.7,0.0,1,5,13
287.03,158,3,48,72,50,0,3,2,0,1,1,11,1,89.2,0,41.6,91.9,94.6,75.4,7384.77,6587.21,128956.47,0.34,11,5.9,70.4,93.7,0.0,1,11,11
1129.65,1774,3,749,160,217,0,5,4,3,0,0,0,4,38.8,6,25.6,52.7,35.8,26.9,36158.85,14029.63,420419.59,0.52,10,3.3,26.4,21.5,0.0,1,1,3
1957.04,5000,3,166,66,45,0,3,5,8,1,0,0,1,55.2,11,71.6,73.9,49.3,22.2,41661.56,22997.18,156274.83,0.62,27,5.2,87.6,92.9,0.0,1,13,13
604.71,363,1,1151,384,248,0,11,5,2,0,1,14,5,49.1,18,57.6,15.2,54.6,25.8,24162.32,11863.7,421228.78,0.62,28,3.6,19.5,20.6,0.0,1,7,6
461.46,1136,1,843,666,117,0,8,3,8,0,1,5,1,69.4,12,48.1,26.2,34.5,0.5,7977.43,5536.34,61766.68,0.55,21,3.1,17.8,52.4,0.0,1,9,8
1976.77,3100,2,129,48,10,0,8,3,0,1,0,0,1,74.9,10,73.6,74.8,76.9,22.7,35822.86,26831.32,518435.29,0.4,12,6.7,81.2,85.0,0.0,0,3,12
772.32,1056,4,105,81,23,0,1,0,4,1,0,0,2,85.4,0,57.3,84.1,77.3,86.0,8927.31,7623.92,103299.05,0.38,14,6.7,57.2,78.3,72.5,1,10,11
1308.99,765,5,66,67,57,0,7,1,4,0,0,0,0,67.0,9,91.5,76.4,98.4,65.3,55117.26,36928.56,598682.31,0.78,28,7.2,65.8,96.5,99.4,1,8,1
1467.24,1676,5,346,274,288,0,11,1,3,0,1,7,2,55.0,11,90.4,76.1,49.6,84.3,18551.08,10203.09,37787.18,0.7,22,5.2,47.6,33.7,46.3,1,14,4
1701.72,2511,3,633,574,176,0,5,2,4,1,1,3,7,27.1,22,50.2,48.9,27.3,35.7,65372.53,17715.96,291779.04,0.68,17,2.0,12.8,49.2,0.0,1,7,8
1622.43,2929,5,105,8,32,0,2,3,2,0,0,0,2,69.2,12,60.6,96.2,84.8,54.3,75291.71,52101.86,1032666.5,0.58,9,6.9,75.3,62.2,62.7,0,11,0
1175.25,2664,2,125,53,8,0,2,3,3,1,0,0,2,82.2,0,59.7,96.8,97.3,45.8,55582.83,45689.09,1040462.29,0.4,9,6.7,89.3,96.5,0.0,0,10,5
1817.18,1468,3,61,34,38,0,0,2,0,1,0,0,1,55.8,33,84.4,88.1,98.4,59.3,34830.9,19435.64,157568.66,0.46,10,6.6,95.1,71.2,0.0,1,0,11
1139.78,1496,4,156,46,58,0,1,0,3,1,1,3,2,65.9,1,96.8,71.4,86.3,84.6,47749.62,31467.0,835403.48,0.68,32,5.6,98.1,74.8,70.2,1,14,6
845.42,925,5,60,88,43,0,7,3,2,1,0,0,2,97.8,0,57.4,80.2,89.8,58.2,4599.3,4498.12,54784.1,0.54,5,5.2,94.7,77.9,77.3,1,0,10
1750.82,4856,5,50,84,42,0,7,0,4,0,0,0,2,77.8,36,89.9,81.1,75.2,70.0,47316.39,36812.15,636274.59,0.48,12,6.0,70.5,61.2,86.8,0,11,3
1088.21,559,5,116,46,23,0,1,0,5,1,0,0,0,92.4,0,81.8,74.4,47.3,56.0,40250.54,37191.5,127688.76,0.63,23,5.9,70.3,88.1,85.9,0,7,8
503.83,435,2,86,3,43,0,5,0,4,1,0,0,2,99.0,0,56.6,66.9,49.8,75.8,16616.24,16450.08,63855.5,0.5,2,5.5,96.5,97.2,0.0,1,3,3
10.5,20,1,322,512,130,0,9,4,5,0,1,8,3,30.5,23,39.9,45.9,32.0,2.4,417.46,127.33,6900.74,0.56,14,2.9,58.0,38.0,0.0,1,13,3
992.42,1610,2,88,2,55,0,7,2,0,1,0,0,0,69.6,35,75.9,92.2,56.1,65.2,2756.08,1918.23,54641.73,0.47,22,5.1,67.5,76.2,0.0,1,3,3
383.14,1392,3,697,71,259,0,4,4,4,1,1,4,5,28.4,31,33.3,49.2,15.4,13.5,17476.31,4963.27,94024.13,0.4,16,3.1,40.0,69.5,0.0,1,4,11
38.94,126,5,77,20,57,0,1,2,5,0,1,3,1,81.7,0,99.9,95.1,76.1,66.4,1107.17,904.56,9386.23,0.62,15,5.2,85.6,66.0,61.4,0,2,6
537.25,769,1,638,468,123,0,10,4,3,0,1,1,4,41.5,4,0.7,16.0,32.1,22.4,25367.89,10527.67,149176.91,0.81,4,3.7,33.4,31.6,0.0,1,12,1
1356.88,1427,5,68,30,15,0,9,3,7,1,1,15,0,90.0,0,67.1,65.4,51.8,82.8,3559.63,3203.67,32276.6,0.61,23,5.8,82.6,76.4,40.8,1,0,10
954.53,3644,3,178,39,48,0,6,3,3,1,1,4,0,81.5,0,62.7,66.3,62.7,39.0,30901.77,25184.94,471651.54,0.53,25,5.3,59.4,81.8,0.0,1,4,7
483.02,1318,5,160,18,18,0,6,1,1,1,0,0,2,97.8,0,82.1,96.3,92.0,98.9,23492.48,22975.65,410263.93,0.52,6,6.1,78.4,64.5,63.8,0,0,0
1089.59,3908,0,508,490,252,0,12,4,8,0,1,2,6,30.9,28,39.2,57.6,10.4,28.8,48767.87,15069.27,591737.04,0.73,29,2.8,29.2,48.8,0.0,1,13,4
147.58,302,0,284,285,80,0,6,4,5,1,1,4,5,12.8,35,10.5,49.7,10.4,23.0,275.98,35.33,2769.72,0.81,30,1.7,53.4,68.9,0.0,1,12,1
1178.68,1040,0,305,689,95,0,12,1,2,0,1,5,2,38.1,12,3.0,43.5,26.6,18.6,17127.61,6525.62,200740.07,0.61,22,2.8,11.0,40.4,0.0,1,13,10
330.65,579,5,104,50,18,0,0,0,2,1,0,0,2,98.5,0,43.7,61.1,91.7,53.5,4465.47,4398.49,44380.07,0.48,7,5.1,64.4,87.4,55.5,1,13,2
20.51,27,5,18,4,12,0,6,2,3,1,0,0,2,52.3,7,59.2,61.0,88.7,91.3,377.51,197.44,5472.57,0.45,19,7.7,92.3,90.0,84.9,1,8,12
1976.06,5000,3,115,22,41,0,7,0,0,0,0,0,0,82.4,0,55.3,94.1,77.9,46.2,60358.03,49735.02,1135538.53,0.43,20,6.6,99.8,75.9,0.0,0,12,9
1606.37,1174,1,1012,330,121,0,9,2,3,1,0,0,3,26.0,6,3.3,57.6,25.3,1.4,51703.62,13442.94,515540.78,0.56,20,3.5,41.7,25.9,0.0,1,9,0
1944.88,5000,0,1115,672,314,0,9,3,8,1,1,14,3,34.8,35,34.5,26.6,26.9,27.6,94044.62,32727.53,288922.16,0.37,4,3.5,56.5,47.9,0.0,1,2,9
1918.04,2111,5,54,0,0,0,3,3,1,1,1,3,0,70.6,9,48.9,78.7,97.4,62.0,54581.04,38534.21,1007851.11,0.54,4,6.5,61.9,68.2,65.3,1,11,6
1918.32,5000,0,448,666,355,0,12,2,1,1,1,5,8,40.2,11,15.0,49.5,37.4,33.1,78889.95,31713.76,1432258.48,0.61,24,2.6,55.6,58.7,0.0,1,13,13
326.63,1003,5,148,23,41,0,0,0,4,1,0,0,0,84.9,0,69.4,69.2,69.4,51.8,15183.48,12890.77,278944.99,0.52,11,6.0,55.4,91.6,73.3,0,12,10
1943.09,5000,3,121,17,43,0,1,1,0,1,0,0,1,66.9,16,55.8,80.1,63.1,45.0,81368.38,54435.45,429573.24,0.29,13,6.3,79.8,83.9,0.0,0,3,2
507.33,1634,5,106,82,42,0,8,0,1,1,0,0,0,67.7,27,81.0,64.1,80.7,56.0,17659.16,11955.25,280156.75,0.54,10,6.4,91.6,73.5,88.7,0,8,0
1541.13,3786,5,58,20,2,0,7,0,5,1,0,0,1,55.1,31,84.3,94.2,91.4,99.5,40396.32,22258.37,214163.52,0.63,5,4.4,64.8,60.5,35.8,1,11,10
398.61,1537,2,203,435,218,1,4,4,7,1,0,0,8,16.3,8,53.4,20.3,32.7,7.0,5751.03,937.42,25943.23,0.52,24,3.4,55.8,45.5,0.0,1,3,10
1490.0,1012,3,529,320,161,0,7,3,3,0,1,3,8,23.6,5,41.8,61.8,51.2,39.9,68850.44,16248.7,623340.46,0.51,18,3.3,35.5,27.7,0.0,1,3,6
870.61,619,0,1121,416,212,0,11,2,1,1,1,7,7,49.0,17,43.1,15.6,22.3,14.8,36662.72,17964.73,208510.76,0.77,27,2.1,16.0,47.5,0.0,1,7,1
229.16,181,4,136,84,46,0,1,2,5,0,0,0,0,78.4,1,59.5,75.9,95.0,74.1,6354.92,4982.26,86877.52,0.39,4,6.7,80.0,75.5,92.3,0,14,3
1252.12,3704,5,70,80,54,0,7,3,2,1,0,0,0,79.6,20,56.0,96.6,46.6,77.7,28118.92,22382.66,61218.6,0.45,13,5.5,88.5,96.5,57.9,1,4,11
979.13,2178,4,49,79,46,0,3,1,4,1,0,0,2,78.1,11,71.2,77.4,61.0,75.6,15361.15,11997.06,212095.48,0.51,13,5.4,69.5,82.3,94.9,0,7,3
152.26,265,5,42,80,27,0,1,1,4,0,0,0,2,66.7,31,98.6,58.4,59.7,97.1,5908.95,3941.27,106625.87,0.42,11,5.8,84.3,72.1,51.0,1,0,0
530.58,1010,3,331,714,305,0,7,3,6,1,1,1,8,16.9,2,29.1,48.3,50.8,1.7,14195.96,2399.12,111805.54,0.36,16,4.1,56.0,63.1,0.0,1,3,9
933.18,3656,2,25,9,30,0,2,3,3,0,0,0,0,87.7,0,45.3,89.3,62.0,78.8,42845.9,37575.85,92697.99,0.32,12,6.7,82.9,82.3,0.0,0,4,2
1146.34,4046,3,303,164,43,0,11,1,7,0,0,0,1,66.5,18,10.8,49.6,40.0,10.3,44475.8,29576.41,700377.74,0.38,7,2.2,51.9,20.3,0.0,1,7,11
1730.19,4612,5,60,75,59,0,1,2,3,1,0,0,2,84.3,0,72.9,90.3,57.7,74.8,47269.18,39847.92,870050.73,0.39,3,5.9,61.8,94.9,81.5,1,1,9
1810.91,3521,3,100,39,2,0,1,2,5,1,1,1,2,94.6,0,79.7,56.0,79.3,29.1,23111.29,21863.28,289618.46,0.56,6,5.0,70.1,79.7,0.0,0,2,10
19.42,19,4,94,76,26,0,2,0,0,1,1,15,0,84.9,0,75.8,75.3,54.0,81.0,278.53,236.47,5069.21,0.42,18,6.5,80.8,71.2,33.6,0,6,2
1450.16,3812,3,152,34,5,0,1,1,1,0,0,0,1,82.1,0,64.9,94.7,69.7,78.1,61431.06,50434.9,421583.48,0.54,26,6.3,68.9,79.4,0.0,1,0,12
584.99,2079,5,54,76,9,0,8,1,3,1,0,0,2,86.6,0,44.7,78.8,53.1,81.8,21846.96,18919.47,208192.87,0.41,6,5.1,76.3,99.7,69.1,1,8,9
1713.6,2714,0,387,574,75,0,9,4,1,1,1,15,7,26.9,33,50.2,49.4,12.1,35.7,6608.62,1777.72,34568.58,0.66,29,3.0,57.2,50.4,0.0,1,7,4
1640.22,1034,2,28,83,50,0,4,0,3,0,0,0,1,89.6,0,73.6,70.9,56.4,68.0,67329.69,60327.4,508554.52,0.39,14,5.1,93.7,90.7,0.0,1,3,2
1115.39,1706,2,133,81,23,0,6,4,2,1,0,0,0,58.5,28,49.4,93.7,83.5,48.2,24156.41,14131.5,306835.54,0.53,22,5.5,83.1,74.1,0.0,1,8,0
789.28,2990,3,590,123,327,0,9,3,8,0,0,0,5,47.3,4,28.8,15.1,11.9,8.7,39399.24,18635.84,630001.99,0.5,2,4.0,20.0,30.5,0.0,1,2,9
1383.96,3689,3,569,60,344,0,3,5,2,1,1,12,6,23.9,5,40.7,43.7,11.9,20.8,66985.93,16009.64,887990.0,0.37,17,3.7,34.5,30.2,0.0,1,13,7
735.11,2385,2,24,63,59,0,4,3,5,0,0,0,1,96.6,0,63.7,84.6,75.2,31.4,29144.27,28153.36,337945.78,0.42,20,5.9,58.2,95.4,0.0,1,1,11
781.52,2003,4,144,76,40,0,2,3,5,0,0,0,2,73.7,30,80.2,63.9,73.0,62.4,14855.1,10948.21,64145.47,0.75,16,6.2,84.8,74.0,48.9,1,11,1
822.44,740,0,977,652,202,0,2,2,4,1,0,0,4,11.5,26,39.7,56.2,42.9,8.5,15868.53,1824.88,66702.89,0.28,13,3.0,35.4,33.3,0.0,1,5,2
819.19,815,0,722,191,109,0,4,3,6,0,1,2,7,18.5,26,1.0,62.1,29.4,15.8,28287.5,5233.19,487179.95,0.75,6,2.8,34.2,64.3,0.0,1,9,1
1427.98,3803,5,104,7,58,0,7,2,5,1,0,0,1,71.2,15,85.3,86.7,80.5,51.9,56864.76,40487.71,1001964.81,0.44,11,5.8,97.4,61.0,49.4,1,7,0
1776.97,4134,4,106,5,27,0,5,1,1,1,0,0,0,94.4,0,83.6,89.5,51.8,96.8,44164.37,41691.17,460151.75,0.37,8,6.8,94.4,85.0,68.7,0,4,7
137.31,165,5,52,77,1,0,7,3,7,0,0,0,2,88.4,0,93.7,66.6,48.1,65.7,1230.38,1087.66,21978.56,0.72,22,5.1,75.9,99.1,72.5,1,10,13
23.42,57,5,48,87,38,0,11,1,6,0,1,14,0,76.5,33,69.0,85.9,80.1,98.5,659.22,504.3,7702.54,0.42,4,4.3,89.9,66.8,62.4,1,0,7
541.74,397,5,39,64,0,0,3,1,3,0,0,0,2,68.5,27,52.4,78.1,90.0,66.1,18787.51,12869.44,222115.31,0.36,3,6.9,82.7,63.6,77.5,1,11,9
1432.99,1495,4,17,80,55,0,1,2,1,1,0,0,0,63.3,36,80.6,98.8,50.9,59.8,24846.97,15728.13,474560.6,0.49,3,6.0,75.7,73.1,68.1,0,12,5
1758.4,1245,1,1052,439,236,0,9,3,7,1,1,7,0,46.7,17,44.0,22.3,42.3,24.7,37149.22,17348.69,184888.66,0.64,31,1.8,40.2,48.0,0.0,1,5,8
88.32,113,4,122,26,4,0,5,0,0,1,0,0,1,69.2,3,42.0,92.2,92.7,50.3,1879.16,1300.38,25744.88,0.49,17,6.5,97.3,69.9,77.9,0,3,11
582.27,1011,1,681,444,199,0,10,1,2,1,1,11,1,25.0,7,9.9,57.1,20.1,0.8,10063.97,2515.99,44496.36,0.71,10,3.1,42.4,59.8,0.0,1,7,1
1808.7,1615,2,140,67,26,0,2,1,3,1,0,0,1,78.1,35,79.4,68.1,61.4,77.3,15995.39,12492.4,282140.75,0.42,8,6.7,87.2,91.3,0.0,1,8,9
1885.7,5000,1,1121,551,121,0,5,3,3,1,1,7,8,66.7,4,31.5,17.0,41.3,1.7,33183.72,22133.54,122206.81,0.37,5,4.2,40.8,28.8,0.0,1,3,2
1854.66,1319,0,370,208,176,0,3,2,5,0,1,13,2,53.8,28,42.0,23.2,12.4,31.4,46013.61,24755.32,218564.95,0.4,9,3.9,35.3,65.0,0.0,1,14,11
1127.3,1419,2,1053,140,304,1,3,3,6,0,0,0,8,56.8,14,28.2,28.4,46.3,5.3,7397.64,4201.86,115505.39,0.45,2,1.9,39.7,28.2,0.0,1,1,3
1407.27,2112,2,849,677,338,1,10,1,6,0,1,1,1,53.1,15,48.9,53.5,28.7,32.4,49677.32,26378.66,423373.41,0.32,8,3.0,33.3,49.1,0.0,1,0,2
1732.69,2833,3,100,37,23,0,2,2,2,1,0,0,2,58.5,13,57.4,72.9,77.8,63.0,51674.65,30229.67,525913.59,0.54,12,6.3,91.5,93.1,0.0,1,4,10
1836.1,5000,0,947,335,397,0,11,1,5,0,0,0,8,33.8,6,34.4,21.8,33.0,39.9,20820.96,7037.48,147512.68,0.38,5,3.9,56.7,67.6,0.0,1,10,12
1197.45,2913,1,266,424,192,0,10,1,2,0,0,0,6,35.0,26,29.0,63.3,22.4,24.0,15659.75,5480.91,228318.92,0.77,23,2.1,31.0,22.8,0.0,1,6,1
1506.96,2126,3,114,29,1,0,3,0,5,1,1,2,0,70.5,1,76.9,83.7,97.3,25.4,26000.98,18330.69,347935.56,0.39,4,5.8,85.4,72.2,0.0,1,14,2
286.05,452,1,757,717,111,0,7,4,6,1,0,0,4,54.3,32,34.3,49.8,51.2,38.0,13700.25,7439.24,54430.47,0.42,15,3.0,55.3,42.2,0.0,1,12,3
673.02,1774,2,61,57,42,0,4,0,1,1,0,0,1,96.0,0,82.4,98.4,71.6,75.9,29626.47,28441.41,529503.02,0.35,9,8.1,92.3,80.4,0.0,0,10,11
572.63,1466,4,64,12,0,0,8,5,2,1,1,2,0,62.7,4,51.1,81.8,69.0,52.9,14440.26,9054.04,150706.16,0.42,17,4.6,63.3,88.3,70.4,1,12,9
657.55,2520,1,240,494,342,0,8,5,6,1,0,0,1,53.0,23,44.1,40.1,23.1,14.9,21893.04,11603.31,207370.51,0.56,20,3.2,43.0,20.1,0.0,1,9,8
1792.87,1438,3,1003,659,90,0,11,4,7,1,1,11,1,57.2,20,8.3,63.1,54.1,24.6,51519.53,29469.17,112461.77,0.57,22,3.4,30.0,68.6,0.0,1,5,3
1928.78,5000,2,147,6,22,0,7,3,5,0,0,0,1,54.7,16,44.2,59.5,65.3,59.5,49441.85,27044.69,643924.81,0.34,5,5.9,72.0,87.4,0.0,1,3,9
1579.41,5000,4,74,71,20,0,3,1,5,1,0,0,2,62.5,23,56.3,66.1,69.8,73.3,6532.35,4082.72,106709.55,0.57,26,6.5,99.3,93.2,88.1,1,7,10
869.68,1797,2,696,328,290,1,10,2,6,1,1,8,1,18.8,14,17.4,51.9,38.9,4.3,14578.58,2740.77,157556.12,0.4,2,1.3,21.6,41.1,0.0,1,14,11
1674.5,4395,4,169,22,4,0,5,2,7,1,0,0,1,87.5,0,76.9,83.1,72.5,91.2,19876.21,17391.68,133397.35,0.54,17,5.9,86.3,99.3,55.0,0,13,14
760.98,1284,3,91,38,22,0,2,0,5,0,0,0,2,93.8,0,95.5,72.4,47.6,48.0,23033.44,21605.37,351698.21,0.61,22,5.2,77.6,83.1,0.0,0,8,10
1192.52,933,5,36,84,0,0,8,0,3,1,1,13,1,94.5,0,65.2,96.7,59.0,52.6,58592.93,55370.32,1151173.49,0.42,3,4.9,57.9,68.1,59.0,1,8,9
1644.01,3019,4,72,13,25,0,5,2,5,0,0,0,2,58.6,33,94.0,82.1,62.4,95.9,47698.61,27951.39,248794.56,0.66,22,6.8,63.7,66.0,95.9,1,12,8
644.35,523,1,796,171,272,0,3,4,2,1,1,10,0,27.7,24,17.6,54.6,29.6,25.7,16510.35,4573.37,116160.4,0.48,20,2.9,17.5,35.1,0.0,1,7,0
1652.08,4893,1,818,131,80,0,9,4,3,0,1,4,0,60.6,28,21.8,63.3,37.9,0.2,75120.05,45522.75,1382835.82,0.5,16,3.9,42.9,42.8,0.0,1,13,5
1383.45,2884,0,844,369,232,0,5,3,6,0,1,9,8,24.8,8,5.5,40.5,29.5,25.7,54518.56,13520.6,129597.54,0.76,4,3.4,25.4,30.4,0.0,1,11,4
671.53,1943,4,13,20,16,0,10,2,7,1,1,13,1,85.1,0,94.3,73.6,53.4,66.0,6670.15,5676.3,28862.94,0.64,14,5.0,61.9,62.4,47.2,1,12,4
618.91,2469,2,140,13,17,0,2,0,5,1,0,0,1,59.3,13,86.1,90.9,94.6,65.7,5201.78,3084.66,65754.0,0.57,22,4.7,64.6,96.6,0.0,0,11,0
862.5,3080,5,129,17,31,0,0,3,4,1,0,0,1,71.3,30,54.2,63.5,65.7,93.7,30393.87,21670.83,459178.36,0.45,20,6.9,65.6,71.6,61.1,0,13,5
277.86,149,2,848,346,185,1,2,2,3,1,0,0,3,33.8,34,51.9,31.5,12.9,15.0,6383.63,2157.67,42145.79,0.61,12,3.2,19.5,57.9,0.0,1,13,6
424.04,398,3,137,23,12,0,4,3,4,1,0,0,1,50.5,2,40.7,71.0,61.5,70.6,10712.46,5409.79,116584.54,0.55,12,7.2,66.8,77.9,0.0,1,14,10
1819.92,1838,3,836,651,158,0,9,3,8,0,1,11,1,78.6,20,47.9,29.4,17.3,17.3,80188.48,63028.15,1071688.08,0.57,27,3.5,57.7,68.3,0.0,1,4,12
1536.42,4252,4,112,74,31,0,6,2,3,1,1,2,2,59.2,17,84.7,91.1,60.2,83.6,74154.17,43899.27,684843.91,0.38,6,5.7,74.2,65.7,81.9,0,6,11
1466.37,2234,2,744,388,266,1,4,4,1,0,1,8,4,69.4,20,4.5,42.8,41.0,14.7,64434.54,44717.57,536452.89,0.72,7,1.9,25.4,49.8,0.0,1,10,13
1326.09,3272,2,144,76,46,0,1,2,4,1,0,0,0,53.7,21,61.1,92.3,83.3,53.9,53899.09,28943.81,559081.45,0.51,3,4.7,77.7,99.0,0.0,0,0,0
1458.23,1464,4,127,64,19,0,4,3,1,1,1,13,2,88.9,0,54.2,60.9,91.3,75.2,5326.0,4734.81,43006.53,0.36,5,7.1,82.6,69.4,79.6,1,11,11
119.54,118,2,1131,459,335,1,10,3,6,1,1,14,1,68.5,31,41.5,24.2,35.7,18.3,5756.48,3943.19,49953.98,0.5,12,3.3,48.1,48.8,0.0,1,13,3
1890.09,5000,1,829,659,30,0,3,5,6,1,1,5,8,69.3,17,24.8,32.9,17.8,21.8,19402.81,13446.15,193825.21,0.61,7,2.8,55.2,32.6,0.0,1,9,10
1502.44,3397,0,226,513,386,0,7,1,5,0,1,8,1,62.5,27,33.6,56.3,23.9,5.6,13736.73,8585.46,107663.75,0.34,2,2.9,47.1,38.6,0.0,1,0,2
309.75,277,5,10,76,32,0,0,2,1,0,1,2,0,97.8,0,70.6,96.8,95.0,65.7,9688.63,9475.48,185055.57,0.35,3,6.8,69.6,66.5,63.4,0,14,9
1130.23,3600,2,22,14,47,0,3,0,2,1,0,0,0,62.6,12,67.1,79.0,83.0,78.8,47194.92,29544.02,218837.98,0.78,5,5.9,88.2,74.6,0.0,0,10,13
558.16,896,5,176,10,11,0,6,0,5,1,0,0,2,64.9,33,79.7,96.3,79.1,54.0,19460.26,12629.71,129346.75,0.38,17,6.6,74.6,68.9,88.3,0,12,11
1088.41,3691,5,92,43,34,0,8,2,5,0,0,0,1,75.3,21,45.2,74.4,55.0,66.5,16681.54,12561.2,281583.85,0.68,8,4.7,63.9,68.0,87.0,0,4,8
318.7,214,1,102,289,360,0,4,3,6,1,1,1,0,74.2,19,54.5,19.7,51.9,21.1,10112.31,7503.33,25560.38,0.63,27,4.9,23.0,27.5,0.0,1,7,8
1252.26,2912,2,38,19,20,0,3,0,1,1,0,0,2,97.8,0,76.5,69.2,73.2,64.5,46260.51,45242.78,423608.55,0.37,15,8.0,83.4,63.1,0.0,0,6,11
643.76,1591,2,470,144,372,1,2,2,1,1,0,0,3,13.3,20,48.1,21.1,32.5,31.9,16675.16,2217.8,89812.26,0.58,3,2.2,16.7,53.8,0.0,1,11,4
7.45,17,2,141,87,29,0,4,0,3,1,0,0,2,54.5,24,93.8,90.2,88.0,28.6,103.88,56.61,2068.29,0.49,9,6.4,70.5,92.6,0.0,0,5,3
1256.0,4584,3,466,186,141,0,5,3,2,0,0,0,7,43.0,35,33.3,60.6,32.2,36.0,17160.78,7379.14,234358.63,0.76,25,1.7,58.0,22.7,0.0,1,12,1
859.95,2635,2,43,60,32,0,3,0,3,1,0,0,2,87.8,0,91.3,66.7,62.5,79.0,4613.61,4050.75,77946.51,0.54,25,5.7,80.3,96.0,0.0,1,8,3
413.06,1280,1,391,175,333,0,8,4,6,1,1,5,8,69.2,15,26.1,22.8,20.2,7.9,3225.38,2231.96,26283.43,0.69,11,1.6,53.4,62.1,0.0,1,7,4
1458.87,2440,5,12,14,6,0,10,5,6,1,0,0,2,74.1,9,49.8,97.4,47.7,52.4,66943.38,49605.04,399817.99,0.41,18,5.1,88.5,68.9,88.0,1,13,11
1980.88,3777,0,321,446,375,0,8,5,4,0,1,13,8,13.6,31,36.2,49.7,47.7,3.2,75799.02,10308.67,755561.49,0.5,22,2.7,35.2,60.8,0.0,1,5,7
1174.63,1474,3,1174,651,83,0,2,3,6,1,0,0,2,53.0,32,52.3,62.4,45.6,12.9,3300.63,1749.33,24264.3,0.66,12,3.2,54.9,51.3,0.0,1,3,8
1890.3,2251,2,286,605,201,1,7,3,3,0,0,0,2,54.7,28,22.2,25.5,44.5,15.4,78176.62,42762.61,414611.6,0.73,16,2.8,52.8,39.9,0.0,1,1,1
1942.39,5000,2,26,16,48,0,2,3,0,1,1,7,0,98.5,0,97.3,97.0,52.8,47.0,41353.49,40733.19,504741.18,0.33,5,5.6,60.3,79.5,0.0,1,6,11
118.08,205,0,1137,644,43,0,9,5,5,0,0,0,4,24.7,2,8.8,37.1,42.0,0.3,5698.85,1407.62,25898.36,0.61,7,1.9,12.1,36.5,0.0,0,1,6
815.61,1526,5,80,22,47,0,2,0,5,0,0,0,0,85.6,0,98.2,64.1,64.6,84.4,955.62,818.01,7630.24,0.3,14,8.2,82.2,78.7,91.6,0,12,2
1657.33,1334,3,783,120,373,0,7,2,5,0,1,9,7,47.5,33,11.2,38.6,39.7,31.4,64583.21,30677.02,575944.67,0.48,8,3.0,52.6,24.0,0.0,1,2,3
213.76,643,2,1109,288,247,1,8,4,4,0,1,2,0,56.1,35,10.8,22.6,35.4,25.8,5175.99,2903.73,62708.58,0.72,7,3.4,42.7,32.5,0.0,1,2,14
738.31,2928,3,25,89,54,0,4,1,4,1,0,0,0,83.1,0,85.3,80.2,55.1,50.2,36658.63,30463.32,729064.79,0.39,9,7.3,67.5,67.2,0.0,0,0,9
1803.31,2280,5,101,36,43,0,5,5,4,1,0,0,2,79.4,25,43.1,81.0,83.9,65.1,22209.13,17634.05,338946.82,0.59,6,5.2,55.6,71.3,34.8,1,12,4
1134.94,3473,3,123,55,51,0,10,2,1,0,1,15,1,56.3,16,65.9,55.6,89.9,42.9,47791.54,26906.64,833908.08,0.73,15,4.6,61.2,99.9,0.0,1,12,1
847.26,1060,3,944,466,278,0,2,3,6,0,0,0,7,51.2,14,0.2,37.1,10.2,27.3,6017.21,3080.81,112038.99,0.73,9,2.9,15.6,64.0,0.0,1,1,4
1294.99,3936,0,340,225,129,0,12,1,1,0,0,0,0,69.9,15,19.1,64.8,37.4,35.2,6171.9,4314.16,47116.01,0.51,15,3.5,36.2,31.6,0.0,1,13,0
372.76,800,5,119,40,38,0,5,1,4,1,1,13,2,61.0,33,70.3,91.7,85.1,90.8,6601.93,4027.18,91574.47,0.36,7,5.1,85.6,96.8,80.9,0,5,2
1669.4,5000,4,167,83,52,0,4,2,0,1,1,10,2,66.6,36,95.3,93.5,65.8,66.3,18281.93,12175.77,189529.52,0.44,20,6.3,84.1,82.5,33.6,1,8,2
1232.84,2921,1,349,565,362,0,3,2,7,1,0,0,6,44.3,2,21.1,45.9,23.8,17.0,36549.96,16191.63,577632.15,0.76,33,3.2,36.5,58.3,0.0,1,7,1
661.92,979,3,602,475,168,0,4,5,7,1,1,6,1,27.7,32,25.2,30.5,12.6,31.7,30640.57,8487.44,193182.74,0.42,15,2.0,54.8,43.8,0.0,1,10,0
1517.8,2339,5,21,39,44,0,2,4,8,1,1,13,2,72.6,9,66.5,89.3,93.6,51.7,74685.87,54221.94,919011.95,0.43,20,4.0,63.6,60.7,39.8,1,14,11
26.01,17,2,629,345,128,1,9,3,3,1,0,0,4,50.2,25,20.2,36.4,10.1,6.9,285.93,143.54,2822.41,0.4,19,2.6,48.8,42.2,0.0,1,10,5
1406.36,2479,1,975,583,182,0,3,5,1,0,1,13,7,47.6,33,31.4,55.7,34.5,36.9,41751.24,19873.59,146805.02,0.39,9,2.4,31.3,30.7,0.0,1,10,7
387.03,879,0,907,544,287,0,7,3,1,0,1,12,6,61.8,27,42.6,39.7,40.3,17.5,7102.37,4389.26,102843.83,0.49,9,1.3,11.5,27.7,0.0,1,0,0
1130.21,1323,5,47,15,2,0,1,1,5,0,0,0,1,54.0,8,92.0,79.9,52.0,53.5,7597.12,4102.44,128384.4,0.63,24,7.0,56.0,90.6,84.0,0,7,8
512.04,1051,2,959,678,70,1,4,4,3,1,0,0,0,69.7,18,46.8,29.1,52.6,29.8,16086.67,11212.41,321494.29,0.75,37,4.1,48.4,47.9,0.0,1,6,4
1715.3,5000,5,52,79,9,0,3,0,5,1,1,15,2,53.5,22,93.4,86.6,62.2,50.9,43335.44,23184.46,730401.35,0.48,18,4.9,57.4,71.2,34.6,0,4,5
1291.59,1719,2,89,27,23,0,6,3,4,1,0,0,1,85.1,0,81.8,71.4,81.3,71.1,64396.03,54801.02,135886.98,0.65,6,7.7,60.4,88.2,0.0,1,12,6
274.67,413,5,136,6,7,0,0,3,4,0,0,0,2,77.8,29,99.8,94.1,78.0,78.1,3368.63,2620.79,16832.68,0.58,9,5.6,83.6,98.7,39.0,1,13,12
1943.87,4824,2,162,39,7,0,0,3,5,1,0,0,1,72.4,6,66.3,82.0,73.3,49.9,13524.97,9792.08,79885.17,0.28,9,8.2,92.4,83.1,0.0,0,0,2
1275.15,4741,1,471,236,45,0,3,5,4,0,0,0,6,50.6,8,44.9,21.0,19.4,23.4,47902.58,24238.71,767690.89,0.59,4,1.3,55.8,41.4,0.0,1,1,8
1330.38,4359,4,12,35,43,0,2,0,3,1,0,0,2,92.4,0,75.9,89.9,59.5,60.6,49285.97,45540.24,660819.55,0.39,10,6.9,71.0,83.7,65.9,1,9,7
1075.61,1482,3,12,24,3,0,0,0,3,1,0,0,0,54.7,28,40.4,82.0,86.8,47.7,47182.78,25808.98,718426.21,0.5,18,5.4,96.7,74.3,0.0,0,14,12
745.06,2135,0,149,414,219,0,9,2,7,1,1,12,5,37.6,36,22.5,44.3,37.1,17.5,3542.53,1331.99,17913.48,0.59,23,2.3,55.2,66.6,0.0,1,3,10
1653.24,3863,3,73,23,34,0,7,2,0,1,1,7,0,53.9,6,43.5,87.5,64.1,34.8,25875.81,13947.06,244508.45,0.5,18,5.5,82.1,68.5,0.0,0,10,5
701.87,1289,0,1080,538,222,0,12,3,5,1,1,12,2,68.8,17,3.9,61.9,43.8,23.3,6326.92,4352.92,18329.88,0.43,15,3.6,19.7,21.6,0.0,1,7,0
873.73,2576,5,28,81,31,0,0,1,0,1,0,0,0,77.7,14,52.3,82.2,50.3,60.8,41531.11,32269.67,245937.93,0.57,3,5.3,96.5,67.6,76.8,0,10,8
361.07,967,1,614,610,379,0,8,5,4,1,0,0,1,70.2,19,59.4,63.9,30.5,5.3,11493.05,8068.12,115528.57,0.41,15,4.8,35.2,56.0,0.0,1,7,2
1037.08,3224,3,82,14,52,0,4,3,4,1,0,0,1,65.2,16,70.9,88.2,88.1,51.8,20158.11,13143.09,147036.02,0.38,10,6.1,87.8,72.6,0.0,0,2,7
383.04,885,1,300,615,198,0,2,4,3,1,1,2,6,64.2,8,52.0,50.2,46.6,23.8,17453.54,11205.17,142517.93,0.57,5,3.3,40.8,45.0,0.0,1,8,14
1422.21,3446,0,282,659,397,0,4,5,2,1,1,8,0,50.7,31,55.5,40.4,18.7,31.1,62790.77,31834.92,327501.16,0.75,25,3.8,25.2,38.4,0.0,1,11,1
712.52,1906,3,78,67,15,0,8,2,2,1,0,0,2,92.0,0,75.0,94.8,82.0,67.9,32380.72,29790.26,73172.76,0.42,4,5.5,92.3,79.4,0.0,1,9,12
149.25,529,0,649,152,143,0,4,3,1,1,1,6,0,74.7,34,18.6,22.1,42.1,26.4,753.34,562.74,10271.0,0.42,18,2.5,21.1,24.9,0.0,1,14,0
412.37,455,0,170,310,369,0,10,5,1,0,0,0,3,12.0,32,49.5,23.1,18.6,16.8,6297.88,755.75,16797.74,0.59,20,1.5,20.6,41.5,0.0,1,2,0
1179.66,1603,3,65,11,47,0,5,2,0,0,0,0,2,72.1,27,76.0,58.5,93.8,42.1,4528.15,3264.8,61918.39,0.51,5,4.5,70.0,85.2,0.0,0,10,6
1444.11,1415,0,993,636,77,0,8,2,8,0,1,6,2,69.4,13,53.6,58.1,47.1,13.5,23140.53,16059.53,220760.17,0.55,22,2.7,49.1,69.4,0.0,1,2,12
1372.42,3632,4,99,56,28,0,3,0,4,1,0,0,1,67.7,10,70.5,94.9,70.2,99.6,24733.56,16744.62,129859.81,0.37,12,5.6,85.0,82.1,93.8,0,11,2
301.04,483,2,93,78,7,0,5,2,5,0,0,0,1,58.5,4,43.7,69.2,89.2,52.5,10902.24,6377.81,108088.84,0.44,11,4.8,68.8,64.0,0.0,0,0,0
308.13,296,3,17,18,9,0,1,1,2,0,0,0,1,86.9,0,48.5,85.6,94.9,32.8,336.38,292.31,695.6,0.52,7,5.9,67.8,81.9,0.0,1,4,5
1267.05,3023,4,88,83,50,0,4,5,1,1,1,13,2,50.6,23,68.1,63.1,63.1,97.5,44665.28,22600.63,506583.87,0.63,10,4.3,87.9,95.6,52.7,1,4,13
833.73,731,3,349,593,187,0,2,4,2,1,0,0,2,33.7,19,21.1,34.3,36.4,8.9,33161.29,11175.35,397109.17,0.51,22,3.2,12.7,61.1,0.0,1,13,10
331.7,1162,0,545,526,222,0,9,2,6,1,0,0,5,63.1,15,22.9,26.3,25.6,18.0,2275.4,1435.78,44384.23,0.6,10,1.7,53.0,21.3,0.0,1,9,13
277.56,866,3,157,22,17,0,3,4,3,1,0,0,0,94.0,0,45.9,69.4,63.2,79.6,1567.33,1473.29,6231.05,0.43,13,4.7,76.4,67.7,0.0,1,11,5
1919.03,5000,3,1166,586,378,0,10,3,7,1,1,14,3,69.7,5,50.7,48.2,14.3,20.0,45623.56,31799.62,151728.04,0.33,13,4.3,39.3,67.6,0.0,1,8,5
429.75,795,2,14,3,34,0,8,1,1,1,0,0,0,77.7,6,94.1,99.7,48.8,68.1,9325.36,7245.8,97147.1,0.44,17,4.6,63.1,79.1,0.0,1,1,3
1544.57,1876,3,557,613,109,0,10,3,6,1,0,0,3,34.4,31,17.1,40.9,33.1,19.0,67839.72,23336.86,416625.57,0.49,16,2.9,58.0,29.5,0.0,1,3,12
1146.81,2264,3,667,432,317,0,5,4,8,1,0,0,8,68.1,27,11.2,20.6,48.8,30.0,2486.64,1693.4,27191.66,0.53,24,1.8,24.1,45.6,0.0,1,13,7
153.53,475,1,498,473,280,0,12,3,8,0,1,9,0,16.0,7,57.5,43.2,50.3,9.1,4424.21,707.87,55099.26,0.44,19,4.4,47.4,22.3,0.0,1,7,5
1779.75,5000,3,103,73,44,0,6,1,1,0,0,0,2,63.1,3,98.7,88.8,50.0,78.6,21441.58,13529.64,275625.53,0.79,10,6.3,99.2,67.6,0.0,0,12,1
1899.29,4627,2,827,479,204,1,10,3,1,0,0,0,3,17.6,25,20.4,50.5,22.8,8.6,19269.04,3391.35,333792.88,0.34,6,1.5,33.9,32.3,0.0,1,1,2
1235.84,4769,3,131,34,16,0,7,0,2,1,0,0,0,53.0,28,47.1,59.1,51.6,21.5,57931.59,30703.74,409884.1,0.34,11,6.6,99.9,86.0,0.0,0,10,11
1867.57,5000,5,140,60,30,0,1,3,1,1,0,0,0,52.7,32,55.2,65.2,70.8,68.3,5018.96,2644.99,60552.52,0.57,26,5.9,80.2,63.1,67.1,0,9,8
299.57,1130,4,25,43,26,0,5,0,1,0,0,0,1,87.2,0,91.4,82.7,84.8,77.5,2358.37,2056.5,23170.28,0.54,14,5.2,97.5,92.1,66.4,1,13,8
549.05,1917,0,804,215,254,0,11,5,6,0,0,0,7,56.1,21,46.8,33.4,19.7,25.5,8605.49,4827.68,156673.67,0.42,11,3.2,19.2,69.7,0.0,1,1,2
1168.41,2535,1,1141,621,233,0,8,5,5,1,0,0,7,44.7,36,30.3,38.7,50.9,33.6,6266.64,2801.19,78058.64,0.3,8,2.6,47.3,61.8,0.0,0,2,2
1976.84,5000,1,981,114,383,0,10,5,7,1,0,0,6,18.5,26,47.1,38.4,32.0,16.7,45724.64,8459.06,234652.83,0.73,4,1.6,52.8,25.6,0.0,1,1,13
275.19,1020,2,549,213,61,1,4,3,7,0,1,13,0,47.0,15,28.1,58.9,23.6,35.7,5820.86,2735.8,83471.57,0.78,19,2.5,38.1,60.5,0.0,1,8,1
1804.96,5000,2,39,89,38,0,11,4,2,1,1,3,0,69.6,35,46.9,94.3,89.5,77.0,1270.0,883.92,3503.4,0.49,10,5.8,88.0,72.0,0.0,1,6,5
1786.19,4060,0,656,719,147,0,10,1,6,0,1,3,0,55.3,12,57.1,23.2,46.3,1.5,89032.89,49235.19,738930.3,0.59,10,3.6,18.7,37.0,0.0,1,9,6
1290.5,4581,5,173,3,29,0,0,3,3,1,0,0,2,68.9,10,73.1,86.5,74.2,57.9,4090.2,2818.15,74649.98,0.33,3,7.4,70.8,61.4,75.4,1,4,11
380.35,334,5,116,31,16,0,0,2,4,1,1,11,2,90.8,0,92.4,99.7,92.2,66.2,556.3,505.12,2279.24,0.62,11,4.9,60.7,62.9,84.3,1,2,14
1366.04,1060,2,52,69,35,0,6,1,2,1,0,0,1,66.0,34,63.7,75.0,88.1,48.8,52504.26,34652.81,740681.94,0.74,10,6.5,61.3,96.6,0.0,0,2,1
1730.51,4654,5,84,0,56,0,3,0,2,1,0,0,0,93.0,0,59.7,81.4,64.3,56.6,45434.25,42253.85,335592.22,0.52,24,6.1,68.9,60.7,76.0,1,0,8
1889.64,1029,2,139,66,30,0,6,2,2,1,0,0,2,67.0,36,97.4,95.9,89.0,74.5,13765.06,9222.59,232718.73,0.45,6,6.2,68.2,91.7,0.0,1,12,9
665.32,1098,2,109,1,42,0,4,0,2,1,0,0,2,94.7,0,41.9,78.5,96.9,48.0,31123.46,29473.92,115832.33,0.42,5,6.2,99.2,62.7,0.0,0,12,11
1472.29,2649,5,19,78,42,0,7,0,4,1,1,10,2,79.2,1,79.1,88.2,77.0,57.1,7608.32,6025.79,132018.44,0.56,14,5.5,62.3,83.9,71.3,0,0,3
425.5,1138,3,830,80,218,0,3,2,6,1,0,0,4,26.3,9,39.9,19.9,15.9,0.2,12204.59,3209.81,129560.01,0.52,12,1.7,41.4,47.1,0.0,1,9,6
1620.12,1686,0,300,529,384,0,10,2,1,1,0,0,3,35.5,2,7.4,24.3,39.2,6.6,75454.9,26786.49,1276880.03,0.28,13,2.4,26.2,41.1,0.0,1,5,2
1638.96,1601,2,103,195,176,0,9,5,5,1,1,10,6,38.8,3,31.9,22.1,20.4,1.3,65629.25,25464.15,231576.05,0.59,14,3.1,12.1,32.5,0.0,1,7,6
525.21,673,3,178,320,248,0,9,2,5,0,1,10,5,35.2,33,48.0,36.6,32.8,17.3,25781.86,9075.21,340239.36,0.72,30,2.7,36.4,41.0,0.0,1,10,13
20.79,27,0,372,551,392,0,12,4,5,1,1,15,0,79.7,34,59.2,35.9,51.0,38.8,931.71,742.57,14742.21,0.76,37,3.4,19.3,58.5,0.0,1,6,13
279.53,200,4,171,69,56,0,4,3,0,1,0,0,0,59.9,7,66.9,93.9,77.1,87.1,4082.71,2445.54,73001.91,0.38,7,6.4,82.5,63.6,94.0,0,8,5
295.44,347,2,175,63,13,0,4,3,2,1,1,12,0,68.8,19,97.1,68.0,62.5,31.3,5597.31,3850.95,59569.15,0.33,1,6.8,66.6,98.6,0.0,1,4,2
1702.17,1306,5,17,42,58,0,4,0,5,0,0,0,1,82.1,0,83.8,62.7,57.9,92.9,66567.05,54651.55,625456.51,0.48,10,6.9,79.3,86.3,70.9,1,12,10
1659.67,4238,2,31,62,56,0,1,2,3,1,1,7,0,99.7,0,46.4,58.5,55.1,34.4,60618.75,60436.89,578775.55,0.51,15,6.0,86.3,85.8,0.0,1,12,5
1276.26,4426,3,62,50,9,0,1,1,1,1,1,7,0,56.7,13,57.0,95.1,84.2,22.3,3084.77,1749.06,30203.81,0.47,17,5.6,80.3,94.3,0.0,0,2,9
720.98,1828,2,150,72,0,0,1,2,4,1,0,0,1,94.6,0,80.7,89.1,82.7,77.6,27951.16,26441.8,87605.64,0.52,8,5.9,80.0,67.0,0.0,0,5,7
1177.16,2042,5,92,36,57,0,12,3,7,1,1,15,1,77.7,10,49.8,84.4,62.5,72.5,7101.75,5518.06,67593.97,0.38,16,5.5,92.6,95.5,62.7,0,1,7
1049.13,4091,4,164,28,16,0,5,3,4,1,1,5,1,55.7,34,90.6,72.1,64.1,97.4,18092.04,10077.27,106373.52,0.38,14,5.8,67.1,88.4,78.0,1,8,2
1931.54,5000,4,179,24,3,0,4,2,0,1,0,0,0,60.5,1,68.3,94.8,72.6,56.2,80271.89,48564.49,1542952.29,0.75,30,6.3,61.6,85.7,96.2,0,10,1
821.39,1258,1,1101,323,286,0,10,4,1,1,0,0,3,18.1,7,22.6,54.9,37.6,35.7,28874.53,5226.29,378141.14,0.45,8,3.8,56.1,54.2,0.0,1,3,11
1126.73,1985,4,64,6,31,0,2,1,7,1,1,7,2,92.6,0,89.1,75.2,46.4,73.5,28363.79,26264.87,365197.92,0.56,20,5.6,72.3,100.0,91.8,0,2,14
842.8,3107,3,105,62,23,0,9,5,5,1,0,0,2,51.2,36,70.7,76.6,98.4,67.1,12567.04,6434.32,209050.56,0.47,7,5.0,96.8,74.0,0.0,0,14,2
663.08,1717,3,1113,463,216,0,11,4,2,1,1,9,8,12.8,4,59.2,59.6,41.9,12.8,22377.08,2864.27,125075.34,0.6,19,4.6,38.7,37.1,0.0,1,4,13
1593.49,4981,2,730,197,54,1,7,1,8,1,1,8,3,56.3,7,14.3,21.9,28.9,24.7,11771.11,6627.13,102699.98,0.4,8,3.4,19.1,54.5,0.0,1,8,3
918.46,2317,2,153,27,47,0,5,0,3,1,0,0,1,64.3,11,80.0,96.6,94.0,72.0,17616.96,11327.71,274885.8,0.65,10,5.8,59.6,77.2,0.0,0,12,14
898.85,1227,3,130,86,6,0,7,2,3,1,0,0,2,77.8,9,93.7,98.2,74.9,73.9,26055.72,20271.35,351298.27,0.63,3,5.2,62.7,94.0,0.0,0,12,1
496.6,1875,2,46,47,13,0,7,2,5,1,0,0,0,54.9,29,52.1,70.8,92.5,23.8,9350.98,5133.69,129601.15,0.41,15,6.6,68.9,84.6,0.0,0,5,3
954.38,1958,3,60,21,3,0,6,3,3,1,0,0,2,71.7,20,67.9,60.7,83.3,71.6,3917.48,2808.83,40832.24,0.41,14,5.3,93.6,85.8,0.0,1,8,11
944.27,1984,3,1001,336,354,0,10,2,7,0,0,0,6,40.9,35,29.2,41.9,44.0,21.4,36250.47,14826.44,115927.63,0.81,8,1.6,44.0,30.7,0.0,1,4,1
1675.3,5000,2,51,43,58,0,3,2,2,1,0,0,0,79.7,7,82.6,86.3,82.3,61.8,47583.03,37923.67,158776.51,0.49,18,6.7,81.9,93.9,0.0,0,7,9
1023.88,1025,5,39,50,37,0,4,0,4,0,0,0,0,64.5,4,90.6,83.3,70.9,76.2,31505.88,20321.29,603141.24,0.76,32,6.5,77.4,75.6,81.3,0,12,1
1279.38,3738,5,58,84,21,0,1,0,2,0,0,0,1,56.3,24,87.8,73.7,99.8,86.9,60791.67,34225.71,976985.26,0.51,23,5.1,61.3,79.9,83.0,1,2,12
1029.95,897,5,84,72,38,0,5,5,6,0,1,14,2,89.2,0,89.1,92.2,59.6,61.6,41813.39,37297.54,181620.04,0.54,11,4.9,62.6,96.1,66.7,0,11,0
1847.98,5000,2,612,539,365,1,9,5,8,0,1,4,8,24.5,14,13.2,19.0,36.5,32.8,59122.26,14484.95,573850.15,0.5,14,2.6,56.6,27.5,0.0,1,4,12
1636.98,3275,1,967,635,353,0,5,2,5,1,1,4,2,74.4,27,33.3,27.5,53.7,33.4,29680.78,22082.5,225705.65,0.65,9,3.4,39.8,32.9,0.0,1,6,8
197.96,455,4,162,83,9,0,4,3,5,0,0,0,2,86.4,0,66.0,97.3,53.2,73.5,1154.01,997.06,9425.96,0.8,21,4.7,93.3,97.1,51.9,1,11,1
1815.94,5000,2,68,30,37,0,0,3,5,0,0,0,2,55.7,2,87.1,91.1,94.7,66.9,61171.84,34072.71,491671.01,0.77,37,6.3,72.3,86.2,0.0,0,3,4
701.03,1504,4,137,33,35,0,8,3,3,0,0,0,2,73.1,31,70.6,70.9,99.1,63.3,9064.64,6626.25,40772.95,0.58,27,5.2,95.0,63.2,63.2,1,0,6
1856.02,3477,4,101,17,8,0,2,2,0,0,1,6,0,50.7,13,51.1,78.8,54.0,95.9,12835.73,6507.72,161226.39,0.5,9,5.7,79.9,70.0,63.7,0,14,0
1423.7,4346,5,142,35,10,0,0,0,1,0,1,13,1,78.9,34,80.7,72.9,48.1,85.5,61849.57,48799.31,229229.83,0.47,15,5.2,86.4,89.6,77.3,1,12,0
278.56,646,2,92,555,166,0,3,2,3,1,1,12,5,66.0,7,21.0,37.4,51.7,37.4,12915.62,8524.31,124562.69,0.55,17,3.2,39.9,56.9,0.0,1,7,0
1083.74,3976,3,160,12,25,0,7,3,3,1,0,0,0,84.3,0,60.8,78.5,46.4,20.0,36205.27,30521.04,578317.64,0.5,23,6.4,59.7,90.5,0.0,0,2,5
1379.19,3211,3,84,83,53,0,4,0,1,0,0,0,2,75.6,22,84.8,75.9,70.0,51.9,13448.94,10167.4,255583.85,0.67,24,5.3,70.7,89.0,0.0,1,13,8
1756.91,5000,2,29,11,15,0,3,1,2,1,0,0,2,91.3,0,53.2,67.7,89.1,48.9,6750.01,6162.76,116737.43,0.48,6,6.7,95.3,75.3,0.0,0,2,12
1277.39,2686,5,137,9,25,0,12,1,4,1,1,15,2,68.7,28,67.7,62.7,80.8,99.8,10330.75,7097.23,39981.66,0.35,2,5.8,65.6,89.6,59.4,1,0,5
1392.78,2145,1,540,215,151,0,4,5,8,0,1,3,6,35.3,2,20.3,35.6,39.0,19.8,16625.86,5868.93,255550.46,0.73,33,3.1,20.5,55.1,0.0,1,10,4
642.48,1442,4,109,61,49,0,7,1,7,1,1,9,2,68.9,4,75.7,72.5,97.1,60.5,12789.82,8812.19,65732.64,0.44,17,4.5,93.9,61.8,92.5,1,4,0
833.41,1637,2,133,61,19,0,5,2,3,1,0,0,0,94.5,0,80.8,56.1,63.7,31.6,27902.37,26367.74,229241.73,0.53,24,6.0,75.5,62.2,0.0,1,3,9
1992.21,2277,5,80,73,56,0,7,2,4,1,0,0,1,56.3,20,84.8,59.1,92.9,81.0,78049.53,43941.89,927867.97,0.48,3,6.5,77.8,92.1,78.1,1,12,3
68.44,135,2,1052,242,350,1,10,5,3,1,1,10,6,24.9,18,1.4,50.3,43.1,26.1,591.01,147.16,10611.81,0.73,13,2.8,49.2,55.7,0.0,1,9,1
1455.85,4561,5,137,20,5,0,5,1,3,1,0,0,2,89.5,0,98.9,88.6,73.2,51.6,27562.72,24668.63,455888.76,0.63,11,6.5,95.9,63.0,73.9,1,11,10
20.54,72,2,786,643,80,1,12,3,5,0,1,10,7,31.3,29,15.1,31.4,12.5,13.4,866.37,271.17,3854.09,0.44,3,2.4,23.7,68.7,0.0,1,0,0
153.99,117,4,121,43,16,0,4,2,3,1,1,8,0,75.0,9,43.3,99.5,52.4,58.6,746.6,559.95,3408.58,0.36,6,7.7,59.5,78.1,95.7,1,0,11
553.68,1019,1,773,618,388,0,4,2,5,0,1,8,3,38.3,16,17.1,48.7,54.8,17.3,22775.92,8723.18,339633.73,0.79,27,2.7,35.0,27.7,0.0,1,12,1
1491.52,3711,5,170,54,37,0,4,3,1,0,0,0,0,67.5,33,99.9,94.5,87.3,77.2,10400.85,7020.57,123899.9,0.53,13,6.3,61.6,64.5,94.6,0,4,10
815.37,642,2,166,37,37,0,8,1,0,1,0,0,2,87.3,0,62.3,76.1,68.2,56.2,39204.83,34225.82,520916.35,0.37,5,7.8,69.5,71.5,0.0,1,8,7
1176.43,1350,5,74,11,36,0,8,1,4,1,0,0,2,97.3,0,49.9,89.0,90.2,63.2,36180.59,35203.71,403385.09,0.5,17,4.8,60.6,63.9,39.1,1,8,9
936.73,2233,4,113,3,31,0,7,2,5,1,0,0,0,79.0,20,55.8,88.7,63.9,56.7,31744.47,25078.13,207713.66,0.42,4,5.8,64.2,95.5,85.2,0,12,0
1530.79,1354,3,170,78,6,0,1,0,3,1,0,0,1,95.9,0,74.3,81.3,79.3,72.2,15267.05,14641.1,123191.24,0.61,18,6.5,63.6,88.6,0.0,1,2,14
1051.3,3726,2,170,86,27,0,8,3,1,1,1,1,2,85.8,0,95.4,60.5,81.3,77.8,5981.93,5132.5,33941.35,0.44,9,5.0,94.1,88.2,0.0,0,2,2
1770.08,3108,3,179,86,37,0,2,3,0,1,1,8,0,66.4,17,79.3,71.7,91.6,38.5,34216.12,22719.5,165915.48,0.46,17,5.6,63.4,71.2,0.0,1,11,9
1589.05,5000,3,149,71,60,0,7,2,4,0,0,0,0,70.9,21,74.2,64.8,79.7,55.2,30955.15,21947.2,560797.18,0.41,13,4.6,97.6,92.4,0.0,0,9,12
115.34,398,2,28,78,32,0,8,1,1,1,0,0,0,71.8,16,78.8,97.6,80.3,36.1,1250.62,897.95,2987.51,0.46,5,5.4,57.3,87.4,0.0,0,8,2
811.97,1361,2,13,78,0,0,1,2,3,1,0,0,0,77.7,17,82.3,61.0,73.9,34.5,30702.53,23855.87,137663.36,0.67,8,6.0,89.2,65.1,0.0,0,8,13
1801.8,5000,1,113,223,91,0,11,3,6,0,1,3,2,25.2,36,52.5,34.4,30.8,39.8,81215.61,20466.33,1311189.88,0.41,11,4.0,21.6,52.2,0.0,1,1,5
1425.95,2204,0,901,397,277,0,5,3,7,1,0,0,6,60.5,3,32.4,29.4,27.9,37.2,30726.2,18589.35,407303.24,0.58,13,2.4,39.4,32.1,0.0,1,12,10
1726.49,4797,2,666,448,280,1,4,1,7,0,0,0,5,64.8,27,9.9,31.3,35.1,13.0,14181.35,9189.51,225461.19,0.54,8,1.2,48.5,56.8,0.0,1,6,6
227.79,497,1,318,205,216,0,2,5,3,1,0,0,1,81.1,0,43.5,36.4,39.3,17.8,10312.17,8363.17,86119.37,0.48,12,4.3,18.6,32.5,0.0,1,3,5
383.59,192,3,39,82,44,0,8,3,4,1,0,0,1,87.7,0,81.0,59.0,67.2,36.6,3537.9,3102.74,68552.14,0.38,14,5.4,64.9,73.0,0.0,0,10,7
1108.14,4255,2,716,572,223,1,4,3,2,0,1,12,5,34.5,6,34.8,21.7,10.5,37.0,19875.2,6856.94,147803.83,0.68,11,3.0,13.3,49.6,0.0,1,10,6
1371.47,3804,0,772,251,164,0,3,2,4,1,0,0,6,45.4,24,5.9,57.3,39.6,30.5,34038.51,15453.48,552862.99,0.63,17,2.3,36.2,57.8,0.0,1,8,10
230.78,699,2,94,15,21,0,8,1,5,1,1,14,0,81.0,0,48.2,75.5,72.3,77.9,8042.27,6514.24,46629.59,0.45,3,5.4,60.6,76.5,0.0,1,7,7
124.93,393,4,157,37,28,0,6,1,8,1,1,12,1,86.3,0,60.1,90.4,96.4,54.2,338.85,292.43,3803.9,0.39,15,4.2,99.3,87.3,89.1,1,5,7
1951.64,5000,2,536,95,179,1,5,5,2,0,1,11,8,42.8,2,59.4,48.4,24.6,35.2,69804.34,29876.26,890184.07,0.46,14,2.3,10.0,55.7,0.0,1,6,12
553.4,1848,2,105,13,52,0,6,0,1,0,0,0,2,95.5,0,59.8,94.8,72.6,31.2,18499.31,17666.84,103809.67,0.78,38,6.7,78.3,79.3,0.0,0,2,1
1815.22,2051,3,42,80,18,0,1,3,3,0,1,3,2,92.8,0,97.3,75.4,73.2,42.1,8193.99,7604.02,28113.19,0.36,12,5.4,88.7,87.5,0.0,1,6,9
457.92,1470,3,175,71,59,0,0,0,3,1,0,0,0,83.6,0,46.8,94.4,55.2,23.6,15092.96,12617.71,93704.45,0.58,9,7.3,94.0,65.0,0.0,1,11,14
1604.84,3248,1,360,267,236,0,6,3,2,0,0,0,2,72.1,29,84.5,55.8,49.9,24.9,68958.47,49719.06,138125.57,0.44,6,3.7,57.1,32.4,0.0,0,3,9
1890.89,5000,5,164,53,22,0,4,2,5,1,0,0,1,94.5,0,73.3,62.4,83.2,66.4,23988.28,22668.92,219562.83,0.75,19,5.2,69.5,91.2,80.6,0,7,1
1046.23,1387,2,757,689,164,1,3,1,8,0,1,4,0,79.7,3,63.6,56.2,34.0,16.6,31817.17,25358.28,466504.12,0.69,26,2.5,53.4,27.7,0.0,1,11,4
1444.37,4731,1,662,434,39,0,3,5,4,1,0,0,4,42.7,15,36.0,34.8,32.9,11.2,16644.29,7107.11,304819.58,0.61,20,2.2,31.9,47.5,0.0,1,3,4
326.18,554,3,81,64,53,0,2,3,0,1,0,0,1,58.1,12,60.6,89.5,67.9,53.0,14608.15,8487.34,114182.6,0.51,14,6.0,93.8,77.8,0.0,1,14,5
1266.57,3552,4,149,43,21,0,8,0,5,1,0,0,1,97.5,0,69.0,84.8,70.2,58.2,60971.81,59447.51,766768.77,0.36,10,6.3,71.1,63.7,73.3,1,12,5
462.3,1214,0,831,584,46,0,3,2,1,1,1,2,2,58.3,6,6.2,20.5,45.5,16.6,8011.37,4670.63,35919.47,0.7,14,2.9,22.6,55.2,0.0,1,14,14
967.56,3382,1,1134,182,284,0,9,3,1,1,1,7,4,24.9,5,6.7,24.0,35.2,30.9,12687.33,3159.15,100249.04,0.55,9,3.3,37.6,43.8,0.0,1,11,8
1441.99,3388,5,177,75,49,0,6,1,2,1,0,0,1,63.2,8,45.1,68.3,88.5,81.2,53827.99,34019.29,197664.12,0.46,16,6.5,91.0,67.2,90.1,0,0,5
1555.16,3431,4,114,61,24,0,9,3,7,1,1,3,0,95.4,0,75.3,64.0,81.4,69.0,72564.97,69226.98,537166.72,0.38,16,5.0,72.6,71.4,92.3,1,8,3
56.91,162,2,496,290,384,1,3,5,3,1,1,11,1,33.8,19,48.8,30.3,27.1,11.8,1242.16,419.85,10112.63,0.77,32,2.8,52.0,46.0,0.0,1,10,4
375.18,1075,3,294,569,34,0,8,5,1,1,1,3,5,63.4,13,32.7,54.4,20.8,23.9,17529.29,11113.57,243823.07,0.64,8,2.9,38.1,39.7,0.0,1,4,10
535.38,952,4,45,75,53,0,1,0,3,0,0,0,1,59.6,20,65.0,70.0,84.9,55.4,13285.06,7917.9,131542.98,0.35,5,5.4,82.6,63.3,87.1,1,12,11
389.0,356,1,836,123,76,0,9,4,5,1,0,0,3,44.6,10,42.4,17.9,53.7,0.2,4950.6,2207.97,18585.35,0.51,18,3.9,41.8,32.6,0.0,1,2,6
1405.97,1133,0,1006,645,247,0,2,3,3,1,1,9,4,13.5,25,24.3,27.5,51.3,12.2,14206.85,1917.92,275834.87,0.62,18,1.4,52.6,65.9,0.0,0,5,13
1582.05,5000,5,83,13,26,0,6,0,2,1,1,7,0,86.9,0,77.8,92.2,84.9,61.4,71886.8,62469.63,666358.38,0.45,19,6.3,68.6,68.3,63.5,1,0,9
1362.3,2568,5,147,2,57,0,2,2,1,1,1,15,2,53.6,35,83.1,87.9,87.6,72.0,48751.84,26130.99,778989.02,0.57,2,6.2,63.2,60.5,61.0,1,12,14
1196.14,3837,3,491,719,47,0,9,5,3,1,1,10,2,62.3,26,18.4,42.6,48.2,22.7,22836.12,14226.9,453171.68,0.68,21,3.6,42.3,26.8,0.0,1,2,4
765.78,1816,1,1081,84,254,0,3,2,4,1,1,1,0,74.3,36,35.2,60.9,41.5,36.8,6483.48,4817.23,20128.86,0.61,28,4.7,45.2,24.3,0.0,1,12,14
824.21,2133,5,59,28,42,0,2,2,1,1,1,3,0,64.0,32,84.0,93.4,99.8,93.0,6233.77,3989.61,31215.96,0.35,12,6.8,70.7,96.9,58.7,0,10,9
1553.63,2229,0,315,535,99,0,8,4,7,0,0,0,7,13.1,16,8.6,53.8,44.7,27.6,42590.95,5579.41,626417.45,0.57,16,3.3,18.4,33.0,0.0,1,13,8
379.19,223,1,761,588,363,0,7,4,5,1,0,0,3,47.2,21,54.2,27.8,43.5,6.3,12779.37,6031.86,136980.11,0.58,23,3.1,25.7,41.5,0.0,0,5,0
1878.1,5000,1,726,564,301,0,7,5,3,0,1,7,7,54.3,8,4.4,35.8,49.5,14.4,18529.24,10061.38,215579.42,0.8,9,3.2,16.2,42.3,0.0,1,5,1
157.17,197,5,49,69,0,0,5,5,1,0,1,9,2,83.7,0,87.6,85.1,87.0,87.8,6193.39,5183.87,100313.71,0.38,7,4.2,94.4,61.5,80.7,1,5,5
1965.56,5000,2,1185,384,372,1,12,4,1,0,0,0,2,66.4,5,53.9,27.7,52.3,4.3,86807.73,57640.33,272664.84,0.73,8,3.7,20.2,67.8,0.0,1,13,13
379.24,1426,3,587,658,163,0,9,5,4,0,1,11,3,67.3,22,53.4,59.7,34.3,20.9,8398.44,5652.15,146629.7,0.55,18,3.1,41.5,67.2,0.0,1,1,14
1197.31,3941,2,25,42,40,0,7,1,5,1,0,0,1,61.0,9,91.4,88.8,52.8,55.5,9454.15,5767.03,101350.81,0.55,19,6.9,90.3,96.8,0.0,0,11,8
1701.35,5000,0,1182,289,283,0,11,5,6,0,0,0,8,48.1,9,12.3,28.8,30.1,26.6,37981.3,18269.01,269104.69,0.4,3,3.7,49.6,29.9,0.0,1,2,12
912.91,2426,0,808,96,318,0,5,5,2,0,1,9,6,24.5,4,32.1,31.1,47.3,15.1,37610.2,9214.5,376409.55,0.78,17,1.7,17.1,63.4,0.0,1,0,13
1558.1,5000,0,99,588,266,0,8,2,2,0,1,7,4,33.0,30,31.6,57.2,42.0,7.7,60195.04,19864.36,631213.01,0.45,15,2.2,32.6,42.2,0.0,1,5,9
308.94,616,2,62,90,52,0,6,0,2,1,0,0,2,60.9,36,70.3,85.9,79.4,36.3,4538.6,2764.01,35610.64,0.53,25,4.7,99.7,67.4,0.0,0,1,7
1687.82,3827,2,29,46,20,0,6,0,1,0,0,0,2,87.8,0,72.0,97.6,87.2,41.2,18543.3,16281.02,224730.42,0.65,28,6.3,61.0,80.1,0.0,0,8,13
1147.68,3479,0,519,153,93,0,7,1,1,1,1,2,1,69.5,23,37.2,63.7,19.8,16.0,39823.89,27677.6,319869.67,0.67,23,3.0,40.1,61.3,0.0,1,8,14
349.87,537,4,167,36,1,0,8,2,5,1,0,0,1,85.0,0,59.1,70.2,79.8,54.7,10954.9,9311.66,208988.41,0.66,28,7.1,60.7,99.2,80.9,0,10,4
472.36,742,4,14,20,13,0,0,2,1,1,0,0,0,87.0,0,97.7,59.5,77.0,74.9,9172.45,7980.03,119232.08,0.39,9,5.0,83.7,68.1,69.5,1,0,3
204.38,563,2,113,6,13,0,3,0,3,1,0,0,0,69.5,14,46.8,76.0,66.7,24.5,6342.42,4407.98,125426.31,0.33,13,6.0,95.1,80.8,0.0,0,7,5
690.05,720,3,140,34,14,0,8,3,2,0,1,7,0,99.4,0,76.5,63.6,67.5,77.5,4752.28,4723.77,28770.06,0.65,29,4.7,76.5,98.8,0.0,0,12,14
1788.66,5000,0,1082,599,193,0,9,3,7,0,0,0,3,30.0,9,42.2,48.2,17.5,36.3,70139.05,21041.72,199104.71,0.5,20,3.7,53.8,37.7,0.0,1,5,5
908.73,1825,2,11,53,48,0,8,3,5,1,0,0,2,62.0,31,54.4,66.6,94.1,75.1,28476.3,17655.31,485824.39,0.47,16,7.5,73.8,98.4,0.0,1,0,11
693.46,2595,4,134,52,48,0,2,1,0,1,0,0,2,57.9,26,57.5,96.7,96.3,86.2,12239.8,7086.84,190751.27,0.35,7,6.4,82.5,96.2,96.8,1,3,7
602.97,2391,3,550,220,325,0,4,5,1,1,1,1,7,39.8,4,56.7,48.1,12.1,23.1,18570.61,7391.1,292682.97,0.72,26,4.1,26.6,44.0,0.0,1,7,14
1639.34,1030,3,102,38,30,0,0,2,4,0,0,0,0,74.3,20,76.0,92.9,68.6,46.1,42913.31,31884.59,124918.85,0.49,13,5.0,77.9,70.5,0.0,0,0,7
1067.76,1615,3,145,45,42,0,2,3,4,1,0,0,2,94.6,0,52.8,98.7,91.1,74.6,2398.26,2268.75,18646.36,0.5,9,4.9,96.1,77.9,0.0,0,12,12
1928.14,2785,2,112,25,9,0,3,1,2,1,1,7,2,80.3,0,63.4,62.0,95.8,78.3,61218.37,49158.35,356243.83,0.7,10,5.9,78.6,91.0,0.0,1,4,4
1450.28,3808,4,62,66,6,0,8,1,1,0,0,0,1,55.3,30,52.1,97.0,50.9,60.1,57329.93,31703.45,934557.96,0.54,14,4.4,99.0,73.2,82.5,1,2,7
978.52,1390,1,572,85,291,0,5,1,2,0,1,7,1,69.6,14,19.0,53.5,40.4,4.4,43158.9,30038.59,98242.76,0.78,17,2.6,31.0,24.5,0.0,1,2,4
697.59,2289,3,1071,570,318,0,12,3,7,1,0,0,4,38.7,23,20.7,60.6,33.8,32.4,28252.97,10933.9,171151.31,0.68,14,2.3,37.7,31.7,0.0,1,13,6
129.35,358,2,74,27,33,0,7,0,1,1,1,8,0,91.8,0,56.2,93.7,91.6,75.9,2700.53,2479.09,12735.58,0.45,18,5.6,96.3,66.8,0.0,0,1,3
885.42,1887,2,95,12,46,0,5,0,4,1,0,0,1,65.2,8,55.8,60.6,61.9,71.2,3593.01,2342.64,42721.8,0.47,23,6.3,75.0,92.6,0.0,1,7,3
511.94,607,4,89,33,14,0,11,4,3,1,0,0,2,93.1,0,84.6,87.3,46.2,52.2,18609.3,17325.26,318658.9,0.78,31,5.4,97.0,82.9,90.0,1,2,4
952.28,490,2,174,307,95,0,7,1,5,0,0,0,6,20.5,12,13.5,46.9,22.0,24.3,32317.57,6625.1,124005.58,0.73,23,2.6,26.0,57.1,0.0,1,5,13
1360.77,2579,2,374,273,76,1,9,5,8,0,0,0,7,22.1,31,38.2,54.2,24.1,32.6,46878.06,10360.05,102788.17,0.81,23,1.9,41.8,31.2,0.0,1,9,1
887.65,2214,3,139,76,54,0,2,0,3,0,0,0,2,89.8,0,74.3,80.0,49.5,32.5,16894.29,15171.07,263857.9,0.48,7,6.9,70.0,79.4,0.0,0,9,11
1596.66,5000,2,1126,406,211,1,12,3,1,0,0,0,4,16.2,28,46.4,47.9,27.2,19.1,7819.14,1266.7,97802.01,0.54,26,1.8,23.0,58.1,0.0,1,14,3
198.92,726,3,966,130,225,0,11,2,3,1,0,0,2,61.9,26,42.6,42.7,49.3,28.6,7540.03,4667.28,130725.01,0.51,4,4.8,28.6,65.4,0.0,1,12,7
1908.53,2055,2,946,211,305,1,5,1,7,1,0,0,6,21.1,10,12.4,53.8,19.9,33.5,90483.19,19091.95,1372441.27,0.56,18,3.0,37.7,49.6,0.0,1,13,14
740.31,1947,1,140,259,66,0,7,3,6,0,0,0,1,60.5,9,50.0,57.9,22.8,8.5,4322.66,2615.21,30327.34,0.57,26,3.4,55.2,67.7,0.0,0,1,0
127.77,192,1,560,238,278,0,5,5,7,0,0,0,5,13.4,28,49.5,47.8,52.9,21.5,3531.74,473.25,31951.39,0.62,16,2.9,14.9,42.2,0.0,1,6,8
128.02,182,1,927,482,104,0,9,5,8,0,0,0,8,44.9,23,2.9,27.8,48.4,21.1,6072.35,2726.49,65323.48,0.47,13,3.0,38.4,48.0,0.0,1,0,10
1014.8,3568,1,441,80,367,0,8,5,4,1,1,9,2,63.1,23,23.7,57.1,33.0,11.2,44359.1,27990.59,825165.98,0.67,8,2.8,21.7,32.1,0.0,1,13,1
1586.66,5000,2,82,71,27,0,8,3,6,1,0,0,1,50.8,35,68.9,58.1,65.1,69.8,37959.39,19283.37,300599.34,0.41,6,4.9,74.6,70.2,0.0,0,6,9
107.97,422,0,607,137,164,0,10,5,1,1,0,0,4,30.8,5,27.7,61.4,54.0,23.7,2189.31,674.31,12469.07,0.64,28,3.6,45.6,31.1,0.0,1,13,8
1880.85,3649,2,501,479,129,1,3,2,7,1,0,0,7,60.2,24,34.2,60.3,52.6,28.8,91113.27,54850.19,1229340.38,0.53,15,2.3,40.2,66.8,0.0,1,13,9
1441.99,1461,3,455,610,56,0,4,1,7,0,1,8,8,13.8,34,35.5,35.1,26.0,17.3,57134.02,7884.49,252445.42,0.46,2,1.3,14.7,47.2,0.0,1,13,10
1014.65,3489,3,192,492,284,0,4,5,5,1,1,11,1,61.9,26,42.2,55.3,42.4,0.1,39488.73,24443.52,678856.22,0.53,22,5.2,27.5,58.2,0.0,1,10,0
1627.33,1813,3,109,2,28,0,4,0,1,1,0,0,1,75.7,6,87.9,91.1,74.2,64.1,29971.85,22688.69,253327.22,0.55,17,6.6,79.8,66.8,0.0,1,9,3
1063.65,1320,4,113,26,32,0,7,2,1,1,0,0,1,98.9,0,67.9,86.9,90.2,53.2,9978.09,9868.33,167862.51,0.47,13,8.2,57.2,97.6,98.9,1,0,9
1303.89,1500,1,632,578,385,0,3,2,3,0,0,0,6,57.2,18,4.2,15.3,49.0,2.5,32049.32,18332.21,198785.92,0.53,3,2.3,34.2,21.0,0.0,1,4,14
1069.42,4140,5,121,62,59,0,6,5,8,1,0,0,1,57.6,19,58.6,68.0,48.4,99.0,46294.86,26665.84,567947.71,0.38,5,5.6,86.6,71.9,37.5,1,12,3
1195.27,1464,4,90,41,54,0,3,3,3,0,1,9,2,60.5,3,93.2,80.1,76.8,71.1,24673.83,14927.67,164558.0,0.42,20,5.6,58.3,72.7,93.0,1,0,12
272.01,253,5,165,71,3,0,4,2,3,1,0,0,2,97.0,0,80.4,88.4,89.1,80.0,12537.26,12161.14,215548.36,0.55,19,5.1,67.7,71.4,69.7,1,10,8
1137.44,2773,1,623,160,191,0,6,4,8,0,1,11,3,65.0,10,15.0,30.4,34.9,19.3,28556.39,18561.65,466488.15,0.42,15,2.5,58.4,38.2,0.0,1,0,12
491.79,1659,2,176,31,27,0,5,1,4,1,0,0,1,57.9,3,53.7,68.0,47.3,42.5,24167.27,13992.85,391846.14,0.56,8,6.9,83.8,72.8,0.0,1,2,10
1738.01,1409,4,22,36,17,0,0,1,0,1,0,0,2,87.7,0,60.0,93.5,72.1,55.4,66351.34,58190.13,364385.65,0.52,13,6.6,78.7,60.2,68.9,0,14,3
158.68,274,2,473,606,320,1,9,3,7,1,1,9,2,43.4,26,56.5,62.1,54.6,18.4,2962.63,1285.78,21145.31,0.41,15,3.0,18.5,44.4,0.0,1,2,12
1337.48,4244,2,31,37,12,0,3,3,1,1,0,0,2,98.4,0,50.4,80.7,55.1,77.0,17043.31,16770.62,131723.29,0.79,8,5.7,74.9,96.4,0.0,1,11,13
262.49,619,3,123,188,314,0,6,1,3,0,0,0,4,69.1,29,19.9,28.6,19.3,29.7,407.99,281.92,6647.65,0.48,12,1.9,41.2,56.5,0.0,1,2,10
1392.42,1482,2,162,68,27,0,5,3,0,1,0,0,1,54.8,26,56.3,59.0,59.1,26.4,10379.23,5687.82,35211.65,0.44,9,6.2,82.7,64.6,0.0,0,8,7
470.29,245,2,1009,290,353,1,5,1,2,1,1,2,1,55.3,31,45.4,17.8,28.7,30.8,13555.94,7496.43,81021.31,0.48,18,3.6,15.7,62.4,0.0,1,5,10
1447.4,1062,1,247,425,241,0,12,3,1,1,0,0,2,51.6,7,41.8,38.4,20.3,17.5,63986.45,33017.01,313297.11,0.53,22,4.2,47.8,35.0,0.0,0,14,3
1647.34,4401,2,152,43,39,0,6,3,1,1,0,0,2,71.1,4,74.8,60.1,66.4,35.1,78878.51,56082.62,635720.69,0.62,6,6.8,56.6,66.1,0.0,1,0,14
971.74,1032,3,134,44,20,0,5,3,7,0,1,6,2,91.6,0,56.9,55.3,99.1,59.9,35876.36,32862.75,182548.57,0.52,25,5.1,99.7,73.2,0.0,1,11,6
1733.87,917,2,774,473,272,1,10,1,7,1,1,15,8,17.6,33,16.8,43.6,39.4,9.3,82673.21,14550.48,1612544.7,0.58,6,2.5,39.8,46.5,0.0,1,5,8
745.29,1385,4,39,23,32,0,1,1,2,1,0,0,0,66.7,23,70.3,68.5,70.1,60.9,1901.93,1268.59,23826.47,0.7,19,6.2,67.1,62.5,65.3,1,7,6
1220.21,3991,1,598,654,304,0,6,1,4,1,0,0,6,66.1,21,33.6,59.7,53.3,39.0,50592.47,33441.62,450067.52,0.73,3,2.3,32.1,29.0,0.0,1,12,1
851.23,837,2,114,70,5,0,0,2,2,1,0,0,1,60.9,25,85.2,70.1,47.2,53.1,29930.13,18227.45,93545.74,0.38,17,7.2,74.5,94.5,0.0,1,14,11
101.0,283,2,155,83,18,0,4,3,3,1,1,10,0,81.2,0,69.6,86.2,61.5,55.0,1239.74,1006.67,11789.72,0.47,13,4.9,86.4,84.0,0.0,0,0,7
1671.46,5000,1,202,630,269,0,5,3,7,0,0,0,3,27.5,12,0.8,60.1,49.0,8.7,42253.42,11619.69,265453.94,0.6,9,3.5,44.1,36.2,0.0,1,1,6
1044.64,3651,5,27,68,15,0,6,4,4,0,0,0,2,66.4,18,51.7,59.3,51.1,86.1,45497.48,30210.33,771430.33,0.45,22,4.3,81.0,83.4,66.8,1,2,7
735.24,1828,1,863,315,241,0,7,5,4,1,0,0,8,57.2,1,16.0,21.4,34.0,1.8,24763.73,14164.85,97806.62,0.64,19,3.3,24.0,39.2,0.0,1,6,6
859.22,1147,5,19,89,27,0,3,0,3,1,1,13,1,89.3,0,50.2,98.1,51.6,65.0,34836.31,31108.82,286409.3,0.45,14,6.4,64.6,73.5,81.4,1,4,7
644.58,1100,4,149,85,2,0,5,3,4,1,0,0,0,82.2,0,53.1,62.3,63.4,74.3,12847.57,10560.7,128307.91,0.38,6,5.4,62.2,71.2,73.4,1,7,3
65.5,252,3,1100,459,37,0,4,5,2,1,0,0,8,39.0,35,29.0,31.3,51.8,10.2,1895.38,739.2,33955.51,0.52,20,3.3,14.4,52.8,0.0,1,10,0
723.55,829,4,47,74,48,0,7,2,2,1,1,2,1,80.7,0,71.1,61.1,78.6,95.6,5772.7,4658.57,16890.02,0.72,18,6.2,82.2,95.8,91.8,1,14,1
1410.29,1458,5,36,83,18,0,8,2,2,0,0,0,2,68.5,29,93.7,61.9,74.3,73.5,25324.01,17346.95,73817.46,0.34,10,5.4,89.2,81.8,83.1,1,6,2
914.65,3442,2,172,48,53,0,0,0,4,1,0,0,1,54.2,31,59.7,97.2,94.9,58.8,38348.05,20784.64,287743.19,0.52,5,5.7,84.0,90.9,0.0,1,10,10
156.6,260,3,647,193,39,0,6,2,4,1,1,12,0,16.8,5,14.6,64.3,31.5,13.1,2410.18,404.91,9903.26,0.45,17,4.5,15.8,35.3,0.0,1,6,0
848.35,1759,4,27,17,52,0,0,2,1,1,0,0,0,94.5,0,85.4,99.2,86.7,98.1,39887.38,37693.57,714882.05,0.45,18,6.1,83.2,83.3,46.6,1,10,2
835.83,2561,2,74,48,1,0,6,2,1,0,0,0,2,98.7,0,66.5,80.9,49.8,66.3,11680.3,11528.46,78692.69,0.46,13,6.6,70.2,68.5,0.0,0,0,11
1946.82,4339,4,31,80,6,0,7,1,5,0,1,10,2,76.4,14,62.1,75.4,77.3,72.2,51104.11,39043.54,325308.85,0.39,7,4.8,59.7,98.2,51.3,1,8,5
394.69,607,4,108,56,14,0,8,3,7,1,0,0,2,87.1,0,82.7,70.9,59.0,57.2,8804.85,7669.02,50036.32,0.53,12,4.3,91.7,67.3,52.4,0,6,6
365.3,494,3,60,77,14,0,0,0,2,1,0,0,2,63.1,12,42.5,72.1,83.9,38.2,12346.75,7790.8,106982.33,0.43,5,6.4,62.0,76.9,0.0,1,4,5
1850.65,4051,5,107,28,17,0,8,2,0,0,0,0,1,68.5,13,46.2,88.3,57.2,59.7,64254.65,44014.44,1132160.39,0.67,30,5.8,71.1,96.7,72.8,0,14,14
1512.23,3944,0,1185,294,313,0,10,5,1,0,1,2,1,42.2,22,50.7,33.1,34.4,17.5,6004.18,2533.76,16343.34,0.67,24,3.3,56.4,48.0,0.0,1,12,8
126.3,316,3,464,150,370,0,6,2,8,1,1,4,8,32.5,7,25.8,22.7,16.6,37.5,5324.13,1730.34,83497.86,0.62,29,1.9,37.8,31.5,0.0,1,9,8
1245.47,1468,1,831,345,138,0,3,4,5,1,1,3,6,62.2,10,15.2,55.7,44.1,27.6,60554.16,37664.69,381424.08,0.39,7,3.8,30.0,64.6,0.0,1,6,7
1162.17,3812,2,46,2,34,0,7,0,5,1,1,14,1,98.2,0,58.7,80.3,61.2,49.7,35410.0,34772.62,659971.4,0.76,26,6.5,60.4,98.6,0.0,0,12,4
1841.39,3730,4,126,59,12,0,9,2,2,1,1,7,2,73.6,26,52.9,75.1,84.3,89.7,51670.5,38029.49,268812.55,0.52,5,5.8,58.3,69.0,66.3,1,0,3
322.35,1257,2,163,52,44,0,2,3,4,1,1,7,2,91.0,0,77.1,94.3,55.8,43.6,15602.37,14198.16,32143.84,0.53,5,5.9,82.9,70.3,0.0,1,0,3
1782.98,5000,2,150,2,53,0,8,1,2,0,0,0,2,83.2,0,85.8,71.3,68.4,23.1,34376.49,28601.24,250354.53,0.44,7,6.6,71.0,75.3,0.0,0,4,2
1906.47,3082,4,45,5,24,0,5,3,0,1,0,0,1,72.7,11,73.7,72.0,46.9,94.2,56757.86,41262.96,581616.23,0.45,4,7.0,75.5,95.0,90.2,0,12,11
85.55,243,2,169,32,46,0,0,1,2,1,1,1,1,96.3,0,43.8,75.4,52.7,32.9,680.71,655.52,3848.8,0.54,10,5.4,74.4,61.7,0.0,1,1,12
1677.67,5000,4,71,53,44,0,1,3,5,1,0,0,1,52.5,31,71.9,60.6,50.8,79.4,36866.6,19354.97,336556.48,0.37,7,6.4,71.3,79.2,86.0,0,13,11
1304.2,1445,2,513,722,52,1,10,2,1,0,1,5,2,49.1,2,1.4,34.8,23.6,11.1,35518.72,17439.69,432867.91,0.59,10,3.2,11.1,39.7,0.0,1,6,6
949.89,3620,0,1079,276,244,0,4,4,4,0,1,4,0,53.8,27,25.1,47.0,16.6,35.6,44568.13,23977.65,880324.97,0.36,14,2.9,34.1,46.8,0.0,1,8,5
1184.06,2420,4,24,50,28,0,1,3,1,1,0,0,1,94.1,0,82.8,71.8,55.5,98.9,49927.6,46981.87,584606.07,0.38,4,6.7,91.3,63.6,66.1,0,2,11
427.72,1513,4,91,22,55,0,2,3,1,1,0,0,0,95.1,0,91.1,71.1,63.5,55.9,18964.81,18035.53,367891.65,0.59,24,6.7,99.0,63.8,84.0,0,11,10
1302.77,1289,1,1035,333,236,0,5,1,2,1,0,0,6,36.0,4,41.3,20.5,50.8,12.3,33716.96,12138.11,427163.0,0.64,15,3.7,20.1,46.8,0.0,1,2,6
1716.8,1188,2,1014,489,303,1,5,3,3,0,1,8,7,64.2,10,59.9,38.5,18.6,23.5,34009.33,21833.99,142433.85,0.63,23,4.0,44.4,33.0,0.0,1,0,13
364.06,725,1,1184,270,244,0,9,2,7,1,0,0,7,69.1,12,46.7,37.9,10.5,24.3,12403.0,8570.47,38118.88,0.43,21,3.1,52.7,37.3,0.0,1,4,5
1289.73,4764,2,22,7,44,0,6,3,2,1,0,0,1,95.4,0,83.1,82.5,81.5,43.9,42178.52,40238.31,534923.49,0.33,13,7.8,74.1,98.1,0.0,0,0,11
397.16,379,2,95,328,94,0,12,2,3,0,1,5,0,62.1,24,21.5,17.0,46.1,22.1,12370.88,7682.32,96779.01,0.58,12,2.4,36.6,49.9,0.0,1,5,14
1325.62,1128,3,1198,438,97,0,4,5,7,1,0,0,8,30.0,14,36.1,61.0,51.4,33.3,23418.95,7025.69,54363.66,0.69,18,3.7,26.0,39.7,0.0,1,13,14
1542.24,3213,2,666,668,48,1,9,2,5,1,1,11,0,10.5,6,3.2,18.7,33.7,15.3,60265.99,6327.93,1183261.01,0.45,19,2.1,34.9,32.1,0.0,1,13,3
1564.71,848,3,107,668,72,0,10,5,8,0,0,0,8,13.2,20,0.3,20.6,17.6,28.5,11912.64,1572.47,216819.03,0.71,26,2.2,23.8,53.6,0.0,1,1,14
651.22,2056,2,11,76,31,0,3,0,0,1,0,0,2,54.6,32,94.4,91.7,62.2,76.7,4536.6,2476.98,31040.37,0.51,5,6.8,61.3,68.9,0.0,1,14,6
1663.22,5000,1,576,329,384,0,3,3,2,1,0,0,8,64.2,11,59.6,35.2,51.9,23.7,50940.28,32703.66,568104.19,0.49,10,3.2,57.9,49.8,0.0,1,5,8
1863.32,5000,5,65,11,59,0,7,1,4,1,0,0,1,87.4,0,53.4,83.3,98.5,55.8,34437.49,30098.37,74860.61,0.68,34,5.5,85.8,85.0,31.1,1,12,13
292.73,494,4,403,71,126,0,12,5,6,1,0,0,2,97.6,0,57.2,61.1,47.8,76.6,10452.39,10201.53,75799.52,0.49,21,4.8,46.1,68.8,86.2,1,11,10
380.28,1506,5,105,78,23,0,0,3,2,1,0,0,2,89.4,0,59.2,83.1,46.4,57.5,6750.29,6034.76,130162.96,0.33,14,4.9,80.4,80.2,57.1,0,5,2
231.85,757,2,21,46,5,0,1,2,0,1,0,0,2,61.7,29,40.6,89.6,80.6,79.3,5711.64,3524.08,45202.78,0.59,21,6.3,84.2,69.5,0.0,0,12,0
1778.9,1420,5,64,67,49,0,3,3,3,0,0,0,0,88.3,0,54.0,89.7,53.7,53.0,56268.46,49685.05,326050.81,0.47,5,6.0,89.5,89.9,66.0,1,12,9
1070.33,1491,3,173,357,154,0,9,1,6,0,1,14,1,51.8,36,47.5,25.8,51.7,20.6,9428.81,4884.12,69218.42,0.5,22,2.5,57.4,44.1,0.0,0,12,7
773.98,1833,3,513,211,125,0,6,2,3,0,0,0,6,55.4,8,0.6,61.0,50.7,10.5,34794.32,19276.05,159004.06,0.38,19,3.6,38.7,36.8,0.0,1,13,7
964.66,1102,3,579,697,165,0,5,1,5,0,1,7,6,68.2,18,44.3,25.8,49.6,2.5,32323.0,22044.29,563247.75,0.81,8,2.5,18.6,28.0,0.0,1,7,1
467.44,1776,4,47,54,21,0,3,2,3,1,1,8,2,57.0,31,69.4,68.8,64.0,87.1,15771.2,8989.58,207279.32,0.46,9,6.3,87.6,63.6,69.0,0,5,7
1562.27,3468,5,21,67,18,0,6,0,4,1,0,0,1,63.2,8,90.0,70.7,78.8,79.9,20421.31,12906.27,274947.91,0.63,6,7.2,90.1,77.0,81.9,1,12,14
1338.63,4865,0,498,169,234,0,12,2,3,1,1,10,3,52.7,25,52.4,33.4,41.4,24.7,25735.95,13562.85,262338.68,0.59,11,3.4,47.7,44.3,0.0,1,9,0
410.73,584,2,90,707,223,0,6,3,3,1,1,11,2,64.5,16,59.8,59.2,22.3,30.3,17384.51,11213.01,300797.77,0.75,12,1.9,54.6,39.9,0.0,1,10,13
1430.88,1917,5,108,87,10,0,7,3,3,0,1,7,0,60.7,22,75.5,97.2,65.0,91.6,55941.78,33956.66,474697.61,0.59,12,6.3,69.0,92.5,90.1,0,12,0
485.65,934,3,77,14,47,0,4,2,1,1,0,0,1,54.4,11,85.4,58.6,83.6,24.2,2787.31,1516.3,42139.94,0.68,3,5.1,99.5,73.3,0.0,1,13,13
1827.87,2335,5,172,15,46,0,8,0,5,1,0,0,2,82.3,0,65.3,99.5,63.3,52.7,57568.16,47378.6,482851.94,0.56,12,5.7,56.7,73.0,82.5,1,12,10
1720.01,2932,3,615,694,187,0,10,4,4,0,1,3,8,28.6,26,19.8,63.3,42.6,1.2,39275.82,11232.88,513948.23,0.32,10,3.6,26.6,41.8,0.0,1,7,11
703.33,2131,5,19,36,38,0,2,0,3,1,0,0,2,56.6,22,58.4,65.1,93.5,78.1,33393.61,18900.78,595164.25,0.67,15,4.8,86.1,84.6,54.0,0,8,6
1002.34,2240,2,392,566,215,1,8,2,8,1,0,0,3,14.9,33,46.9,39.0,15.7,26.5,2475.53,368.85,33029.28,0.37,3,2.8,34.1,52.6,0.0,1,1,2
1561.24,1496,1,352,413,382,0,4,5,5,1,0,0,4,53.3,13,24.5,39.2,25.1,5.1,17920.83,9551.8,174342.74,0.67,17,3.1,12.6,26.7,0.0,1,7,1
155.25,131,2,99,60,50,0,0,1,3,1,1,14,0,64.4,1,85.6,74.2,55.8,62.9,5438.72,3502.54,37993.78,0.45,12,7.2,100.0,85.3,0.0,1,14,9
1026.95,1957,4,171,29,5,0,5,0,2,1,1,2,0,62.1,22,71.0,73.9,67.1,99.2,41531.72,25791.2,722551.44,0.45,3,4.4,73.3,68.2,70.5,1,14,3
439.94,1134,3,349,104,363,0,6,2,1,0,1,4,3,16.8,24,25.2,51.8,13.2,6.2,12773.56,2145.96,178145.03,0.78,31,1.7,24.6,26.3,0.0,1,3,1
1304.42,4135,3,102,72,28,0,5,2,1,1,0,0,2,96.6,0,90.5,75.7,99.5,69.2,62340.55,60220.97,309081.25,0.79,17,6.7,71.1,72.9,0.0,1,10,1
659.19,1526,3,85,16,33,0,10,3,4,1,0,0,2,56.2,3,49.8,74.2,59.8,24.8,28833.68,16204.53,125588.74,0.43,17,5.1,68.5,86.3,0.0,0,9,5
162.89,241,2,557,405,381,1,11,4,5,1,1,7,4,18.1,3,51.0,31.7,39.6,4.6,5677.53,1027.63,28303.24,0.63,23,2.2,46.9,51.3,0.0,1,1,10
1312.24,2259,0,502,125,243,0,8,4,8,0,0,0,7,69.4,25,58.5,43.5,17.7,15.4,57742.43,40073.25,986319.21,0.5,22,3.5,28.3,54.9,0.0,1,5,7
1971.3,5000,0,823,341,305,0,12,3,3,0,1,2,0,69.7,30,43.8,34.6,49.0,34.4,92199.14,64262.8,1293401.57,0.49,16,1.8,51.0,57.3,0.0,1,9,8
1027.97,1766,2,67,60,58,0,3,0,4,0,0,0,0,97.4,0,94.4,61.8,84.1,68.2,17715.85,17255.24,122771.16,0.5,9,7.9,83.6,90.4,0.0,1,14,3
1266.68,855,4,115,56,59,0,4,3,0,1,0,0,1,81.4,0,51.3,84.8,66.9,83.3,40845.6,33248.32,493032.01,0.48,21,7.2,81.2,93.8,76.9,0,12,11
633.67,359,2,617,129,342,1,11,5,8,0,0,0,8,48.6,3,14.5,51.0,23.8,18.4,30244.72,14698.93,255640.38,0.52,13,2.3,59.6,26.3,0.0,1,7,8
384.71,688,2,905,419,294,1,10,4,1,1,0,0,6,57.2,18,0.4,43.0,42.4,15.7,7921.96,4531.36,125654.95,0.42,13,2.1,34.3,22.0,0.0,1,0,12
1101.82,2517,5,36,53,4,0,1,0,5,1,0,0,1,66.6,34,57.5,80.2,93.2,63.8,41495.98,27636.32,300703.87,0.38,3,6.1,68.0,63.9,86.8,0,11,9
1529.68,4211,2,153,22,52,0,3,3,4,1,0,0,1,52.0,26,45.0,98.5,90.7,56.3,18284.18,9507.77,215726.76,0.53,3,6.1,75.8,93.8,0.0,0,14,8
1815.75,5000,2,465,276,302,1,6,3,1,1,1,15,0,56.4,23,75.3,59.4,20.1,15.0,49592.66,27970.26,888792.36,0.74,8,2.6,21.7,22.2,0.0,0,2,1
515.08,383,0,771,339,176,0,7,3,6,1,1,1,2,65.0,33,42.2,39.8,54.0,26.8,8371.63,5441.56,73302.18,0.36,9,3.0,29.6,21.2,0.0,1,6,11
873.17,3431,2,22,67,37,0,4,0,3,1,1,4,1,93.0,0,69.3,70.1,83.3,27.8,41004.04,38133.76,251891.73,0.33,10,6.4,88.3,96.6,0.0,1,13,11
1428.27,892,5,411,102,253,0,3,4,1,1,0,0,1,87.0,0,93.9,66.9,48.9,99.7,51455.21,44766.03,604867.26,0.72,16,4.6,17.8,45.7,68.2,1,0,14
1524.32,1093,2,631,587,98,1,2,5,7,1,1,2,3,11.3,8,9.3,18.2,33.8,12.7,10955.63,1237.99,146788.75,0.69,8,2.6,20.0,30.7,0.0,1,4,4
33.49,59,4,11,89,12,0,8,0,0,0,0,0,0,68.4,19,67.2,87.1,76.6,76.2,869.83,594.96,16473.78,0.52,4,5.1,67.0,60.6,37.7,0,3,6
268.89,777,2,233,174,371,1,5,1,1,0,1,4,0,73.7,27,38.9,64.0,35.6,32.6,12928.63,9528.4,182204.54,0.74,30,3.1,26.5,43.6,0.0,1,9,1
1240.16,1133,5,112,15,36,0,4,0,0,0,0,0,1,59.3,7,88.9,73.8,56.5,61.5,13432.79,7965.64,213193.82,0.62,5,5.9,79.6,70.5,64.6,1,7,4
245.9,242,0,670,534,331,0,10,5,5,0,1,12,5,47.2,7,48.0,49.1,23.1,29.2,11799.62,5569.42,35034.2,0.73,16,3.0,13.9,32.5,0.0,1,1,4
1652.63,1217,4,163,48,56,0,1,1,0,0,0,0,0,67.6,19,99.8,91.1,64.2,97.5,80072.87,54129.26,713844.66,0.49,11,6.3,61.3,89.4,70.8,1,11,3
347.15,869,5,155,49,60,0,2,0,3,0,0,0,2,87.1,0,77.0,94.2,88.7,62.0,11017.69,9596.41,78328.85,0.29,6,5.7,76.0,92.4,57.9,1,2,2
818.41,2672,2,166,4,21,0,8,0,1,1,0,0,0,58.7,36,41.2,61.5,55.8,63.7,15190.32,8916.72,273474.33,0.34,8,5.4,96.2,94.6,0.0,1,5,11
1452.83,2888,2,425,367,350,1,6,5,3,1,0,0,7,13.8,28,30.8,63.0,26.7,12.8,68546.01,9459.35,1235713.79,0.78,14,3.0,46.1,43.3,0.0,1,1,1
1166.07,2406,3,1194,370,279,0,12,4,4,1,0,0,8,36.6,22,24.7,57.8,49.2,23.2,48083.09,17598.41,531163.85,0.47,13,1.9,19.0,38.6,0.0,1,9,9
95.29,269,0,194,670,392,0,8,3,3,1,0,0,5,65.4,25,4.4,47.4,12.3,38.1,2519.9,1648.01,5084.62,0.39,15,2.2,12.6,22.4,0.0,1,3,7
1250.64,3956,5,78,45,21,0,5,1,3,0,0,0,2,66.3,21,84.6,96.0,94.4,89.6,11903.01,7891.7,79625.12,0.57,10,5.3,64.4,69.0,71.2,1,10,14
703.75,422,1,440,684,190,0,12,1,1,1,0,0,5,26.1,13,25.4,32.7,48.1,24.2,15418.89,4024.33,277711.91,0.52,5,2.5,44.0,67.6,0.0,1,6,8
1808.74,4125,2,93,50,26,0,12,3,6,1,1,11,1,57.6,21,89.3,95.5,72.7,38.0,52353.59,30155.67,801655.39,0.42,2,4.7,94.0,80.7,0.0,0,7,7
339.06,564,1,591,424,136,0,5,1,1,1,0,0,3,22.6,7,50.3,45.6,38.0,26.4,5821.72,1315.71,20431.86,0.51,22,3.4,56.5,60.4,0.0,1,14,7
139.96,471,3,118,399,200,0,6,2,2,0,1,14,6,65.7,18,44.7,26.0,46.2,2.8,1968.59,1293.36,10377.99,0.65,26,3.1,47.6,25.1,0.0,1,0,8
428.57,1676,3,544,437,43,0,7,4,2,1,0,0,1,72.7,34,41.0,67.4,49.9,14.3,9867.24,7173.48,157132.99,0.28,9,5.4,52.6,29.5,0.0,1,8,2
1483.33,1648,3,780,324,299,0,5,1,6,0,0,0,5,69.8,5,18.9,62.6,51.2,22.8,37911.35,26462.12,737149.25,0.54,22,4.3,37.3,43.3,0.0,1,8,6
787.8,2694,3,975,396,267,0,12,4,2,0,1,3,8,66.9,13,20.6,53.3,30.3,14.8,31833.44,21296.57,479963.96,0.62,6,2.9,40.7,39.1,0.0,1,8,13
751.94,2732,4,89,67,51,0,6,3,3,1,0,0,1,51.6,33,53.2,72.7,67.5,63.1,4941.59,2549.86,31060.76,0.53,20,6.2,81.6,95.2,72.7,1,1,0
1910.93,2862,4,35,44,56,0,8,0,3,1,0,0,1,76.6,18,55.8,89.5,77.5,74.1,24211.0,18545.63,70955.88,0.6,21,6.5,62.6,76.6,44.3,0,7,4
1552.65,5000,2,129,79,52,0,4,2,4,0,0,0,1,74.0,20,45.7,74.8,51.3,35.0,62310.97,46110.12,709137.89,0.35,10,5.2,93.9,97.0,0.0,1,13,2
467.94,301,1,527,175,399,0,7,5,7,1,0,0,1,78.2,35,44.1,51.1,41.4,18.2,22068.04,17257.21,227641.62,0.46,2,3.7,10.0,44.3,0.0,1,6,12
396.44,445,2,71,60,7,0,3,3,4,1,0,0,1,89.0,0,85.7,74.7,77.8,53.3,16991.08,15122.06,51120.61,0.42,5,5.1,93.9,91.0,0.0,1,11,7
106.86,174,2,695,179,250,1,6,5,6,1,1,11,1,63.3,24,9.0,63.3,33.7,27.4,302.14,191.25,4512.27,0.65,16,2.6,35.1,20.8,0.0,1,9,10
1574.11,1080,2,695,262,399,1,2,4,1,1,1,6,1,63.3,21,38.5,28.9,21.4,6.5,23450.81,14844.36,253170.24,0.32,14,2.3,57.7,58.1,0.0,1,6,2
585.38,1562,2,668,644,173,1,3,3,2,0,0,0,0,37.6,34,8.7,52.3,34.8,15.9,20764.04,7807.28,252761.21,0.66,29,2.9,42.7,48.9,0.0,1,3,4
112.18,387,2,376,600,31,1,5,3,2,1,0,0,0,39.4,24,2.7,19.6,39.5,38.2,3174.26,1250.66,34702.18,0.57,23,1.3,39.1,43.1,0.0,1,1,14
1690.38,3667,5,137,44,47,0,7,1,2,0,1,15,2,90.1,0,91.2,78.0,55.4,80.2,55238.17,49769.59,1039830.88,0.48,7,5.7,55.0,84.4,81.4,0,6,0
757.49,896,5,83,42,35,0,4,5,6,0,1,8,2,67.8,15,86.2,64.2,72.4,72.4,7532.58,5107.09,77139.3,0.64,3,5.7,79.4,74.7,39.2,0,12,8
134.44,102,4,103,0,33,0,3,1,8,1,1,9,0,62.7,33,93.8,92.7,64.8,98.2,5393.15,3381.51,78837.63,0.7,14,4.1,97.0,74.5,60.1,1,8,13
276.88,481,1,261,327,393,0,9,3,6,0,0,0,4,67.6,17,15.5,24.5,12.4,32.6,12042.48,8140.72,236143.71,0.48,20,2.1,49.9,67.0,0.0,1,6,7
1237.23,2045,3,682,154,199,0,10,4,5,0,1,3,6,68.1,25,59.6,32.5,17.8,6.6,39401.66,26832.53,502985.44,0.38,11,4.2,34.2,34.3,0.0,1,11,2
1926.34,5000,4,116,3,36,0,7,1,2,1,0,0,2,51.4,2,52.3,88.8,84.6,90.5,82606.41,42459.69,905496.24,0.35,4,5.6,76.6,70.3,65.5,1,6,2
74.88,291,4,42,68,19,0,2,2,4,1,0,0,1,85.1,0,57.6,57.8,52.3,63.8,1432.3,1218.89,10249.89,0.7,28,5.4,76.6,70.3,37.4,1,4,14
470.69,875,2,41,51,14,0,2,1,5,1,0,0,2,81.3,0,78.2,97.3,85.1,45.5,11548.36,9388.82,77097.57,0.53,18,6.3,83.8,70.7,0.0,1,3,7
503.21,1539,2,1125,248,294,1,7,1,2,0,1,13,8,55.2,36,50.7,18.2,39.4,5.7,20906.66,11540.48,294115.11,0.74,19,3.3,39.2,29.4,0.0,1,0,13
1728.65,2970,2,117,12,20,0,5,2,4,1,0,0,1,54.1,21,95.7,60.5,52.8,41.3,81501.55,44092.34,941752.77,0.53,15,4.8,86.2,62.0,0.0,0,10,8
237.97,392,2,83,63,19,0,2,3,1,1,1,1,1,81.4,0,58.0,61.1,81.8,50.5,3138.85,2555.02,39233.03,0.77,32,4.6,65.5,69.5,0.0,1,10,1
1926.28,1870,2,966,631,39,1,2,2,4,1,1,3,0,61.5,24,0.7,32.6,45.7,35.9,76673.32,47154.09,615266.62,0.59,23,2.5,39.4,61.8,0.0,1,0,6
1328.94,2683,0,330,556,137,0,4,2,3,1,1,3,3,41.3,31,42.9,58.7,15.5,25.9,15481.3,6393.78,125474.17,0.57,26,2.7,39.8,65.2,0.0,1,5,14
860.62,2681,3,15,75,9,0,8,0,1,1,0,0,0,61.2,1,59.6,64.1,72.2,59.4,40487.73,24778.49,728354.17,0.52,13,4.7,78.8,93.2,0.0,1,13,9
1466.93,5000,3,818,412,98,0,2,1,6,0,0,0,4,21.2,5,28.6,39.9,42.7,19.9,68090.52,14435.19,763931.14,0.58,13,3.3,37.8,50.3,0.0,1,14,6
39.69,86,1,326,615,346,0,7,2,2,1,0,0,1,43.5,11,45.6,49.5,21.1,1.1,1878.98,817.36,22778.58,0.73,16,4.6,54.8,53.3,0.0,1,6,4
615.73,317,5,15,73,27,0,6,3,0,1,0,0,1,86.5,0,86.2,84.9,89.4,80.5,19206.65,16613.75,109071.97,0.33,4,6.3,95.3,84.1,63.3,0,2,2
1992.57,5000,1,305,537,379,0,3,3,4,0,1,5,1,35.5,12,2.2,20.6,48.5,1.2,60834.08,21596.1,246921.46,0.48,13,1.8,11.3,36.6,0.0,1,7,8
1121.64,2796,2,808,474,150,1,2,1,3,0,1,3,8,55.3,10,49.4,42.8,38.4,10.9,43266.48,23926.36,768732.79,0.59,19,1.9,38.2,25.1,0.0,1,7,4
796.55,1544,2,66,37,44,0,0,2,3,0,0,0,2,64.0,21,50.0,98.6,78.8,25.5,9938.87,6360.88,190810.01,0.39,10,5.7,68.4,98.7,0.0,1,6,11
1561.49,5000,2,71,18,6,0,6,2,2,1,0,0,1,94.6,0,51.4,80.7,55.8,44.4,11741.68,11107.63,25735.74,0.71,14,5.8,97.3,68.2,0.0,1,0,4
1366.53,2148,3,289,209,67,0,4,2,2,1,1,5,3,37.7,33,45.8,22.0,28.1,20.2,50231.76,18937.37,897735.78,0.56,24,3.0,17.1,33.2,0.0,1,13,14
574.49,1534,2,91,77,0,0,0,0,1,0,1,10,2,89.4,0,45.6,59.1,69.1,73.4,22258.23,19898.86,360696.45,0.6,18,4.7,69.0,87.5,0.0,0,14,10
1028.31,2624,0,809,149,243,0,5,4,7,1,1,4,4,43.9,13,32.2,20.7,15.3,12.4,42424.12,18624.19,375205.72,0.44,4,2.0,13.6,22.7,0.0,1,10,11
861.42,2842,0,230,111,261,0,8,1,7,1,1,7,0,63.8,35,38.6,30.8,50.2,33.3,730.85,466.28,13662.88,0.53,3,4.0,34.4,29.0,0.0,1,14,9
571.16,1171,0,1163,88,217,0,8,2,5,1,1,7,3,66.8,35,32.6,29.6,50.3,12.5,24176.07,16149.61,472426.15,0.72,3,3.2,49.5,48.1,0.0,1,13,4
80.87,108,3,93,65,48,0,7,1,2,0,0,0,1,72.5,13,74.5,55.4,92.6,66.9,3603.24,2612.35,19026.36,0.68,13,6.0,59.1,63.5,0.0,0,11,6
913.35,2262,5,163,42,30,0,2,0,5,1,0,0,2,80.8,0,73.3,67.0,54.1,76.6,12997.51,10501.99,198443.33,0.52,12,5.0,87.6,60.2,63.6,1,3,10
360.19,839,3,162,535,103,0,11,5,2,0,1,3,1,72.4,28,39.9,59.0,31.6,28.7,11678.65,8455.34,142409.11,0.48,6,3.3,22.7,61.6,0.0,1,9,12
122.42,299,2,258,492,342,1,11,2,2,0,1,14,7,33.3,1,6.9,41.6,52.4,23.5,2073.55,690.49,20517.7,0.45,4,2.8,15.6,43.4,0.0,1,10,11
1765.75,1499,0,585,230,333,0,7,5,8,1,1,15,8,68.5,12,3.4,56.6,54.1,11.7,85169.33,58340.99,1552016.34,0.51,11,4.6,43.1,58.8,0.0,1,1,0
1646.49,2295,0,486,538,283,0,7,5,6,0,1,2,8,36.8,10,30.2,52.5,21.7,4.4,35027.31,12890.05,447158.5,0.72,3,3.2,42.3,61.2,0.0,0,9,1
490.86,1854,3,367,485,243,0,8,5,5,1,0,0,5,41.3,17,40.1,33.9,30.3,39.5,23088.83,9535.69,158030.55,0.42,10,2.7,38.3,32.5,0.0,1,1,11
118.34,64,2,158,118,335,0,3,2,1,1,1,8,0,52.4,15,5.6,55.2,20.3,16.2,4651.4,2437.33,42195.86,0.36,13,3.3,54.8,69.9,0.0,1,3,7
1118.51,1509,5,14,63,5,0,4,4,5,1,1,9,1,87.1,0,68.6,94.5,99.4,53.1,43338.6,37747.92,782444.71,0.39,15,5.2,68.9,87.3,64.6,0,4,7
29.03,64,4,133,60,5,0,3,2,2,1,0,0,0,83.8,0,40.9,73.6,79.1,53.6,323.3,270.93,3191.31,0.4,4,5.8,56.3,85.2,89.6,1,3,12
1868.75,2901,1,734,697,380,0,10,4,6,0,1,13,2,88.3,0,71.7,58.8,23.2,0.2,25134.18,22193.48,287860.31,0.46,8,3.7,30.8,65.4,0.0,1,14,3
889.95,568,1,736,322,244,0,9,2,7,0,0,0,7,56.3,23,44.6,18.9,13.9,19.1,673.28,379.06,1663.61,0.66,22,1.9,28.4,57.5,0.0,1,5,14
1656.48,4569,0,215,538,217,0,10,1,6,0,1,3,0,79.0,28,24.0,28.8,26.2,18.5,5238.35,4138.3,96833.17,0.4,5,4.0,43.2,55.6,0.0,1,6,9
1483.59,5000,2,10,88,28,0,1,2,1,0,0,0,1,55.9,11,66.0,97.1,63.8,68.3,61442.33,34346.26,596124.41,0.66,3,5.4,58.1,94.1,0.0,1,14,1
978.47,2506,3,73,76,24,0,5,3,1,0,1,7,0,85.7,0,49.9,95.2,64.1,70.0,43366.53,37165.12,671085.31,0.57,9,6.0,56.7,74.4,0.0,1,12,0
1757.76,4121,2,17,75,37,0,4,1,1,1,0,0,2,66.4,2,56.5,71.2,73.2,64.3,6009.91,3990.58,100597.85,0.47,9,6.4,73.8,76.1,0.0,1,2,7
1378.59,1736,5,77,35,17,0,5,3,1,1,0,0,2,55.6,6,66.9,77.5,50.8,99.0,30315.03,16855.16,274492.78,0.76,25,5.7,77.2,95.9,85.0,0,1,1
147.72,127,5,99,85,0,0,1,2,2,1,0,0,2,85.8,0,87.4,92.8,97.1,95.9,669.4,574.35,8863.04,0.51,10,7.8,59.1,65.6,66.2,0,14,12
813.29,3221,2,959,318,399,1,3,4,3,1,1,11,2,62.5,14,17.0,27.7,17.4,29.5,32422.73,20264.21,558766.43,0.34,10,1.5,52.5,39.3,0.0,1,4,2
197.85,686,2,15,57,22,0,0,3,0,0,0,0,1,88.4,0,77.8,83.7,85.8,67.0,2474.47,2187.43,6698.79,0.43,18,6.0,76.6,98.4,0.0,0,11,3
1880.4,5000,2,691,614,144,1,5,5,7,1,1,13,1,58.5,21,75.4,59.6,32.0,24.0,89024.52,52079.34,1103491.49,0.34,12,3.4,15.2,38.4,0.0,1,3,5
1096.55,847,3,748,563,365,0,9,2,2,0,0,0,2,79.3,17,53.5,54.0,43.4,29.6,2435.75,1931.55,41705.4,0.41,2,4.1,47.9,29.4,0.0,1,10,0
1811.56,1638,1,500,570,96,0,8,3,7,0,1,11,3,25.2,5,2.0,34.9,15.9,3.2,80006.57,20161.66,301841.1,0.61,27,3.0,25.3,32.9,0.0,1,6,14
856.09,1241,4,95,73,31,0,7,0,2,1,1,2,2,53.7,6,54.7,92.9,84.5,69.1,10889.38,5847.6,25392.75,0.45,20,7.2,96.6,92.1,93.5,0,12,2
826.08,1452,4,75,54,2,0,3,3,3,1,0,0,1,86.3,0,58.5,59.3,60.0,78.5,7033.42,6069.84,93869.64,0.53,11,6.8,60.7,82.5,63.0,1,10,10
334.19,1020,2,145,18,36,0,1,2,3,1,0,0,1,82.2,0,76.7,85.2,67.1,50.7,2729.26,2243.45,50504.33,0.45,6,6.1,57.4,80.9,0.0,0,6,2
1372.64,3614,5,53,16,54,0,5,3,3,1,0,0,1,96.5,0,74.4,72.7,77.7,50.8,8038.74,7757.38,87357.09,0.6,25,7.1,70.5,91.1,97.2,0,14,10
231.57,473,4,165,41,54,0,4,1,5,1,0,0,1,80.2,0,59.1,78.2,82.6,58.8,8407.98,6743.2,90104.84,0.44,7,5.7,57.3,71.3,82.4,1,8,5
1722.78,5000,3,166,68,50,0,0,2,4,1,0,0,1,73.2,33,83.0,88.4,58.5,59.2,78228.08,57262.95,1550835.15,0.29,6,6.4,78.4,67.2,0.0,0,8,2
677.64,906,0,1020,645,256,0,6,4,8,1,0,0,1,12.8,36,41.2,50.7,39.4,0.8,26057.71,3335.39,403872.3,0.43,7,1.9,27.3,65.1,0.0,1,1,12
1139.11,1710,0,1128,533,309,0,10,5,7,1,0,0,8,29.6,28,11.8,39.6,17.0,3.2,17660.17,5227.41,248550.64,0.7,13,3.0,49.8,26.6,0.0,1,1,4
557.69,1639,5,102,3,53,0,0,0,3,0,0,0,2,87.0,0,90.7,88.6,74.5,93.2,26762.6,23283.46,447405.11,0.4,14,5.8,57.1,69.7,66.7,1,9,3
690.49,1515,3,61,86,4,0,3,0,0,1,0,0,1,99.8,0,48.7,97.2,85.4,34.4,14813.85,14784.22,39565.07,0.49,13,5.1,77.4,92.9,0.0,1,8,9
936.93,2140,4,24,8,46,0,8,0,5,1,0,0,1,79.7,17,93.4,63.0,51.6,74.2,11701.85,9326.37,195618.39,0.39,19,5.6,95.8,77.7,78.9,0,4,3
1181.74,2908,2,59,26,60,0,2,1,4,0,0,0,1,75.9,26,60.0,75.8,84.2,39.8,36364.38,27600.56,431948.6,0.71,25,4.3,74.2,77.2,0.0,0,0,14
330.21,1184,4,143,35,18,0,3,2,0,1,0,0,0,78.0,33,99.2,75.7,83.9,94.6,7752.87,6047.24,81613.42,0.63,30,5.5,70.7,75.7,97.7,1,13,8
34.05,22,3,17,72,14,0,0,0,2,0,0,0,2,70.6,32,62.9,73.4,46.3,73.0,1285.12,907.29,19609.83,0.41,13,5.9,82.6,70.7,0.0,0,9,0
381.97,1075,3,768,396,252,0,7,4,5,1,1,9,4,20.3,34,49.5,19.4,38.2,16.4,13269.4,2693.69,156859.1,0.68,14,2.9,21.8,45.6,0.0,1,6,13
1285.71,3238,4,54,55,54,0,2,3,2,1,0,0,1,54.3,23,61.0,61.3,99.5,53.5,37575.36,20403.42,690034.9,0.47,5,7.2,96.6,89.7,97.6,1,7,12
1501.25,3248,2,984,305,32,1,12,5,4,0,1,11,3,28.0,36,48.5,25.1,19.4,18.8,7230.31,2024.49,25231.0,0.6,8,3.0,58.5,40.1,0.0,1,13,6
134.68,104,2,174,35,0,0,7,1,2,1,0,0,1,68.4,22,45.1,79.1,95.8,48.6,2145.76,1467.7,32043.59,0.57,19,4.7,63.8,93.1,0.0,1,0,14
62.76,133,3,68,12,15,0,1,1,5,1,1,9,2,60.2,31,78.9,93.6,86.9,53.2,2878.82,1733.05,53345.36,0.45,14,5.4,80.1,63.1,0.0,1,5,11
114.23,441,3,53,90,21,0,1,2,2,1,0,0,1,96.8,0,70.0,59.4,93.3,38.0,339.84,328.97,2622.35,0.64,16,5.3,97.8,71.9,0.0,1,11,14
1591.54,5000,3,157,67,40,0,4,1,2,0,0,0,2,78.3,28,93.3,91.5,71.9,29.4,52406.58,41034.35,590935.89,0.46,5,6.3,73.7,83.3,0.0,0,2,10
1650.05,3690,3,160,83,32,0,7,1,7,1,1,15,0,61.5,31,55.5,66.0,76.8,33.6,78298.19,48153.39,1390652.28,0.54,5,5.3,77.7,95.5,0.0,1,9,10
488.76,1608,2,173,71,47,0,7,3,0,1,1,10,1,69.4,3,99.1,91.1,95.1,35.8,1408.54,977.53,16381.71,0.64,32,5.3,55.6,84.8,0.0,0,14,4
107.3,56,0,926,315,121,0,2,1,7,0,1,2,8,46.8,2,12.8,22.2,19.8,25.4,964.56,451.41,4511.11,0.52,5,4.0,30.1,42.1,0.0,1,4,6
1414.1,3219,4,45,12,13,0,5,5,5,0,0,0,0,65.0,26,72.0,83.0,91.5,93.6,40330.53,26214.84,308631.48,0.6,24,4.9,79.9,93.6,32.3,0,12,8
1231.82,4868,2,85,65,2,0,11,4,2,1,1,13,1,86.8,0,85.0,78.1,65.8,67.2,36539.21,31716.03,561080.81,0.56,2,4.2,59.4,90.1,0.0,1,12,0
540.71,2017,3,1073,313,333,0,12,4,4,0,1,9,1,10.3,32,40.3,59.0,50.8,22.9,17808.38,1834.26,196671.9,0.37,8,3.8,42.2,23.6,0.0,1,10,2
1876.3,2796,3,114,8,51,0,3,3,6,1,1,8,0,85.5,0,82.5,74.7,58.5,26.3,65119.5,55677.17,407399.31,0.49,21,5.7,64.4,82.3,0.0,0,10,0
1846.35,2925,5,178,34,34,0,4,0,3,1,0,0,0,79.9,14,66.8,97.5,63.1,79.3,81656.15,65243.26,1461043.23,0.5,18,6.1,86.1,64.2,71.1,1,5,7
1836.35,3512,2,425,62,146,1,5,1,2,1,1,11,3,34.7,8,8.8,18.4,13.7,13.2,17509.18,6075.69,325233.66,0.65,5,3.4,50.6,27.3,0.0,1,13,6
1921.79,1045,1,976,330,224,0,12,1,2,1,1,8,7,21.3,24,20.5,45.5,32.2,36.9,7339.41,1563.29,95067.19,0.3,3,1.4,25.3,34.7,0.0,1,1,2
1136.97,1486,5,61,71,41,0,4,3,2,0,0,0,0,89.8,0,81.3,69.1,45.1,61.9,11938.01,10720.33,204086.57,0.41,6,4.4,59.8,60.9,54.9,1,5,11
1460.53,4804,3,471,214,236,0,8,3,7,0,1,11,1,59.3,5,47.6,16.8,18.3,1.5,49914.75,29599.45,830867.33,0.43,15,4.8,56.4,30.5,0.0,1,2,12
130.08,299,1,1001,212,183,0,4,5,4,0,1,15,1,60.2,30,57.0,45.2,27.7,14.0,5725.84,3446.96,91704.7,0.47,23,3.1,24.7,32.2,0.0,1,3,5
1917.33,3526,2,66,20,45,0,5,0,4,1,0,0,0,73.7,1,98.9,78.1,95.0,22.5,37757.13,27827.0,457155.57,0.49,22,5.1,76.4,85.5,0.0,0,8,10
1413.5,4129,4,832,633,249,0,3,1,8,1,1,14,2,64.6,27,50.9,71.8,46.1,71.4,66795.81,43150.09,798188.89,0.37,14,4.1,38.5,50.2,54.5,1,5,9
310.07,1146,2,119,43,57,0,6,1,0,1,1,9,2,59.3,33,95.3,86.1,96.4,31.6,6087.44,3609.85,17841.78,0.38,4,6.0,72.2,72.7,0.0,1,6,11
1936.37,2694,5,68,69,50,0,6,0,5,0,0,0,2,82.7,0,97.3,82.1,53.6,78.5,55921.98,46247.48,440209.77,0.39,7,6.1,60.2,73.4,85.3,1,7,7
1307.07,2927,2,170,1,13,0,12,1,7,1,0,0,1,63.3,33,43.6,67.4,87.2,71.7,8655.12,5478.69,157714.95,0.43,12,5.2,72.8,89.3,0.0,1,11,0
607.91,1509,2,89,84,18,0,2,3,4,1,1,7,1,92.4,0,62.0,57.6,96.4,60.9,8046.95,7435.38,69964.78,0.32,11,5.2,98.4,61.9,0.0,1,12,11
1692.3,5000,4,130,29,22,0,7,0,3,1,1,3,0,76.1,10,94.5,82.8,80.9,70.4,82030.88,62425.5,1067072.81,0.4,12,5.6,95.2,87.6,72.7,1,9,7
922.13,2273,3,991,201,278,0,2,4,8,0,1,11,5,21.0,32,11.8,64.2,39.3,3.5,29244.81,6141.41,229817.18,0.58,12,3.2,45.0,23.4,0.0,1,5,6
953.75,2497,0,115,286,198,0,3,2,7,1,1,7,8,25.0,11,26.2,17.2,18.0,4.4,1260.2,315.05,14881.9,0.59,4,2.6,29.7,62.6,0.0,1,2,8
1949.08,5000,5,135,3,21,0,0,1,4,1,0,0,1,89.4,0,69.5,99.9,68.7,87.4,94400.36,84393.92,1460027.98,0.72,29,7.0,98.0,72.7,86.1,0,7,14
1182.97,4715,0,1040,195,84,0,5,3,8,0,1,10,5,63.7,12,23.6,33.5,12.3,35.1,23388.87,14898.71,150320.95,0.65,20,2.6,39.6,39.3,0.0,1,5,13
399.09,735,1,642,615,46,0,10,3,1,0,1,15,0,53.1,24,17.6,25.1,13.2,35.6,3826.89,2032.08,28996.05,0.42,12,3.1,20.4,64.7,0.0,1,9,2
1025.42,3361,3,674,91,361,0,6,4,7,1,1,3,1,63.6,32,12.9,55.6,52.7,25.2,18758.85,11930.63,338571.05,0.39,19,3.5,28.4,65.7,0.0,1,12,3
1296.77,4684,4,33,3,29,0,8,3,5,1,0,0,0,61.4,6,99.7,85.8,97.9,73.2,64230.43,39437.48,636598.65,0.55,11,7.8,77.5,81.0,75.3,0,2,12
636.99,2476,0,803,320,42,0,7,2,8,1,0,0,3,69.0,14,20.8,51.7,13.6,23.9,20459.57,14117.1,240567.79,0.44,7,3.3,55.6,61.1,0.0,1,8,11
1880.87,5000,2,784,678,361,1,4,5,2,0,0,0,8,16.8,18,17.1,64.4,36.8,20.6,6204.01,1042.27,33524.55,0.41,16,2.8,15.7,62.4,0.0,1,10,3
828.9,452,5,26,43,0,0,6,3,3,1,0,0,1,54.4,3,88.3,92.7,96.8,94.8,11702.22,6366.01,163589.01,0.34,14,6.1,79.5,65.1,87.3,0,5,11
762.89,1664,2,259,101,95,1,12,4,8,1,1,4,0,90.6,0,46.2,16.6,26.4,13.6,3381.64,3063.77,47379.9,0.43,2,4.0,34.2,64.3,0.0,1,10,7
404.72,1333,5,156,1,43,0,3,2,8,1,1,9,2,57.1,33,54.6,75.4,68.0,50.8,17980.27,10266.73,87373.33,0.55,22,5.7,79.4,69.2,79.3,0,13,6
1884.64,5000,3,155,58,35,0,2,1,7,0,1,3,2,82.7,0,95.4,69.4,56.9,41.0,84930.12,70237.21,1352229.24,0.51,5,4.6,70.2,89.1,0.0,1,12,0
556.65,1855,5,43,24,41,0,0,2,3,1,0,0,1,55.0,10,66.4,96.3,85.5,97.3,21847.49,12016.12,309262.24,0.79,14,6.7,81.2,62.3,55.3,0,1,13
20.85,51,3,619,719,213,0,3,5,8,0,0,0,7,24.5,28,55.1,57.7,27.7,27.7,641.8,157.24,9164.25,0.45,5,3.8,19.9,21.4,0.0,1,10,11
1499.61,896,5,109,66,12,0,5,0,4,0,0,0,2,90.4,0,49.5,97.1,65.6,55.3,51939.75,46953.53,441582.82,0.54,24,6.1,80.8,88.0,33.4,1,6,8
502.09,1378,3,847,62,393,0,12,2,3,1,1,6,3,22.4,22,25.4,27.2,35.5,34.0,8871.51,1987.22,56787.23,0.77,31,3.0,46.9,58.9,0.0,1,10,1
1106.56,2231,2,104,10,19,0,2,3,2,0,1,9,2,90.5,0,41.0,84.1,93.7,54.3,45111.47,40825.88,255785.38,0.73,16,4.7,60.1,85.2,0.0,1,4,4
339.74,832,5,47,82,5,0,2,2,5,1,0,0,0,80.5,0,78.4,73.9,63.9,75.9,11906.03,9584.35,226379.2,0.65,18,6.9,89.8,97.5,61.3,0,11,6
294.99,1089,3,1118,391,348,0,2,3,5,1,1,14,5,32.2,13,6.4,28.9,21.8,36.3,7230.19,2328.12,130365.53,0.35,11,1.6,15.9,28.7,0.0,0,1,2
1606.19,2581,1,471,676,297,0,6,5,5,0,0,0,3,58.8,6,3.4,56.7,17.5,25.5,8050.85,4733.9,153595.61,0.73,23,1.9,41.7,43.3,0.0,1,4,1
824.38,3120,5,77,1,43,0,3,2,1,1,1,1,2,61.8,23,63.0,98.9,54.7,83.7,27325.65,16887.25,516577.47,0.47,16,5.6,58.1,85.4,40.4,1,11,0
217.5,780,3,803,686,144,0,5,5,3,0,1,15,2,32.1,14,50.2,41.7,53.9,28.0,5562.71,1785.63,58582.12,0.62,17,3.2,53.8,21.9,0.0,1,8,13
305.54,1214,2,131,70,11,0,6,1,5,1,0,0,0,91.5,0,52.0,91.4,48.1,78.1,373.32,341.59,6885.52,0.32,5,6.5,78.2,68.8,0.0,0,1,5
1592.8,4129,2,126,89,27,0,1,1,1,1,0,0,1,96.7,0,79.3,98.1,61.3,75.1,33983.8,32862.33,72101.18,0.42,8,6.4,83.7,91.7,0.0,0,11,5
1018.46,1126,5,20,22,46,0,2,2,5,1,0,0,1,76.4,8,78.6,95.4,82.1,54.9,7596.01,5803.35,129207.28,0.42,20,6.0,62.8,72.5,77.3,1,7,2
334.08,1268,3,698,344,88,0,6,4,4,0,1,4,0,36.4,14,28.0,33.5,23.9,37.8,6023.06,2192.39,117098.69,0.58,28,1.4,17.8,69.5,0.0,1,9,10
30.68,101,5,156,86,57,0,3,2,0,0,0,0,0,62.1,25,69.7,81.7,51.2,50.5,300.45,186.58,1127.61,0.5,25,6.1,86.9,89.7,30.6,1,14,5
176.26,212,3,176,184,249,0,6,5,2,1,1,6,8,31.7,32,49.3,37.1,23.7,39.0,1530.92,485.3,5262.17,0.4,6,2.8,19.0,49.7,0.0,1,12,5
1120.75,3653,2,130,13,2,0,12,3,5,1,1,12,0,63.5,14,79.9,80.7,90.5,37.4,16120.2,10236.33,67820.49,0.65,6,4.9,75.7,82.6,0.0,0,8,13
432.78,882,4,23,28,7,0,0,2,2,0,0,0,0,51.6,35,88.9,91.5,67.2,53.4,20420.0,10536.72,183756.12,0.71,35,5.2,61.8,74.2,37.1,1,3,13
1636.74,3024,0,940,542,227,0,9,1,8,0,1,10,6,59.7,5,51.0,61.5,27.7,35.9,11370.77,6788.35,223975.16,0.78,17,2.8,33.3,34.1,0.0,1,8,1
1107.63,2017,3,1041,615,248,0,11,5,5,1,1,15,7,14.1,26,37.7,48.0,48.6,39.2,32631.77,4601.08,275026.16,0.64,11,2.1,43.0,40.3,0.0,1,5,14
1196.15,3285,3,146,52,29,0,6,1,3,0,0,0,2,61.7,2,80.2,84.7,65.5,56.5,27627.64,17046.25,500339.45,0.34,16,7.3,65.7,78.0,0.0,0,13,5
1033.64,2259,3,482,298,114,0,8,3,7,0,1,3,7,44.5,3,49.8,38.3,46.4,6.4,15090.18,6715.13,139418.01,0.43,16,3.2,18.5,31.1,0.0,1,5,12
1895.57,2028,2,191,724,352,1,5,4,6,0,0,0,6,67.8,13,19.7,16.0,37.3,6.4,4460.9,3024.49,62972.66,0.63,10,2.1,59.8,69.4,0.0,1,14,13
1838.82,5000,1,1132,188,337,0,4,4,2,1,1,1,0,78.1,23,56.2,59.0,26.7,0.7,33077.37,25833.43,574319.88,0.36,15,3.3,56.6,39.5,0.0,1,9,7
1543.73,1401,2,1040,481,269,1,6,4,8,1,1,8,2,87.4,0,49.2,26.7,25.0,12.5,75279.02,65793.86,1086229.18,0.68,11,2.7,10.4,33.6,0.0,1,0,6
1799.92,1667,5,120,69,48,0,0,1,5,1,0,0,2,99.8,0,85.1,86.7,52.8,76.7,27850.19,27794.49,348713.56,0.49,11,7.2,59.3,65.5,83.1,1,13,8
1638.85,3178,3,1180,493,336,0,5,1,6,1,1,5,0,19.9,12,23.6,34.3,48.2,1.1,16117.1,3207.3,286163.24,0.45,10,2.8,32.3,38.2,0.0,1,7,11
990.7,3337,2,306,140,293,1,9,5,4,1,0,0,5,24.0,6,7.0,53.3,30.4,39.8,30049.12,7211.79,511134.72,0.7,6,2.6,29.7,35.2,0.0,1,8,4
1077.65,2512,5,77,75,40,0,1,2,1,1,0,0,2,70.8,18,78.7,64.5,85.2,61.5,16441.61,11640.66,268384.95,0.33,14,6.4,88.3,74.5,85.8,0,11,5
1288.82,1723,2,478,728,70,1,12,2,7,1,1,11,2,10.5,20,31.1,23.5,30.2,33.9,9250.94,971.35,58239.43,0.54,21,2.5,54.6,48.0,0.0,1,12,14
1155.58,2002,5,91,15,25,0,3,3,3,1,0,0,0,58.9,13,57.7,62.1,51.9,66.3,26914.24,15852.49,366834.68,0.72,15,6.4,61.8,61.3,71.0,0,11,4
332.87,1064,2,1089,353,267,1,3,2,5,1,1,12,2,81.9,0,40.0,32.2,47.2,8.4,464.12,380.11,6670.98,0.49,12,3.6,42.0,29.6,0.0,1,9,9
1323.24,4902,3,52,32,30,0,0,1,1,1,0,0,2,99.3,0,46.8,80.1,67.3,42.1,9177.49,9113.25,63796.03,0.47,23,5.8,69.5,75.8,0.0,0,3,2
853.7,2481,2,11,5,43,0,9,4,1,1,0,0,1,58.5,27,84.1,80.8,48.7,62.1,31035.37,18155.69,166947.55,0.54,22,4.2,72.8,76.3,0.0,1,11,7
1691.3,2023,1,675,551,101,0,9,5,5,0,0,0,0,22.4,22,33.6,32.9,52.9,0.4,42417.69,9501.56,793536.1,0.77,10,2.5,44.8,32.4,0.0,1,9,4
287.51,1009,3,1070,393,51,0,10,4,4,1,1,5,6,41.0,4,3.1,44.0,49.9,7.8,4005.15,1642.11,54869.06,0.65,24,2.6,47.3,44.1,0.0,1,2,4
1218.42,678,4,149,86,11,0,2,2,1,1,0,0,1,59.3,22,63.9,98.0,53.6,63.9,23564.35,13973.66,387374.85,0.34,1,6.3,77.5,80.5,63.7,1,6,2
928.21,2022,2,15,28,1,0,2,1,1,1,0,0,0,78.7,26,74.0,88.0,61.8,75.3,34883.35,27453.2,109637.62,0.39,7,6.5,86.7,84.6,0.0,1,7,2
198.0,372,2,221,633,131,1,6,4,3,1,0,0,1,54.3,33,41.1,40.7,53.7,9.4,5065.35,2750.49,24223.17,0.38,19,4.2,13.7,56.9,0.0,1,0,2
67.34,143,3,99,45,47,0,7,2,5,1,0,0,0,80.3,0,75.5,64.6,54.3,70.3,2673.59,2146.89,12436.73,0.76,18,5.1,56.6,85.1,0.0,1,13,13
533.46,1583,1,1073,521,39,0,3,2,7,1,0,0,4,17.9,32,33.0,33.7,13.2,10.5,22347.29,4000.16,205637.9,0.82,31,2.0,28.5,53.6,0.0,1,13,1
1335.79,4855,1,1075,134,385,0,9,3,3,1,0,0,0,69.8,11,44.6,37.5,52.4,35.5,11786.71,8227.12,84411.49,0.52,9,2.8,20.3,49.3,0.0,1,1,8
473.89,680,1,1079,597,165,0,5,5,7,0,1,12,3,56.6,27,43.2,22.4,44.0,17.0,14658.7,8296.82,78934.83,0.73,32,1.6,16.8,41.9,0.0,1,10,1
339.62,740,3,1051,328,251,0,11,2,3,0,0,0,8,37.1,19,14.0,34.9,21.2,20.9,5123.87,1900.96,14743.3,0.45,14,3.0,27.1,55.0,0.0,1,3,11
1247.93,1909,5,40,54,16,0,1,1,0,1,1,3,2,56.0,2,68.5,70.0,89.4,81.8,48853.63,27358.03,304072.46,0.47,2,4.5,83.9,77.3,74.6,0,7,0
1679.49,5000,0,561,189,147,0,8,5,6,0,0,0,8,20.1,32,4.4,53.8,39.0,3.8,32557.95,6544.15,181124.25,0.47,9,2.4,24.3,29.7,0.0,1,6,10
1361.28,1719,3,16,46,26,0,4,2,1,1,0,0,1,95.4,0,77.3,84.9,84.9,57.9,28760.98,27437.97,412067.71,0.71,5,6.4,65.7,78.1,0.0,0,4,13
1216.06,2901,2,81,82,11,0,8,3,0,1,0,0,1,50.9,20,97.0,96.6,87.5,74.0,2994.56,1524.23,27553.91,0.5,21,6.5,94.8,88.3,0.0,0,1,9
108.37,410,4,136,25,27,0,0,2,3,1,0,0,0,89.2,0,70.4,86.1,76.7,81.1,4007.95,3575.09,48860.09,0.55,17,5.2,62.0,72.9,86.4,0,1,10
1973.11,5000,3,1093,212,119,0,8,2,1,0,0,0,4,66.9,36,39.1,27.1,19.1,17.5,72599.37,48568.98,1314812.14,0.75,33,1.7,45.5,52.4,0.0,1,4,1
324.0,805,2,137,56,9,0,4,3,0,1,0,0,1,65.4,17,80.4,83.2,90.1,75.7,4947.1,3235.4,25002.34,0.79,27,4.9,83.5,99.3,0.0,1,0,1
581.18,1446,2,69,4,36,0,5,1,4,1,1,5,0,55.4,29,89.3,97.4,93.1,64.0,28927.36,16025.76,517889.83,0.44,11,4.5,62.2,71.7,0.0,0,3,2
1336.98,751,2,265,502,87,1,6,4,3,1,0,0,6,31.7,36,39.8,58.9,29.9,23.7,58220.5,18455.9,572790.81,0.44,7,3.2,41.3,50.1,0.0,1,2,0
1209.36,1467,2,538,628,91,1,9,3,8,0,0,0,7,10.3,28,13.9,43.8,27.7,28.2,15438.75,1590.19,73516.24,0.51,5,2.9,41.5,51.3,0.0,1,13,7
1544.51,1554,5,55,88,26,0,6,5,5,0,1,8,2,77.7,16,71.7,88.8,87.7,99.6,1496.38,1162.69,23130.49,0.38,11,4.5,90.3,98.6,59.3,1,11,7
1993.52,5000,3,98,16,2,0,1,2,4,1,0,0,1,61.3,11,81.6,75.8,51.0,24.2,95029.95,58253.36,1134955.58,0.62,4,5.9,71.6,95.8,0.0,1,2,10
1467.23,4263,2,659,479,389,1,7,2,1,0,1,7,0,75.1,19,1.9,30.3,26.4,16.1,44619.47,33509.22,417090.32,0.41,7,1.9,28.7,66.2,0.0,1,2,11
645.94,1805,0,105,298,243,0,3,2,7,1,0,0,6,49.6,20,44.3,39.2,36.1,6.5,16867.45,8366.26,207116.56,0.62,16,3.2,56.6,56.7,0.0,1,4,13
152.38,400,0,110,387,61,0,6,1,3,0,0,0,0,68.6,16,29.4,37.1,11.5,34.5,6239.65,4280.4,89593.19,0.51,4,2.8,25.6,49.8,0.0,1,3,8
1820.15,4356,5,122,30,54,0,0,3,0,1,0,0,1,84.9,0,92.9,73.1,64.0,88.1,46573.81,39541.16,850254.65,0.53,7,7.9,69.3,95.2,67.2,1,2,0
896.75,3176,3,26,5,43,0,0,1,5,1,0,0,1,82.6,0,81.3,94.4,60.9,27.8,44312.87,36602.43,488492.49,0.44,16,6.3,93.6,99.7,0.0,0,0,11
1736.48,1958,0,900,142,358,0,4,1,8,1,1,5,0,85.8,0,49.9,61.3,24.5,28.6,17191.8,14750.56,305365.88,0.46,10,3.3,54.6,21.7,0.0,1,14,12
1104.12,3400,0,590,343,131,0,7,5,6,0,0,0,5,22.1,3,56.8,17.3,10.1,16.7,17877.82,3951.0,168999.23,0.57,17,3.0,12.3,67.9,0.0,0,2,12
1004.9,1605,2,18,40,38,0,6,1,1,1,0,0,1,86.4,0,55.7,72.8,83.4,65.6,3144.39,2716.75,44185.17,0.63,17,5.9,73.0,67.1,0.0,0,5,8
1521.15,5000,3,132,271,288,0,7,3,7,0,0,0,5,47.6,26,23.3,34.9,31.4,25.9,68345.45,32532.43,1092361.8,0.58,15,3.1,36.3,52.9,0.0,1,10,8
459.74,1066,5,234,123,51,0,10,3,8,1,1,8,0,99.5,0,93.1,92.5,48.7,84.1,18849.77,18755.52,118381.15,0.53,22,5.0,31.5,69.0,65.1,1,13,10
445.55,627,3,119,82,12,0,6,0,0,1,0,0,0,82.3,0,68.0,88.9,77.2,35.8,9912.31,8157.83,117564.36,0.63,3,6.9,98.2,63.8,0.0,1,7,6
898.51,998,3,159,66,28,0,7,0,5,1,1,14,2,92.7,0,67.7,60.3,53.8,26.6,28791.22,26689.46,501909.44,0.47,11,6.4,59.3,68.0,0.0,0,7,5
1264.53,1564,5,81,5,37,0,5,0,0,1,0,0,1,57.1,24,88.0,74.5,83.5,64.3,55237.83,31540.8,336467.81,0.44,4,6.9,98.2,94.5,73.7,1,14,12
576.33,895,2,83,52,53,0,7,2,8,1,0,0,0,75.7,27,46.9,82.4,77.8,24.6,607.89,460.17,5721.94,0.41,11,4.4,99.9,91.0,0.0,1,14,9
479.28,974,1,315,224,373,0,5,3,7,1,1,2,0,51.4,25,47.4,19.5,28.5,17.0,16356.86,8407.43,46330.86,0.58,21,3.5,25.1,56.9,0.0,1,12,0
15.45,29,3,988,186,366,0,9,2,2,1,1,13,1,65.5,36,14.3,60.5,29.8,3.0,643.96,421.79,3434.86,0.46,18,5.0,27.6,47.6,0.0,1,10,3
45.46,129,1,716,569,63,0,12,5,1,1,0,0,0,57.4,26,40.3,23.1,52.1,17.2,1738.54,997.92,10134.0,0.55,24,3.2,43.8,35.1,0.0,1,10,14
647.03,2244,1,1096,712,228,0,6,3,1,0,0,0,7,29.3,17,42.8,15.7,22.3,35.7,15496.43,4540.45,286206.58,0.76,15,1.7,30.1,69.5,0.0,1,7,13
498.53,1795,0,1014,500,390,0,3,1,5,1,0,0,3,30.8,2,2.5,57.5,45.4,4.0,11077.09,3411.74,123758.88,0.68,6,3.6,49.4,47.6,0.0,1,2,14
732.48,2476,5,95,5,32,0,1,0,4,1,0,0,2,61.8,1,79.6,58.6,90.8,67.5,5413.23,3345.38,104672.5,0.47,18,5.8,80.5,91.5,73.6,1,2,9
1219.26,4600,0,496,669,38,0,6,4,7,1,0,0,3,26.9,29,17.7,51.7,48.2,26.6,23951.0,6442.82,221227.14,0.41,13,3.1,50.8,28.3,0.0,1,2,0
763.33,911,5,108,41,32,0,7,2,1,1,0,0,2,77.9,14,75.8,80.4,89.0,51.8,17402.23,13556.34,62105.91,0.57,8,6.6,97.1,69.2,87.5,0,9,0
1929.11,4583,5,125,36,51,0,6,3,4,0,0,0,1,76.3,4,75.0,77.1,70.2,85.9,25801.77,19686.75,480549.62,0.49,6,6.5,56.9,82.9,96.7,1,6,5
958.96,1583,3,1094,648,38,0,10,2,6,0,1,5,0,33.7,25,39.6,51.5,41.9,27.4,38846.72,13091.34,207600.39,0.74,19,3.1,33.2,25.5,0.0,1,3,1
1847.07,5000,5,1198,721,259,0,2,3,6,1,1,13,2,92.4,0,95.4,69.0,48.5,88.3,38905.08,35948.29,178236.53,0.32,10,4.6,13.7,36.1,74.4,1,3,5
1686.91,1152,3,255,492,110,0,2,4,7,1,1,7,4,67.4,20,33.3,15.1,15.7,6.3,27888.37,18796.76,113494.51,0.7,35,2.8,42.8,28.4,0.0,1,7,14
1736.18,1963,2,827,303,333,1,10,2,6,0,1,2,3,14.5,8,43.3,36.7,32.5,8.0,40300.85,5843.62,508707.41,0.54,5,2.9,24.2,31.2,0.0,1,1,6
1317.62,3710,5,71,81,17,0,7,0,3,1,0,0,2,65.6,33,52.9,72.1,65.8,78.8,14889.02,9767.2,180953.6,0.51,13,6.0,61.7,69.1,49.6,1,1,12
1708.32,5000,0,1045,674,248,0,7,4,5,0,1,9,1,46.6,12,12.8,35.4,23.3,27.9,7840.68,3653.76,119073.6,0.67,8,2.1,50.9,56.1,0.0,1,9,8
1821.31,5000,1,164,387,41,0,10,1,2,1,1,3,5,23.9,16,38.4,56.1,32.5,17.4,29137.71,6963.91,539033.33,0.65,21,1.5,32.9,34.4,0.0,1,12,14
62.61,72,1,856,401,159,0,9,4,5,1,1,11,8,15.3,12,4.7,20.9,36.9,15.9,2876.52,440.11,47206.84,0.62,16,4.6,57.0,47.0,0.0,1,10,13
1335.31,3522,2,46,51,3,0,6,3,1,1,1,2,0,62.3,29,58.1,75.3,66.5,22.4,22425.38,13971.01,143547.4,0.71,16,4.0,92.1,78.7,0.0,0,8,14
1373.9,3400,2,1074,572,373,1,12,1,8,0,0,0,3,61.6,13,27.8,37.4,25.5,22.7,31288.63,19273.8,538479.05,0.33,4,2.9,17.8,56.8,0.0,1,5,5
114.05,365,2,152,35,13,0,3,5,5,1,1,14,2,58.6,2,73.1,87.7,46.7,31.2,1182.33,692.85,10208.79,0.7,4,4.8,86.2,94.5,0.0,1,0,6
576.47,1328,3,393,488,234,0,6,2,8,0,0,0,8,59.7,8,9.2,53.8,54.7,3.7,8595.34,5131.42,96084.29,0.51,25,2.9,22.1,24.6,0.0,1,4,9
143.74,222,4,109,80,38,0,0,3,5,1,1,12,1,98.6,0,81.6,64.6,97.5,55.0,6113.36,6027.77,99505.85,0.73,18,5.9,82.5,71.5,76.0,0,11,13
137.33,116,2,31,45,13,0,6,1,5,1,1,6,2,53.9,20,75.2,73.6,87.9,20.6,4144.87,2234.08,47092.44,0.36,14,6.6,83.0,69.7,0.0,0,9,11
612.82,1189,3,180,5,34,0,2,2,3,1,1,3,1,97.3,0,51.7,82.0,74.2,43.7,4590.72,4466.77,62933.4,0.53,15,5.6,59.6,86.3,0.0,1,12,3
867.49,2489,4,47,5,45,0,9,1,6,1,0,0,1,85.3,0,47.9,62.8,98.0,78.0,40669.57,34691.14,795255.12,0.44,16,5.7,60.2,98.9,69.4,0,9,12
797.51,1846,3,1193,700,379,0,2,5,5,0,0,0,1,63.1,30,91.6,58.6,22.2,16.2,4267.41,2692.74,47608.8,0.39,8,3.7,43.8,59.7,0.0,1,2,5
416.0,881,2,232,533,83,1,9,3,7,0,1,1,0,57.8,1,32.6,31.7,18.1,24.6,5907.84,3414.73,13265.2,0.66,25,1.5,41.9,34.6,0.0,1,7,4
597.08,881,3,54,84,54,0,1,3,2,1,0,0,0,92.3,0,99.6,74.1,69.9,50.8,8377.83,7732.74,43881.16,0.77,35,5.4,75.1,61.5,0.0,1,13,13
1331.0,2862,2,778,148,77,1,5,5,6,0,1,9,1,64.4,26,8.3,32.5,40.7,30.4,25113.12,16172.85,376870.57,0.5,14,2.1,52.8,63.2,0.0,1,13,7
925.42,954,5,20,80,5,0,3,2,5,1,0,0,1,60.0,12,40.3,86.2,98.4,75.9,30076.95,18046.17,113719.38,0.53,23,4.5,89.3,91.0,92.9,1,6,9
1663.35,3851,2,160,22,18,0,3,0,1,1,1,3,0,72.0,31,76.2,68.7,88.3,33.6,37858.64,27258.22,609664.38,0.37,2,5.4,78.2,79.3,0.0,0,8,7
154.75,444,2,63,33,37,0,6,0,5,1,0,0,2,82.7,0,53.2,71.3,55.0,60.8,3787.39,3132.17,28303.39,0.47,20,6.2,79.9,67.5,0.0,1,5,5
1069.22,3949,0,465,277,201,0,4,5,4,1,1,10,5,33.4,21,41.3,25.1,36.2,36.0,47420.35,15838.4,599452.92,0.66,23,2.5,59.1,49.2,0.0,1,11,1
877.86,2760,1,628,373,259,0,9,5,4,1,0,0,3,59.5,26,56.8,62.0,11.1,30.9,21924.08,13044.83,396022.02,0.4,15,3.4,44.3,27.2,0.0,1,2,0
184.77,183,5,159,90,56,0,2,0,0,0,1,12,2,58.0,27,54.6,68.6,87.9,73.1,1889.93,1096.16,26475.65,0.53,21,6.7,84.2,95.4,75.0,0,6,10
668.01,1763,2,1137,677,133,1,7,1,8,0,1,2,4,46.0,25,55.4,58.0,22.8,13.5,32329.45,14871.55,644388.8,0.48,8,2.2,22.5,24.3,0.0,1,5,9
773.4,2783,2,190,385,152,1,2,1,6,0,1,15,3,56.9,9,51.6,42.6,17.3,26.0,6783.42,3859.77,116568.81,0.72,27,2.1,42.8,25.7,0.0,1,2,4
1189.04,3464,4,95,35,1,0,4,1,5,1,1,3,0,65.2,34,79.9,58.4,61.1,63.8,43262.06,28206.86,456905.36,0.37,2,4.1,92.8,60.7,73.2,1,11,2
1080.05,2837,2,129,9,39,0,6,0,5,1,1,5,0,77.5,29,52.6,72.6,66.9,63.5,51740.44,40098.84,676574.12,0.39,10,5.1,81.4,74.4,0.0,0,13,2
373.64,1184,3,730,561,222,0,8,4,6,0,0,0,8,69.3,18,58.2,15.3,17.0,7.6,9574.86,6635.38,74730.61,0.51,10,1.9,26.9,62.5,0.0,1,1,9
105.34,70,3,388,716,299,0,10,1,6,1,0,0,0,63.4,29,25.0,61.0,16.3,21.8,2358.06,1495.01,10721.48,0.81,21,4.0,31.7,25.3,0.0,1,9,1
1069.78,2380,4,74,88,6,0,3,2,2,1,1,8,0,86.2,0,65.7,65.1,70.4,62.0,8694.4,7494.57,110738.62,0.43,9,7.0,97.8,65.6,93.0,0,0,12
1465.0,3786,3,165,79,12,0,0,1,4,1,0,0,2,51.6,29,90.5,78.5,70.5,49.6,30872.31,15930.11,560563.23,0.69,7,4.8,75.6,82.9,0.0,1,4,6
955.42,926,2,51,70,50,0,0,3,5,1,0,0,1,94.2,0,73.9,97.9,78.8,24.8,1667.81,1571.08,29092.47,0.64,26,5.2,80.3,90.5,0.0,0,8,8
727.63,1755,4,108,63,53,0,5,1,3,1,1,5,1,55.0,8,52.5,84.4,55.7,57.6,5938.72,3266.3,67343.47,0.68,34,5.4,59.2,79.3,36.0,1,12,6
679.56,1443,3,27,82,31,0,9,4,2,1,1,13,0,65.5,19,85.4,97.8,100.0,23.4,12771.92,8365.61,106049.36,0.39,16,5.2,72.8,71.9,0.0,1,10,12
1896.29,5000,5,159,25,14,0,7,2,2,1,0,0,0,71.4,6,86.9,79.6,97.9,92.4,36792.48,26269.83,444680.13,0.55,25,6.3,70.2,98.2,80.9,1,5,8
437.71,1361,1,122,557,128,0,4,4,7,1,1,14,1,50.3,28,51.1,36.3,25.6,23.5,14346.2,7216.14,233464.59,0.71,32,2.9,34.4,22.1,0.0,1,10,4
1629.76,5000,0,890,388,292,0,5,2,8,0,1,3,4,61.7,21,26.3,40.0,51.7,19.2,42888.97,26462.49,388907.41,0.56,9,3.3,36.7,63.4,0.0,1,14,12
1445.85,1660,3,393,471,251,0,4,4,4,0,1,13,2,66.8,27,29.3,38.7,54.8,34.0,61431.87,41036.49,1061520.35,0.66,22,2.6,36.5,47.8,0.0,1,4,8
1396.25,2717,2,820,206,147,1,2,5,1,0,1,7,2,61.9,2,36.7,41.9,42.6,12.3,28494.54,17638.12,305988.63,0.52,4,2.8,31.7,25.0,0.0,1,4,9
876.98,1515,0,905,422,146,0,3,3,8,0,1,10,5,13.7,25,39.5,34.6,11.3,7.2,40101.45,5493.9,556547.05,0.65,18,1.9,12.4,49.5,0.0,1,13,8
1437.89,2680,3,52,45,40,0,1,2,2,1,0,0,2,98.1,0,61.1,71.6,95.4,64.9,42686.19,41875.15,580834.24,0.29,11,7.4,69.6,68.5,0.0,1,8,2
848.86,2101,3,63,88,30,0,5,3,1,1,0,0,0,85.2,0,95.7,56.4,88.2,78.9,36208.95,30850.03,465758.17,0.28,4,6.2,91.5,83.4,0.0,0,13,2
1648.5,5000,4,43,2,41,0,3,3,4,1,0,0,0,79.7,28,53.9,60.6,92.7,60.0,80210.12,63927.47,514700.53,0.44,16,7.1,91.2,76.1,94.1,0,14,3
694.39,1802,4,172,51,21,0,8,3,2,1,0,0,2,97.3,0,88.2,98.9,58.0,77.8,9208.75,8960.11,110251.92,0.42,11,7.1,80.3,83.4,75.6,0,8,3
207.8,341,2,105,18,48,0,7,2,4,1,0,0,2,55.0,9,67.3,90.1,65.5,54.9,6787.39,3733.06,125461.15,0.54,11,6.0,82.8,73.2,0.0,0,8,7
1657.43,1951,3,1122,272,318,0,10,3,6,0,1,1,8,56.6,16,13.4,15.8,17.5,4.8,51578.58,29193.48,781166.12,0.62,16,3.2,19.8,60.0,0.0,1,14,10
1360.1,4557,1,496,524,31,0,4,4,7,1,0,0,5,65.2,28,39.3,52.0,17.6,22.2,61123.11,39852.27,385254.02,0.6,12,1.9,22.5,59.9,0.0,1,1,4
524.7,1493,5,158,23,44,0,3,1,1,1,0,0,0,52.1,1,62.5,94.9,79.7,88.7,20838.95,10857.09,84736.24,0.57,13,4.9,74.3,72.9,84.1,0,5,0
452.68,227,3,90,46,11,0,7,1,7,1,1,5,2,62.8,20,66.7,98.9,69.8,30.8,11802.83,7412.18,208564.77,0.37,7,5.4,94.6,76.3,0.0,1,11,11
1300.1,3418,4,167,25,35,0,3,1,3,0,1,13,2,64.1,18,43.5,86.0,79.3,89.5,21819.95,13986.59,278859.92,0.52,4,5.7,86.7,98.6,85.6,0,4,3
492.22,1123,1,401,648,352,0,4,3,4,1,1,7,0,56.5,34,88.6,59.9,43.6,6.4,8080.72,4565.61,82409.04,0.53,12,3.7,30.9,31.9,0.0,1,12,7
1682.27,5000,2,943,109,387,1,6,1,1,1,0,0,6,17.0,16,0.1,55.4,22.8,17.1,38905.33,6613.91,355516.49,0.41,8,1.7,53.1,49.7,0.0,1,9,0
1834.84,1568,5,130,71,9,0,5,3,4,1,0,0,0,71.5,20,53.5,94.9,84.0,82.7,41674.23,29797.07,812820.3,0.52,19,5.6,92.5,63.7,61.9,0,3,5
590.73,1443,2,39,13,46,0,7,3,2,1,0,0,0,90.7,0,40.8,70.8,78.6,27.4,6416.41,5819.68,46673.68,0.57,8,6.0,86.3,74.4,0.0,1,11,12
1778.77,5000,1,154,259,88,0,2,1,4,0,1,15,6,38.4,16,44.5,45.3,42.6,3.0,72197.65,27723.9,1235517.77,0.44,21,2.6,44.4,59.4,0.0,1,8,11
846.18,2977,2,904,560,132,1,6,3,4,1,0,0,7,20.3,33,46.9,32.7,18.7,11.8,22525.49,4572.67,307707.8,0.49,18,3.2,22.9,46.2,0.0,1,13,0
1963.46,5000,4,128,80,14,0,12,1,4,0,1,10,0,78.8,14,73.4,91.4,67.4,59.1,85168.87,67113.07,362786.24,0.65,30,4.5,96.6,84.4,72.9,1,9,14
1443.82,2466,3,161,22,2,0,0,0,5,0,0,0,0,52.8,32,79.8,84.3,57.0,46.4,18050.09,9530.45,250377.44,0.54,13,5.6,89.2,95.5,0.0,0,1,12
802.7,2089,0,356,250,84,0,11,1,1,1,0,0,1,62.3,34,42.6,47.1,37.4,6.4,9512.64,5926.37,136230.82,0.5,2,2.9,29.7,40.9,0.0,1,14,10
1594.47,4579,2,131,585,328,0,10,3,2,1,1,8,8,66.3,28,5.8,50.9,40.6,27.4,36078.19,23919.84,677354.22,0.42,2,2.6,41.0,57.5,0.0,1,9,11
1635.19,3724,3,467,506,201,0,8,3,4,1,1,14,2,64.4,13,42.2,41.5,35.8,30.6,9761.66,6286.51,66004.04,0.56,24,4.2,27.9,49.3,0.0,1,0,3
274.08,981,2,541,380,238,1,12,4,7,0,1,3,2,72.9,24,27.5,36.2,20.8,15.4,8132.56,5928.64,75130.1,0.42,3,3.1,14.2,31.3,0.0,1,0,9
919.4,1421,3,28,11,8,0,3,0,2,1,0,0,0,79.1,13,41.0,63.9,49.5,41.8,2462.06,1947.49,10086.08,0.41,16,6.0,69.6,91.0,0.0,1,5,2
1208.82,3619,2,109,591,356,0,2,4,7,1,0,0,8,60.3,25,16.8,53.2,40.4,32.8,36271.51,21871.72,439655.7,0.81,16,3.1,39.4,63.6,0.0,1,2,1
942.91,698,2,846,261,171,1,6,5,2,0,1,11,7,38.5,1,32.8,17.5,39.2,0.6,20609.14,7934.52,188159.26,0.62,6,3.0,16.1,29.2,0.0,1,11,4
1089.33,3661,2,833,299,123,1,8,1,2,1,0,0,2,57.6,5,48.6,69.8,49.8,13.5,7744.89,4461.06,116288.05,0.47,10,3.4,17.5,59.2,0.0,1,8,12
1680.62,3938,0,501,540,86,0,2,2,5,0,1,3,7,21.7,27,10.7,23.7,15.0,30.2,63198.3,13714.03,518031.43,0.42,3,3.2,43.7,24.4,0.0,1,8,2
1496.85,3417,3,177,17,28,0,8,1,4,1,0,0,0,88.4,0,47.7,82.1,94.9,35.0,36945.92,32660.19,353378.23,0.37,2,5.8,64.2,97.1,0.0,1,7,9
992.71,3700,1,660,536,355,0,7,3,2,0,1,8,1,61.8,29,12.0,24.7,46.1,14.4,35393.72,21873.32,134175.09,0.71,34,3.0,36.7,45.8,0.0,1,11,14
1353.86,3382,1,1102,322,232,0,8,5,5,0,1,7,6,39.2,34,41.6,46.2,36.6,27.0,26688.79,10462.01,241973.69,0.53,12,1.8,50.2,29.1,0.0,1,6,6
1051.92,968,2,320,575,30,1,4,1,2,1,1,13,3,58.5,10,35.1,36.0,19.5,29.6,21553.79,12608.97,340457.49,0.63,3,1.4,58.5,46.9,0.0,1,4,1
905.28,2125,5,161,61,46,0,4,2,5,1,0,0,0,55.0,1,54.2,71.6,94.1,59.5,22053.48,12129.41,383587.84,0.56,20,7.3,82.7,84.9,71.4,1,12,8
1306.65,939,0,902,82,394,0,2,4,6,0,1,3,1,27.8,28,27.8,60.7,52.9,23.3,42952.83,11940.89,295679.16,0.71,17,3.0,44.3,49.4,0.0,1,12,13
686.35,1281,3,38,69,22,0,8,1,1,0,0,0,2,70.2,8,49.7,57.3,63.1,41.2,21519.77,15106.88,286906.7,0.34,10,6.7,77.0,97.1,0.0,0,14,5
516.73,1253,3,459,107,99,0,7,5,7,1,1,15,2,61.3,16,12.1,55.2,29.4,35.9,16838.58,10322.05,331879.84,0.73,25,2.4,43.5,35.7,0.0,1,12,4
1595.75,2891,1,480,144,89,0,3,1,1,1,1,9,2,59.8,3,43.8,46.7,40.9,6.0,33992.28,20327.38,307373.28,0.61,26,3.3,28.3,28.5,0.0,1,4,8
1977.04,2096,4,147,51,19,0,0,0,2,1,0,0,1,60.2,22,65.7,84.0,81.0,91.5,25490.56,15345.32,156641.04,0.49,22,6.6,96.4,99.7,93.9,0,14,12
1750.61,3053,3,22,1,2,0,2,0,2,1,0,0,0,93.0,0,64.7,62.5,72.3,34.7,11838.66,11009.95,229244.5,0.29,9,5.8,93.8,64.8,0.0,1,11,2
146.07,182,1,302,617,117,0,4,4,6,0,0,0,8,48.7,6,38.7,33.7,39.6,5.9,6838.25,3330.23,103832.83,0.4,20,3.2,42.8,22.8,0.0,1,8,2
219.6,188,3,608,410,87,0,6,3,4,1,0,0,5,27.5,12,28.7,23.8,36.5,35.0,6275.84,1725.86,14923.3,0.79,15,3.3,43.6,47.8,0.0,1,8,13
1286.76,4362,1,331,92,252,0,6,3,6,1,1,13,2,58.2,30,46.5,26.0,30.4,9.5,6400.63,3725.17,78184.05,0.44,15,3.8,49.7,51.9,0.0,1,7,12
347.57,510,3,185,714,317,0,7,5,3,1,1,4,4,63.7,5,8.8,19.7,38.0,17.2,6678.71,4254.34,90767.99,0.54,8,1.7,25.8,48.8,0.0,1,7,10
1652.12,2732,1,621,628,143,0,10,4,5,0,0,0,7,64.7,17,27.2,60.2,52.9,19.1,53223.07,34435.33,510922.5,0.5,12,2.6,35.6,31.9,0.0,1,3,5
1340.12,2816,2,135,57,6,0,8,0,4,1,0,0,2,83.6,0,59.5,69.2,78.7,45.3,24698.95,20648.32,129750.48,0.39,1,6.9,77.2,78.9,0.0,1,11,11
1462.52,4512,4,17,7,25,0,5,3,4,1,0,0,2,65.1,10,44.5,69.0,65.5,83.3,72965.67,47500.65,1101048.58,0.36,16,4.8,82.8,61.5,76.6,1,5,2
1640.16,5000,3,132,32,46,0,8,1,2,0,1,2,1,80.4,0,62.2,96.4,73.7,71.9,4448.31,3576.44,22407.2,0.55,15,5.8,65.9,62.4,0.0,1,13,3
505.06,1595,2,85,60,50,0,12,5,4,1,1,7,0,59.3,4,44.5,80.2,87.8,27.7,17626.09,10452.27,305374.25,0.43,6,4.9,89.8,68.2,0.0,0,4,2
765.64,2525,3,122,14,49,0,3,2,0,0,1,12,2,58.4,36,53.2,69.3,85.0,44.9,7728.54,4513.47,151735.51,0.39,10,4.7,55.3,90.8,0.0,0,8,3
996.84,663,3,923,227,302,0,4,4,7,1,1,14,0,51.4,22,32.9,44.2,46.6,33.7,2234.95,1148.76,15923.66,0.37,9,2.3,37.1,38.4,0.0,1,14,9
952.29,2200,3,16,13,31,0,4,3,1,1,0,0,1,81.8,0,90.7,78.7,46.7,62.5,5349.46,4375.86,20879.64,0.53,7,6.2,56.6,72.6,0.0,0,11,3
747.65,1031,3,928,307,72,0,9,3,6,1,0,0,7,46.4,30,54.3,35.0,34.5,2.0,28629.68,13284.17,315548.01,0.45,4,3.3,35.2,60.8,0.0,1,10,11
89.47,260,3,741,540,208,0,11,5,1,1,1,10,4,54.8,6,41.5,57.1,51.1,26.3,1201.08,658.19,23880.1,0.67,8,2.7,12.3,29.5,0.0,1,13,4
512.01,1820,1,605,194,170,0,4,1,6,1,1,3,2,12.3,16,47.2,47.9,26.7,38.6,5161.52,634.87,16931.71,0.74,28,2.9,43.2,53.1,0.0,1,9,1
1600.53,4532,4,99,43,7,0,7,3,1,1,0,0,0,99.5,0,52.3,81.4,59.0,53.4,50405.44,50153.41,693826.93,0.4,2,6.8,93.5,97.2,88.5,0,4,3
577.16,942,3,180,60,45,0,0,2,1,1,1,2,0,85.9,0,84.9,65.3,69.1,31.6,15093.9,12965.66,177579.41,0.53,24,5.0,64.7,65.3,0.0,1,0,9
206.58,139,1,1078,338,273,0,8,5,2,1,1,14,4,66.5,3,49.9,56.1,50.0,10.2,5285.21,3514.66,47474.71,0.58,9,3.0,14.5,58.7,0.0,1,3,14
429.65,314,2,427,173,320,1,7,4,7,1,1,10,6,33.1,19,57.0,59.7,37.3,32.4,13926.26,4609.59,186552.85,0.53,13,1.7,18.5,20.4,0.0,0,4,14
812.06,728,3,458,375,70,0,3,5,3,1,1,4,2,63.2,36,31.7,60.2,39.0,0.6,2446.37,1546.11,26497.68,0.62,24,3.6,59.3,34.3,0.0,1,6,4
458.38,1754,5,94,68,14,0,2,3,3,1,1,4,1,61.6,27,58.9,84.9,60.5,52.1,6493.85,4000.21,61861.08,0.47,4,6.5,91.3,98.9,82.5,0,14,11
1619.36,5000,0,242,632,159,0,3,3,5,1,1,11,0,47.8,1,50.7,44.0,28.4,8.1,48409.8,23139.88,559536.8,0.73,7,2.8,25.0,48.2,0.0,1,12,4
1875.77,2941,5,11,79,54,0,3,3,2,0,1,7,2,57.9,8,91.8,83.8,55.7,55.8,32138.6,18608.25,367515.95,0.49,5,6.1,59.3,91.4,56.9,1,12,9
1984.59,5000,4,176,81,1,0,3,2,3,1,0,0,0,82.3,0,87.9,81.5,77.3,81.7,67609.66,55642.75,771060.38,0.74,5,4.1,81.2,69.8,38.4,1,6,1
342.98,1102,1,153,431,149,0,12,1,7,0,1,12,1,57.2,33,21.5,24.6,17.7,13.4,5611.07,3209.53,47809.14,0.34,5,3.3,46.7,21.7,0.0,1,4,9
1602.34,5000,3,133,38,34,0,7,2,0,1,0,0,0,56.9,25,94.4,74.0,77.7,22.1,62280.86,35437.81,532056.46,0.45,10,6.0,91.4,93.4,0.0,0,8,9
1569.63,5000,2,109,89,55,0,6,4,2,1,0,0,0,80.6,0,48.4,58.6,68.3,24.4,3937.14,3173.33,51469.4,0.65,26,4.2,96.0,64.1,0.0,0,6,4
894.5,2258,4,138,23,26,0,6,0,3,1,1,8,1,57.1,3,52.1,96.5,81.8,70.3,11006.64,6284.79,90730.7,0.42,10,6.8,61.4,67.3,98.9,1,8,5
662.03,823,3,68,3,9,0,3,2,2,0,0,0,1,51.6,15,97.7,87.7,52.9,73.4,13686.98,7062.48,49499.16,0.55,6,6.4,64.3,97.0,0.0,1,12,12
25.65,83,5,135,73,7,0,6,1,4,1,0,0,1,89.1,0,74.7,81.2,47.6,93.1,1011.36,901.12,6083.44,0.49,7,7.2,60.6,76.6,80.2,0,8,11
1194.54,3607,0,957,367,94,0,11,4,3,0,1,2,7,53.8,20,20.4,56.7,11.8,18.0,2017.09,1085.19,38035.63,0.5,6,2.5,55.4,40.5,0.0,1,13,12
713.45,1888,2,52,28,35,0,6,1,5,1,0,0,1,72.6,2,97.5,74.8,78.4,67.6,19505.72,14161.15,378223.06,0.46,13,7.8,97.7,87.8,0.0,0,11,10
771.69,1497,0,260,195,80,0,12,5,3,1,1,15,1,77.0,26,47.0,19.4,50.8,4.0,32512.12,25034.33,614631.0,0.6,3,3.6,16.7,40.2,0.0,1,6,8
1717.73,2393,5,165,25,53,0,10,2,4,1,0,0,0,87.1,0,95.8,57.5,60.2,68.6,44826.38,39043.78,418938.27,0.47,23,6.0,80.2,66.4,48.6,0,8,2
1949.45,5000,2,170,82,157,0,2,3,3,1,0,0,4,61.7,23,47.6,50.2,29.4,28.3,96053.18,59264.81,1848100.59,0.55,16,3.2,52.3,58.8,0.0,1,3,14
1143.24,3344,3,991,368,65,0,6,2,5,1,1,12,1,63.0,13,13.6,56.4,34.7,39.4,18303.42,11531.15,127097.25,0.7,11,4.1,42.9,36.4,0.0,1,13,13
1623.14,5000,0,564,528,245,0,2,1,6,1,1,2,8,63.7,20,41.8,54.7,47.2,25.1,18287.5,11649.14,62747.63,0.79,7,2.9,24.5,37.4,0.0,1,14,1
1666.32,1877,4,170,12,9,0,6,3,2,0,0,0,2,60.8,11,48.6,94.4,73.0,68.7,44155.98,26846.84,199942.42,0.36,11,6.2,74.8,77.0,83.1,0,12,9
881.69,2727,1,226,557,161,0,7,1,2,0,1,13,8,24.5,27,38.0,35.5,48.5,5.6,13167.37,3226.01,97019.66,0.55,14,1.8,59.2,40.2,0.0,1,6,6
1764.17,3636,2,170,715,386,0,11,4,5,0,0,0,5,16.0,14,11.7,38.0,22.0,38.2,17152.26,2744.36,324076.18,0.64,23,2.3,54.0,48.3,0.0,0,7,1
906.76,494,0,382,228,286,0,3,5,3,1,1,3,2,35.7,15,47.6,59.5,11.2,1.5,42722.83,15252.05,337940.86,0.45,13,2.7,31.9,55.1,0.0,1,0,9
872.57,2046,1,677,131,105,0,4,4,7,1,0,0,8,14.9,12,5.7,27.0,10.8,5.1,14894.9,2219.34,174259.22,0.58,18,3.2,47.4,32.7,0.0,1,10,14
1513.95,4569,0,222,546,86,0,7,1,4,0,1,9,7,20.3,16,12.3,56.7,35.5,3.1,13848.37,2811.22,199210.93,0.63,24,3.6,40.1,26.5,0.0,1,3,13
788.12,2049,0,565,595,145,0,2,1,8,0,0,0,7,38.2,7,18.9,31.5,12.8,27.6,29245.84,11171.91,104261.07,0.62,3,2.5,45.3,31.8,0.0,1,14,4
1821.24,5000,3,1156,330,34,0,8,2,4,0,1,3,7,36.7,18,4.8,24.2,24.5,14.3,43695.87,16036.38,216854.79,0.69,32,1.9,12.2,27.6,0.0,1,11,1
409.47,530,2,454,272,141,1,8,2,3,1,0,0,3,50.6,18,29.1,37.3,20.9,21.5,8876.68,4491.6,135863.26,0.7,23,2.7,17.8,54.1,0.0,1,5,1
1595.35,2653,3,20,46,1,0,5,0,1,1,0,0,2,79.9,33,94.6,95.9,64.9,34.8,5542.82,4428.71,75718.36,0.44,19,5.9,67.4,82.4,0.0,1,0,2
1428.1,2718,3,268,631,233,0,11,5,3,0,1,1,8,42.0,3,54.0,59.1,26.5,4.9,12594.16,5289.55,191508.55,0.75,24,2.8,29.9,34.2,0.0,1,8,4
734.09,2423,5,10,46,41,0,4,0,2,1,0,0,2,76.4,30,86.3,60.1,83.0,88.9,31673.47,24198.53,237365.95,0.43,10,6.0,65.2,94.7,75.3,0,0,12
1589.17,1831,0,1132,462,331,0,4,3,6,0,0,0,2,69.9,23,32.3,43.6,27.5,17.7,63356.45,44286.16,1058017.5,0.41,9,2.8,35.1,45.6,0.0,1,10,0
476.6,1248,4,75,34,27,0,7,3,2,1,1,3,1,93.9,0,57.2,78.9,94.5,52.9,23054.68,21648.34,324024.62,0.5,10,4.8,92.6,70.7,74.1,1,3,9
1501.64,4500,0,448,546,297,0,8,4,2,1,0,0,0,71.8,23,39.7,55.4,19.9,38.8,4288.18,3078.91,84965.39,0.49,4,2.3,58.2,61.1,0.0,1,1,5
706.06,1334,3,136,29,14,0,5,0,3,0,1,11,0,87.7,0,81.5,95.7,94.7,69.7,11692.49,10254.31,167436.62,0.51,15,4.6,56.8,80.6,0.0,0,10,5
380.16,981,1,256,655,49,0,8,3,2,0,0,0,7,29.1,14,50.7,33.1,30.4,29.9,8862.99,2579.13,91409.43,0.44,14,3.4,40.9,39.4,0.0,1,13,3
640.93,2009,5,20,38,7,0,5,3,3,1,0,0,0,70.5,14,70.8,97.5,68.3,70.7,15326.91,10805.47,99018.86,0.61,29,5.2,58.8,86.7,61.9,0,7,13
1308.94,5000,2,777,332,256,1,4,5,6,0,0,0,5,43.2,28,20.5,41.9,13.0,17.3,24809.48,10717.7,425728.19,0.56,2,2.6,36.1,31.1,0.0,1,14,14
1535.61,4807,4,138,86,4,0,2,5,6,0,0,0,1,92.3,0,74.1,79.5,56.8,78.9,47908.87,44219.89,218155.87,0.58,8,4.4,74.3,64.7,64.6,1,2,8
1672.89,4941,0,118,148,247,0,2,3,8,0,0,0,5,16.5,7,19.7,37.7,31.8,20.8,10537.65,1738.71,95962.98,0.35,5,3.3,30.5,67.1,0.0,1,2,5
1886.39,1319,1,571,209,244,0,2,3,3,1,0,0,8,69.0,9,39.0,57.0,48.3,36.0,7751.7,5348.67,154074.02,0.41,11,3.9,19.7,32.7,0.0,1,9,12
1659.27,1105,0,126,518,327,0,7,2,8,1,0,0,3,37.6,7,22.9,39.5,15.4,20.3,71200.94,26771.55,415701.04,0.68,32,3.1,34.2,59.8,0.0,1,14,1
1221.01,1763,3,56,61,53,0,6,0,4,0,0,0,1,97.7,0,72.4,74.0,49.2,46.8,33540.68,32769.24,547736.39,0.63,16,5.1,56.8,95.7,0.0,0,11,8
1746.86,1151,2,149,50,13,0,8,4,3,0,0,0,2,72.5,6,43.6,82.2,55.0,51.4,60449.29,43825.74,843508.5,0.4,7,4.3,81.9,82.3,0.0,1,12,0
130.01,519,3,374,624,353,0,11,2,4,1,0,0,0,74.4,15,55.8,18.8,54.4,39.0,4755.48,3538.08,28311.93,0.37,6,4.7,40.0,34.2,0.0,1,10,7
633.89,2101,3,159,15,36,0,1,1,4,0,0,0,0,63.7,3,66.3,79.2,74.5,71.3,16295.41,10380.18,158035.23,0.41,6,5.6,95.3,87.3,0.0,0,2,3
503.03,1245,4,61,53,16,0,1,2,1,1,0,0,0,88.4,0,98.7,85.3,72.6,60.2,2158.67,1908.26,23201.04,0.72,3,6.0,85.5,87.5,71.8,0,6,14
1525.89,4491,5,174,37,41,0,2,2,5,1,1,3,1,68.0,3,91.8,89.2,88.5,60.2,76087.77,51739.68,405528.51,0.43,15,6.6,59.1,93.3,73.0,0,11,0
1398.86,1207,3,133,73,20,0,6,2,3,1,0,0,0,98.5,0,82.0,56.1,72.7,47.9,49440.6,48698.99,471383.2,0.37,10,4.9,83.4,84.5,0.0,1,7,7
404.39,754,1,946,648,125,0,5,2,2,0,0,0,8,55.6,35,54.2,34.7,28.8,28.6,10591.05,5888.62,161092.74,0.69,30,2.7,29.0,50.7,0.0,1,4,14
512.01,940,2,230,335,133,1,3,4,5,1,0,0,6,55.6,33,29.2,54.2,35.6,21.2,2211.53,1229.61,10258.49,0.63,20,2.2,20.5,34.3,0.0,1,1,6
729.83,2641,3,38,28,13,0,3,0,1,0,0,0,0,84.1,0,83.9,64.1,46.7,47.1,26489.26,22277.47,163739.08,0.42,17,4.9,92.9,87.2,0.0,0,2,9
1068.07,1155,1,160,398,169,0,10,2,8,1,1,9,5,19.2,30,48.0,63.3,40.2,27.3,39586.85,7600.68,79804.28,0.67,20,3.5,21.7,24.0,0.0,1,3,1
494.3,1853,4,33,14,22,0,0,2,1,1,0,0,1,97.2,0,97.1,87.1,51.0,63.1,23814.34,23147.54,442765.74,0.52,19,7.5,70.0,63.2,75.5,1,4,12
1447.55,4768,3,45,7,59,0,3,5,4,1,1,4,0,72.8,12,60.0,64.2,72.4,32.1,62030.98,45158.55,434304.82,0.67,21,4.0,74.0,94.1,0.0,0,6,1
1538.2,3446,2,149,77,8,0,6,0,2,1,1,9,2,80.4,0,82.8,59.6,65.4,35.7,2746.16,2207.91,33621.88,0.48,13,5.9,82.1,83.1,0.0,0,12,7
1521.02,4413,0,134,317,215,0,10,5,2,0,0,0,4,25.4,10,60.0,46.0,44.5,18.5,8937.33,2270.08,100940.09,0.65,11,4.5,47.4,60.0,0.0,1,4,6
454.23,1296,0,263,440,188,0,2,2,4,1,1,7,0,60.6,30,38.9,25.3,41.0,35.7,4647.14,2816.17,50538.77,0.44,22,2.3,47.9,60.2,0.0,1,8,9
1123.36,735,1,408,567,152,0,10,2,1,0,0,0,5,26.6,16,32.3,38.3,10.6,0.8,13144.65,3496.48,79313.43,0.63,28,2.9,22.2,47.9,0.0,1,2,6
338.6,371,1,504,432,275,0,3,3,7,1,1,13,0,27.8,5,2.1,41.6,37.1,33.4,12767.06,3549.24,214349.73,0.56,27,2.6,17.2,48.8,0.0,1,14,8
286.89,825,5,125,57,18,0,0,1,0,1,0,0,2,91.7,0,94.2,72.0,63.4,94.5,10677.19,9790.98,171387.8,0.55,20,4.9,93.4,87.7,87.6,1,11,10
165.71,381,3,234,701,155,0,12,1,4,0,0,0,2,53.2,16,49.4,42.4,37.9,2.3,2652.95,1411.37,21608.52,0.65,7,4.8,39.1,24.3,0.0,1,1,4
705.2,2586,1,356,562,112,0,5,2,4,0,1,14,7,70.0,4,44.2,39.6,21.6,24.5,23488.96,16442.27,382038.14,0.71,33,3.6,59.9,34.1,0.0,1,10,1
1493.07,5000,5,57,53,1,0,6,0,5,1,0,0,0,64.1,21,84.8,66.7,78.9,72.9,47018.67,30138.97,332421.89,0.53,15,5.8,74.9,66.3,35.7,1,6,8
794.47,2627,2,76,65,26,0,9,1,1,1,0,0,2,72.6,36,64.6,65.8,57.4,36.4,36969.02,26839.51,685219.07,0.6,21,4.3,63.8,94.2,0.0,0,11,14
1042.22,637,1,234,516,275,0,9,4,5,1,0,0,5,38.8,12,47.9,50.0,51.5,4.8,15313.37,5941.59,166623.73,0.53,14,4.1,51.4,50.7,0.0,1,13,10
731.3,2499,2,85,7,56,0,10,1,3,1,1,4,0,95.7,0,56.6,62.2,65.8,73.6,545.63,522.17,2874.37,0.51,16,4.9,86.2,73.1,0.0,0,4,12
1325.08,2335,2,30,26,42,0,8,3,2,1,0,0,1,53.6,1,92.9,96.5,54.9,63.3,36893.72,19775.03,118244.18,0.56,25,7.1,88.5,60.7,0.0,1,6,6
259.8,259,0,106,683,249,0,12,1,3,1,1,3,0,80.2,0,53.6,56.6,11.9,17.0,8489.81,6808.83,72711.59,0.51,12,3.9,15.2,69.7,0.0,1,10,8
754.42,2783,3,93,46,1,0,0,3,1,1,1,9,1,84.2,0,76.6,75.0,55.2,74.4,7806.41,6573.0,90067.93,0.35,5,6.7,74.0,93.0,0.0,0,2,7
785.32,844,4,50,29,36,0,5,4,8,1,1,11,1,88.1,0,82.0,60.3,85.3,89.1,11137.5,9812.14,182416.54,0.37,15,6.0,57.6,77.6,90.5,0,3,5
463.37,1017,4,88,66,23,0,0,3,0,0,0,0,0,68.7,1,72.1,68.5,83.7,51.9,9782.73,6720.74,117139.35,0.5,13,5.9,59.5,85.7,69.8,1,0,3
1049.99,2125,5,115,51,41,0,11,3,3,0,0,0,1,58.6,34,52.8,68.0,76.4,64.1,50448.58,29562.87,144316.89,0.4,18,5.0,95.8,77.9,58.3,1,14,9
1495.85,5000,4,85,88,59,0,8,2,0,1,0,0,2,60.8,15,66.5,62.6,88.3,88.7,52794.81,32099.24,312187.35,0.5,11,7.2,98.3,62.4,86.7,0,6,7
478.4,1625,5,102,2,32,0,11,1,8,0,0,0,2,54.6,13,48.5,96.5,80.8,78.0,18045.26,9852.71,354607.91,0.73,16,5.9,85.6,87.9,89.1,1,14,1
1991.31,2106,0,1031,184,394,0,4,2,5,1,1,3,1,22.7,21,36.5,23.6,51.4,16.3,70116.52,15916.45,939296.16,0.58,6,3.5,14.4,70.0,0.0,1,4,6
945.27,2907,2,969,515,110,1,2,4,1,0,1,10,7,23.8,5,37.8,62.7,51.1,11.4,24333.37,5791.34,287673.45,0.65,8,2.1,40.9,35.6,0.0,1,0,4
560.43,1327,2,217,488,343,1,12,3,4,0,0,0,6,11.6,26,46.3,17.8,23.0,22.0,20847.89,2418.36,292463.24,0.59,20,1.7,41.4,58.1,0.0,1,0,14
1014.58,3334,1,795,262,137,0,5,3,6,0,1,8,8,69.1,33,21.8,23.4,49.0,21.7,42811.82,29582.97,530716.9,0.56,26,1.5,56.5,21.6,0.0,1,1,0
1745.87,1186,2,782,465,229,1,8,4,2,0,0,0,0,68.2,18,89.1,90.1,48.1,23.4,22154.66,15109.48,309430.48,0.67,14,4.2,26.4,24.4,0.0,1,9,1
817.16,619,4,156,63,22,0,6,3,5,1,0,0,0,79.2,20,73.1,78.2,95.9,73.0,30584.13,24222.63,363395.21,0.68,31,5.6,68.7,70.8,65.2,1,3,4
737.49,2088,4,157,79,43,0,0,0,2,1,0,0,1,80.3,0,48.3,95.0,76.3,62.6,30305.07,24334.97,487969.32,0.39,12,5.4,70.6,62.8,62.1,0,3,12
45.23,100,3,1176,188,343,0,2,2,5,1,0,0,5,52.0,32,26.7,42.2,53.8,2.3,311.25,161.85,3263.57,0.4,8,3.5,46.3,55.1,0.0,1,6,3
1305.77,2903,5,131,34,42,0,8,2,3,0,1,4,2,89.3,0,78.5,93.7,62.0,50.9,40976.56,36592.07,380949.38,0.43,6,6.1,95.8,65.1,76.0,0,2,3
382.2,1516,5,23,18,54,0,6,2,4,0,0,0,1,99.5,0,40.2,66.6,78.2,83.0,14052.26,13982.0,265699.85,0.67,18,4.7,73.5,82.7,88.9,1,7,6
1647.33,2032,1,1178,231,329,0,4,5,7,0,0,0,1,73.2,19,43.6,57.4,20.7,17.3,69855.31,51134.09,646713.33,0.47,7,4.6,41.5,65.7,0.0,0,13,10
1601.59,814,2,11,27,44,0,1,2,4,1,0,0,1,80.3,0,68.8,73.9,86.8,64.2,17635.21,14161.07,49677.13,0.53,23,5.6,62.4,95.6,0.0,1,8,0
1046.79,4124,4,58,54,31,0,7,3,4,1,1,13,0,61.5,33,95.6,81.6,81.2,76.4,36219.04,22274.71,525326.21,0.52,18,6.0,83.1,72.3,62.3,0,14,6
1737.01,5000,5,88,86,30,0,5,1,2,0,1,13,1,77.4,8,63.5,87.1,55.4,80.7,29506.63,22838.13,433708.84,0.46,7,5.4,66.7,81.5,88.1,0,0,2
1004.24,3209,4,76,70,57,0,2,0,3,0,0,0,0,74.6,12,74.1,79.1,69.4,95.4,19356.86,14440.22,90998.1,0.43,15,6.5,87.5,85.3,83.1,1,13,9
292.97,409,5,51,43,21,0,2,3,0,1,0,0,2,83.0,0,81.1,64.9,61.0,76.5,6749.01,5601.68,95077.34,0.48,20,6.5,81.8,91.3,82.8,1,13,12
1123.13,3654,1,967,261,90,0,11,2,6,0,0,0,3,41.3,7,58.6,41.5,22.5,36.7,2516.81,1039.44,10025.8,0.51,10,3.1,20.5,56.2,0.0,1,9,5
1588.27,3213,1,507,66,107,0,2,4,3,0,0,0,5,53.7,10,12.5,57.2,33.8,37.8,53918.51,28954.24,365769.8,0.66,15,2.5,37.0,57.6,0.0,1,0,8
541.53,2102,0,110,325,294,0,7,1,8,0,1,3,2,85.2,0,50.0,56.3,19.5,6.5,7436.46,6335.86,92793.82,0.73,16,3.7,46.5,60.0,0.0,1,6,4
1496.0,1095,3,175,71,50,0,6,5,2,1,1,12,1,54.1,6,60.4,73.3,88.7,38.5,55885.79,30234.21,231033.45,0.49,10,5.6,87.1,85.6,0.0,1,12,10
517.59,858,3,132,35,52,0,11,2,5,1,1,3,1,66.5,3,99.3,94.5,81.2,44.3,12931.23,8599.27,232541.01,0.47,6,5.0,82.2,89.0,0.0,1,10,11
1358.7,2307,1,242,219,300,0,12,3,2,1,0,0,8,53.8,18,55.4,52.2,27.3,9.0,4972.49,2675.2,10974.83,0.63,22,2.1,13.9,30.9,0.0,1,5,10
1519.16,1121,3,85,75,36,0,8,1,5,1,1,1,2,75.9,9,71.2,94.5,45.1,76.5,52647.25,39959.26,786823.38,0.55,23,6.4,82.9,67.9,0.0,1,11,12
1413.53,1511,0,893,355,277,0,3,4,3,1,1,13,1,75.9,14,24.0,28.9,31.6,23.0,55129.41,41843.22,224003.19,0.35,3,2.9,49.9,64.1,0.0,1,11,2
134.2,137,3,54,17,50,0,3,0,1,1,0,0,0,50.4,15,51.5,77.4,84.8,48.5,5070.56,2555.56,20922.26,0.4,3,7.2,83.8,78.9,0.0,0,14,12
463.1,926,4,22,60,31,0,7,3,3,1,0,0,0,86.3,0,83.6,81.4,70.5,97.2,11577.86,9991.69,168655.08,0.61,17,6.8,68.0,60.1,75.4,1,0,8
1706.24,3667,1,510,644,333,0,4,3,8,1,0,0,3,44.5,23,15.1,57.4,18.9,22.9,1615.8,719.03,18684.83,0.37,5,2.1,20.2,32.6,0.0,1,13,7
398.79,1245,2,831,155,343,1,2,2,2,1,0,0,3,40.5,5,29.6,42.1,31.4,20.1,11722.48,4747.6,41933.42,0.63,22,3.1,29.0,24.4,0.0,1,14,14
1174.93,1136,2,532,226,45,1,6,5,2,1,1,15,0,69.7,15,36.2,57.3,53.3,20.8,28783.1,20061.82,514710.93,0.38,16,3.1,42.4,43.1,0.0,0,0,3
179.82,598,4,180,44,49,0,0,3,5,1,1,7,2,73.3,2,76.8,76.2,53.8,78.3,209.61,153.64,3003.34,0.55,22,5.5,84.1,95.8,41.8,1,7,3
90.72,197,3,46,43,37,0,8,0,4,1,0,0,1,58.0,17,44.8,65.4,53.1,22.5,1350.8,783.46,17901.32,0.68,30,6.1,72.7,81.7,0.0,0,12,4
200.75,760,2,1115,645,107,1,9,5,6,1,0,0,6,39.9,26,49.9,40.4,45.7,10.3,6350.35,2533.79,115609.03,0.56,28,2.5,46.1,31.2,0.0,1,12,0
1611.44,4056,2,336,153,273,1,12,1,5,1,0,0,2,81.3,0,68.7,58.2,22.9,2.1,75046.16,61012.53,430480.6,0.78,5,3.9,37.8,56.4,0.0,1,9,1
646.57,2266,5,16,58,25,0,3,3,1,1,0,0,2,98.2,0,54.0,82.2,45.5,71.7,17907.9,17585.56,92844.13,0.68,4,7.5,85.8,92.2,82.1,0,14,14
895.95,2568,4,100,8,44,0,6,3,1,0,0,0,0,82.3,0,86.7,89.5,90.2,56.5,18945.78,15592.38,310893.44,0.4,8,5.1,61.4,77.3,46.4,1,5,2
314.27,446,3,842,671,242,0,2,2,5,1,1,15,0,70.1,23,14.2,25.8,20.9,17.2,15401.54,10796.48,93391.76,0.43,6,2.1,48.0,48.4,0.0,1,0,12
1460.94,3346,3,179,62,29,0,3,2,2,1,0,0,0,63.7,1,88.5,70.3,71.5,27.7,2729.05,1738.4,28279.49,0.39,9,6.0,57.1,93.4,0.0,0,14,5
540.53,1055,1,923,629,326,0,8,4,6,0,0,0,5,38.1,3,48.4,20.6,35.3,0.1,17703.9,6745.19,330324.63,0.7,14,2.4,49.2,65.7,0.0,1,1,4
826.57,1654,3,715,612,104,0,12,2,2,1,1,5,2,39.6,9,42.5,19.1,22.1,37.5,35033.08,13873.1,181977.06,0.68,30,1.4,39.0,51.1,0.0,1,3,1
287.13,627,5,20,8,32,0,1,2,0,1,0,0,0,86.2,0,47.5,73.9,85.9,70.9,10863.57,9364.4,157598.8,0.39,10,5.3,88.9,72.3,81.8,0,10,11
1863.7,3759,5,111,78,10,0,1,2,2,1,0,0,1,84.0,0,77.5,70.4,89.0,80.8,42836.96,35983.05,771756.88,0.61,17,6.2,69.4,71.9,61.5,0,10,10
933.93,2394,5,108,5,44,0,4,1,2,1,0,0,0,66.6,22,71.0,92.5,49.7,54.7,13122.99,8739.91,204406.9,0.43,17,5.5,62.6,94.9,70.1,0,11,0
1655.65,5000,2,671,554,87,1,9,2,8,0,0,0,8,68.7,5,17.3,61.7,24.3,14.1,17539.5,12049.64,282808.67,0.46,2,3.7,12.8,43.6,0.0,1,12,10
918.08,3620,5,177,73,8,0,0,1,1,1,0,0,0,61.2,9,94.7,66.7,75.8,61.7,18573.62,11367.06,84638.12,0.69,19,6.3,97.5,83.1,94.1,1,8,1
187.5,468,2,167,638,84,0,2,2,3,0,1,7,6,16.9,9,32.1,48.3,45.4,31.1,8525.26,1440.77,22168.16,0.5,7,2.8,25.3,44.4,0.0,1,5,11
1759.79,1652,5,110,14,21,0,7,0,1,0,0,0,1,71.5,33,70.7,77.0,81.2,71.7,65947.55,47152.5,251374.63,0.63,5,5.9,81.4,71.8,65.8,1,12,6
44.83,33,4,29,47,13,0,11,3,2,1,1,15,1,94.9,0,89.0,94.4,63.6,54.1,2233.16,2119.27,36951.95,0.62,13,5.2,98.7,67.0,40.3,0,14,6
1074.46,3009,4,61,85,11,0,11,1,1,0,0,0,1,76.3,36,46.3,56.4,46.4,95.1,49361.13,37662.54,833611.46,0.49,16,5.2,80.0,66.9,36.3,1,4,5
1358.92,3470,5,40,66,35,0,9,1,3,1,0,0,2,72.1,25,68.5,59.7,64.6,52.3,30381.73,21905.23,521584.3,0.45,8,5.1,77.0,72.0,68.4,0,13,7
853.0,3293,3,135,9,22,0,6,1,4,1,0,0,1,55.7,33,61.0,63.4,66.1,32.2,4672.85,2602.78,50628.68,0.61,15,6.6,90.8,69.3,0.0,0,2,10
838.4,1750,2,136,76,56,0,3,0,4,1,1,4,1,69.8,4,92.4,69.5,55.4,48.1,5280.36,3685.69,13643.03,0.47,9,7.4,78.1,72.2,0.0,0,6,5
292.72,564,5,125,13,38,0,8,2,3,1,0,0,2,54.3,22,81.3,95.1,97.0,94.2,14327.48,7779.82,175927.74,0.67,12,5.6,80.2,91.9,81.4,0,0,13
1633.98,5000,1,805,723,194,0,7,1,3,1,0,0,6,20.3,18,23.1,52.1,10.9,27.1,50192.36,10189.05,517024.3,0.64,14,2.3,43.7,69.6,0.0,1,0,10
1104.3,2269,2,98,348,223,0,3,4,4,1,0,0,5,20.0,13,25.5,50.2,30.4,34.4,27438.63,5487.73,95569.32,0.54,7,3.3,58.7,24.8,0.0,1,8,7
712.15,1819,3,29,80,23,0,0,1,1,0,0,0,2,91.0,0,69.6,89.9,95.9,43.0,25018.17,22766.53,139503.6,0.56,19,6.2,98.5,81.3,0.0,0,11,3
1935.8,5000,2,483,565,95,1,4,1,7,1,0,0,8,51.1,4,55.3,55.4,46.7,10.9,79577.89,40664.3,1088485.65,0.44,16,4.1,52.3,37.9,0.0,1,12,9
1108.28,3846,2,149,40,57,0,6,3,1,1,0,0,1,93.7,0,76.9,90.1,67.4,66.7,38601.39,36169.5,383930.01,0.35,6,7.5,64.9,81.3,0.0,0,6,5
272.12,340,3,685,127,364,0,11,2,4,1,0,0,1,62.0,30,0.3,64.2,15.5,29.0,7405.41,4591.35,85578.67,0.35,15,3.9,11.5,51.6,0.0,1,5,7
392.83,962,0,839,676,260,0,5,4,7,1,1,3,0,51.2,23,45.3,30.9,17.3,18.4,5479.28,2805.39,86851.74,0.55,8,2.7,42.0,69.0,0.0,1,5,10
1541.65,4562,2,934,533,155,1,5,3,7,0,1,14,3,48.0,14,16.1,20.9,48.1,36.2,64464.99,30943.2,313986.53,0.38,9,3.0,38.5,38.7,0.0,1,7,3
425.57,685,1,171,618,47,0,8,5,6,1,1,6,5,55.9,5,7.9,53.7,49.8,11.6,1191.54,666.07,7184.72,0.55,19,2.2,14.3,37.1,0.0,1,9,8
1338.22,839,4,180,54,25,0,8,2,0,0,1,15,2,64.2,9,69.1,98.9,49.4,95.6,36560.13,23471.6,661694.24,0.32,12,5.6,70.5,87.2,70.9,1,2,11
177.15,589,2,501,205,63,1,10,2,6,1,1,6,1,68.5,20,11.1,37.2,28.0,22.7,5793.75,3968.72,50511.72,0.35,3,2.8,16.2,41.6,0.0,1,11,9
212.99,655,2,975,448,246,1,11,2,7,0,0,0,3,31.0,24,41.1,40.3,41.9,1.5,10380.52,3217.96,77995.86,0.4,11,2.9,19.2,32.5,0.0,1,0,0
389.68,1017,3,165,0,16,0,6,0,3,0,0,0,2,86.8,0,94.1,79.7,75.3,27.4,10629.97,9226.81,189739.57,0.57,3,6.7,81.7,72.2,0.0,0,0,8
1363.31,942,2,49,54,47,0,3,1,0,1,1,12,0,96.9,0,41.3,75.7,94.7,33.2,31736.87,30753.03,227357.82,0.48,3,6.0,85.7,71.3,0.0,1,12,7
999.94,3765,4,40,66,18,0,3,1,2,1,0,0,0,68.6,14,61.9,98.8,77.8,79.1,16393.93,11246.24,154498.63,0.43,17,6.2,91.2,62.7,85.3,0,6,2
1130.58,3464,2,115,55,12,0,5,0,0,1,1,8,1,57.3,11,50.7,99.9,67.3,71.1,34199.62,19596.38,186886.3,0.44,8,5.8,57.2,81.0,0.0,1,8,11
1150.12,3110,0,781,78,329,0,5,2,2,1,0,0,5,59.5,1,39.1,59.3,10.3,13.3,55118.42,32795.46,483332.38,0.42,2,3.7,51.2,27.1,0.0,1,13,9
1314.4,1166,2,550,612,189,1,6,1,1,1,1,10,4,67.4,28,34.5,54.5,11.1,15.2,20347.13,13713.97,242016.84,0.7,9,2.1,20.4,21.2,0.0,1,2,4
1535.55,4699,2,754,367,212,1,6,3,1,0,0,0,2,67.1,28,48.0,56.4,38.0,14.8,47369.29,31784.79,817901.51,0.49,18,4.2,22.3,55.8,0.0,1,7,12
1843.04,2695,2,201,364,68,1,3,1,5,1,0,0,1,70.5,28,40.6,63.4,23.9,1.2,16737.4,11799.87,78685.53,0.59,7,3.2,47.1,32.0,0.0,1,10,6
583.69,2100,4,40,59,18,0,1,1,5,1,1,6,0,57.3,28,86.3,65.1,80.0,79.1,18259.18,10462.51,349084.58,0.44,11,5.5,99.6,76.9,43.5,1,12,7
138.84,140,3,322,524,193,0,5,4,3,0,1,14,2,72.0,16,1.4,39.1,47.0,34.4,5833.61,4200.2,41031.52,0.54,5,3.5,30.1,46.8,0.0,1,12,9
815.63,3254,3,422,187,303,0,3,4,8,0,1,11,1,72.2,15,18.3,30.9,33.8,35.5,20945.06,15122.33,339587.44,0.43,16,1.8,33.4,49.5,0.0,1,3,3
1202.61,2433,5,32,12,31,0,1,0,0,1,0,0,2,58.4,1,51.9,82.1,52.7,100.0,8014.05,4680.21,73651.19,0.48,12,7.5,73.0,68.1,84.4,1,11,3
1898.14,5000,1,259,216,294,0,8,1,3,0,0,0,8,63.0,9,35.3,50.5,22.4,10.3,9330.11,5877.97,137919.72,0.56,3,3.9,39.0,42.2,0.0,1,1,12
1444.65,1269,1,996,510,327,0,5,1,1,1,1,11,5,67.3,7,7.4,43.7,17.7,15.5,26943.6,18133.04,488732.93,0.77,33,3.1,51.1,30.5,0.0,1,7,13
955.62,2670,2,60,47,16,0,2,3,8,1,0,0,1,59.1,35,95.7,60.0,75.5,62.2,37732.26,22299.77,610305.13,0.6,4,4.5,76.5,68.8,0.0,1,11,10
138.81,280,2,148,85,42,0,0,0,3,1,1,4,2,91.9,0,79.6,69.3,72.3,61.8,1694.89,1557.6,16013.59,0.52,11,6.3,88.6,90.5,0.0,1,6,5
810.27,2885,3,448,171,266,0,5,1,6,1,1,1,5,68.0,16,2.8,62.6,32.9,29.7,19654.47,13365.04,146744.68,0.64,3,3.7,27.6,61.6,0.0,1,13,6
482.22,1027,3,64,16,22,0,7,3,4,1,0,0,0,68.6,8,84.9,69.7,71.9,27.4,16561.78,11361.38,217712.82,0.52,16,7.5,58.5,88.2,0.0,1,6,12
1609.32,969,3,813,699,393,0,9,5,5,0,1,15,0,13.2,26,43.4,31.8,48.6,0.5,75235.04,9931.03,181302.34,0.42,14,3.2,18.8,40.6,0.0,1,4,3
128.66,514,5,89,26,37,0,7,3,2,1,0,0,0,76.5,19,91.2,97.7,74.5,89.1,801.98,613.51,2073.64,0.49,6,4.8,96.5,71.1,34.7,0,14,5
1437.98,1556,5,117,33,11,0,5,3,4,1,1,11,2,63.2,7,62.9,86.3,68.5,53.3,23608.08,14920.31,166237.85,0.48,18,6.3,91.8,86.6,79.3,1,2,12
1918.15,3187,0,221,273,359,0,2,5,4,1,1,5,1,96.6,0,46.6,31.7,31.2,7.3,17209.93,16624.79,109380.88,0.49,17,3.5,45.2,25.6,0.0,1,11,8
1279.34,4921,4,12,53,4,0,3,3,1,1,1,13,1,99.4,0,68.8,57.3,68.5,83.7,62131.48,61758.69,1069501.26,0.46,13,5.4,65.7,72.4,70.4,0,8,12
1629.41,3857,4,53,52,27,0,2,0,1,0,0,0,1,99.1,0,71.4,58.2,97.2,89.7,45733.69,45322.09,544881.52,0.41,4,6.5,91.1,98.6,69.9,1,4,2
1346.17,1386,5,20,32,53,0,8,1,0,1,0,0,1,85.2,0,96.0,94.6,76.4,96.7,19447.58,16569.34,102904.26,0.63,4,5.9,66.1,70.4,84.0,1,8,14
1273.27,1188,0,492,677,96,0,12,4,2,0,1,2,0,57.8,16,40.9,42.2,10.3,9.1,48155.52,27833.89,745300.22,0.77,6,3.1,18.1,45.3,0.0,0,10,13
1617.62,5000,2,901,580,253,1,10,3,3,0,1,13,5,48.3,16,24.2,30.4,40.8,22.4,71639.96,34602.1,895811.7,0.62,18,3.0,31.6,35.9,0.0,1,0,13
255.88,378,2,525,180,368,1,12,2,2,0,1,2,8,22.2,8,55.1,25.9,23.3,0.1,3522.19,781.93,54302.07,0.78,11,2.1,15.6,62.1,0.0,1,12,1
287.81,1127,3,396,427,52,0,6,2,6,1,0,0,4,62.6,8,41.5,20.1,38.5,34.5,5310.56,3324.41,36795.42,0.69,17,2.7,47.2,34.2,0.0,1,2,4
535.8,1226,2,140,79,47,0,3,0,2,1,0,0,2,52.5,9,62.4,90.1,61.0,76.2,18243.12,9577.64,211996.79,0.35,4,5.1,56.0,99.2,0.0,0,5,5
754.53,1240,3,620,622,272,0,10,1,2,0,0,0,5,64.0,9,17.4,20.1,44.9,26.5,7336.0,4695.04,23390.66,0.67,10,2.2,25.5,35.1,0.0,1,6,1
244.88,237,5,145,33,56,0,8,2,2,0,1,1,0,79.4,8,84.2,74.5,86.8,93.1,6350.26,5042.11,124036.4,0.46,16,5.4,76.6,77.6,75.9,1,13,9
830.7,963,3,1038,271,370,0,8,5,5,0,1,9,2,65.6,26,51.0,24.2,31.3,29.9,30683.49,20128.37,388733.32,0.69,24,3.1,30.8,65.4,0.0,1,6,14
67.45,182,5,139,43,19,0,0,0,1,1,1,1,2,97.1,0,48.2,58.5,94.7,85.9,2284.65,2218.4,42650.55,0.65,4,4.8,84.7,60.2,92.7,1,6,8
1601.96,4017,5,148,51,51,0,6,2,1,1,0,0,2,58.9,4,66.0,57.1,95.9,69.9,5633.45,3318.1,82148.29,0.38,15,5.6,96.1,92.5,77.8,0,14,2
568.39,715,5,88,66,9,0,6,4,8,1,1,14,1,82.1,0,49.1,59.8,52.8,68.8,24627.44,20219.13,440645.1,0.47,9,5.4,93.0,93.4,61.8,0,12,5
138.99,70,5,175,19,7,0,7,5,5,1,1,13,1,97.6,0,51.1,95.1,79.4,70.8,1879.63,1834.52,22240.3,0.62,26,5.1,63.9,64.1,57.1,1,5,4
593.01,2179,4,147,24,16,0,7,2,4,1,0,0,0,88.7,0,62.1,71.2,59.2,53.5,6198.48,5498.05,121912.81,0.42,19,6.6,92.7,94.2,56.0,0,13,3
1859.68,1635,3,651,154,108,0,12,1,5,0,0,0,6,15.2,33,40.0,61.6,20.6,35.1,19050.1,2895.62,234978.06,0.6,22,2.5,30.8,44.7,0.0,1,12,14
498.04,1607,2,63,6,50,0,3,2,0,1,0,0,1,58.7,20,77.9,80.8,55.8,73.3,21382.03,12551.25,325890.19,0.65,16,4.6,60.4,96.9,0.0,1,5,1
1578.45,4109,3,64,22,51,0,8,1,1,1,0,0,0,88.3,0,45.7,90.5,84.9,75.1,47103.51,41592.4,603098.15,0.38,14,5.8,85.7,92.6,0.0,0,6,3
1534.58,2520,4,178,78,47,0,8,1,2,1,0,0,0,73.4,8,78.9,99.2,60.0,98.4,1787.7,1312.17,27977.74,0.56,6,6.3,88.3,95.2,96.5,0,12,6
1964.59,1750,2,121,28,37,0,6,1,7,0,0,0,2,74.0,33,56.3,69.3,56.6,66.2,79766.19,59026.98,882278.48,0.66,29,5.2,86.0,86.6,0.0,0,10,1
434.9,1323,4,131,13,40,0,7,3,2,1,0,0,0,66.2,33,95.0,93.8,53.8,68.9,15931.71,10546.79,82077.25,0.47,12,5.5,64.1,97.5,97.8,0,14,0
848.47,518,3,979,190,159,0,3,2,6,0,1,11,0,57.9,30,41.1,37.8,14.1,3.1,13405.1,7761.55,129681.6,0.76,31,1.3,49.1,30.8,0.0,1,3,1
1756.15,5000,3,427,467,109,0,7,3,6,1,0,0,1,50.8,22,65.6,73.7,49.7,27.6,11420.3,5801.51,207316.99,0.69,10,5.0,33.1,69.9,0.0,1,0,14
1187.66,933,2,61,44,38,0,2,1,3,1,0,0,2,52.8,31,70.2,72.9,82.7,46.5,28391.7,14990.82,509629.76,0.33,7,5.5,93.4,68.8,0.0,1,4,5
701.44,1964,1,726,452,387,0,7,1,6,0,1,14,0,65.7,13,32.7,16.4,53.0,13.8,4502.36,2958.05,25193.77,0.58,9,4.0,31.1,28.2,0.0,1,2,14
181.02,319,3,155,64,41,0,7,2,1,1,1,9,2,94.4,0,75.4,96.2,54.1,64.2,7584.23,7159.51,125631.62,0.48,23,4.7,56.5,99.9,0.0,1,4,9
1549.61,950,5,179,44,29,0,6,3,6,0,1,10,1,80.9,0,89.8,83.8,87.0,65.6,77348.21,62574.7,1014335.33,0.41,11,4.0,70.5,61.9,92.1,1,1,2
1483.45,1445,2,12,1,52,0,2,2,2,1,0,0,2,90.5,0,97.4,78.3,90.7,44.5,30828.68,27899.96,320809.43,0.51,13,6.3,77.3,85.2,0.0,1,14,3
838.24,818,4,12,86,10,0,3,0,3,1,0,0,0,85.7,0,93.6,63.5,78.5,88.0,19976.51,17119.87,377873.88,0.63,18,5.1,56.2,67.3,40.8,0,8,8
822.53,2984,4,71,20,58,0,3,4,8,1,1,3,0,76.1,4,48.7,55.1,81.0,87.8,24636.63,18748.48,317895.71,0.51,6,5.0,92.0,97.7,92.8,0,0,8
463.86,654,3,412,145,312,0,4,2,3,1,1,12,1,73.8,25,55.2,38.7,54.5,24.9,15306.11,11295.91,60192.91,0.59,11,3.4,44.1,37.9,0.0,1,7,10
50.41,160,2,311,344,201,1,12,2,3,0,1,6,7,68.3,16,22.0,62.2,33.4,23.6,2235.16,1526.61,32162.66,0.67,29,2.6,21.4,66.4,0.0,1,8,1
1613.45,5000,5,91,74,58,0,1,3,3,1,0,0,1,66.0,11,42.1,85.7,91.9,99.6,1865.51,1231.24,7447.99,0.41,15,5.7,79.5,82.9,81.4,1,8,2
555.22,736,1,250,496,80,0,7,5,2,1,1,1,1,67.0,24,23.1,47.5,16.6,31.6,13818.56,9258.44,255035.89,0.52,19,3.1,26.7,62.0,0.0,1,5,3
73.39,94,2,87,55,9,0,7,5,8,1,1,8,2,89.5,0,57.2,71.9,78.9,52.4,3380.26,3025.33,46871.0,0.62,25,5.2,66.2,60.4,0.0,1,2,10
283.12,603,2,134,455,126,0,2,2,2,1,0,0,4,55.6,9,4.3,21.7,32.2,18.1,9412.52,5233.36,88208.82,0.48,15,3.1,40.1,47.0,0.0,1,0,12
236.96,466,5,64,42,51,0,2,1,4,1,0,0,2,95.8,0,54.4,89.5,90.1,73.6,7914.02,7581.63,67236.75,0.53,22,5.2,64.4,89.8,89.2,1,8,3
1335.72,1582,1,1166,210,186,0,5,1,3,0,1,12,8,52.8,10,13.4,52.7,33.5,0.5,17966.96,9486.55,348250.02,0.47,8,3.8,34.3,32.8,0.0,1,12,3
782.94,2822,3,64,35,30,0,8,2,1,1,1,15,2,63.1,33,73.3,90.4,62.0,79.8,36341.35,22931.39,558197.2,0.46,7,5.6,57.8,60.2,0.0,1,8,7
662.56,2161,0,969,571,61,0,4,3,4,0,1,8,2,62.5,17,52.8,58.3,35.1,7.0,1143.44,714.65,11625.26,0.63,17,2.7,44.4,51.7,0.0,1,4,10
1544.62,5000,3,70,19,24,0,4,2,5,0,1,10,0,99.5,0,84.6,75.7,69.2,34.6,64090.81,63770.36,856808.03,0.63,25,4.8,56.6,73.8,0.0,1,14,13
1536.3,5000,3,1186,505,137,0,7,5,7,1,0,0,2,93.6,0,90.7,58.2,41.6,5.8,24637.21,23060.43,126889.23,0.52,17,4.8,23.2,61.0,0.0,1,6,6
1428.23,4048,2,959,156,106,1,5,2,4,0,0,0,7,31.0,24,30.0,15.1,33.7,39.3,17929.71,5558.21,233956.01,0.64,19,3.0,29.4,62.1,0.0,1,4,13
1314.22,5000,5,88,56,25,0,2,1,3,1,1,5,2,88.8,0,84.2,67.0,64.3,77.7,7589.08,6739.1,95906.52,0.37,9,6.2,92.2,75.0,93.8,1,9,7
27.07,24,2,83,57,16,0,0,0,2,0,1,11,2,74.5,1,70.1,81.1,79.9,66.6,897.03,668.29,16621.52,0.3,10,5.4,69.4,97.6,0.0,0,8,2
1178.89,3732,1,711,633,387,0,9,3,8,1,1,9,2,15.2,13,12.2,38.7,34.5,10.2,26781.15,4070.73,429819.75,0.35,14,1.6,32.6,52.1,0.0,1,5,11
956.28,2908,5,46,65,53,0,8,1,0,0,1,3,1,54.5,3,87.1,71.8,74.2,91.3,42632.83,23234.89,770154.24,0.5,23,5.5,73.3,98.0,74.4,1,11,9
1013.04,1436,0,841,674,259,0,4,1,5,0,1,15,3,19.7,23,4.2,33.2,41.9,9.5,1217.51,239.85,3761.32,0.42,5,1.5,35.3,57.3,0.0,1,13,0
498.67,1639,2,1198,658,52,1,2,2,2,0,1,7,3,25.1,18,14.6,53.2,35.5,6.3,14425.17,3620.72,249165.03,0.65,22,1.5,42.6,25.4,0.0,1,10,13
819.37,1983,0,573,614,102,0,10,4,8,0,0,0,3,62.0,7,0.5,56.0,20.1,1.1,9218.26,5715.32,132153.22,0.7,7,2.1,21.5,36.9,0.0,1,2,1
1101.47,1577,5,145,40,1,0,5,2,4,1,0,0,0,56.4,3,70.5,69.8,80.9,99.3,48035.36,27091.94,738572.84,0.35,17,7.7,63.0,87.3,78.2,1,14,5
874.84,2977,5,122,40,50,0,1,0,5,0,1,3,1,73.8,19,82.4,84.8,50.6,97.2,22177.56,16367.04,420563.17,0.52,20,4.6,65.0,72.6,74.3,0,10,9
1725.14,5000,1,450,86,275,0,6,2,2,1,1,8,1,69.4,26,36.7,21.5,50.5,9.2,5614.0,3896.12,59329.78,0.64,28,3.7,12.5,31.6,0.0,1,6,14
53.5,114,5,136,60,5,0,8,3,3,1,0,0,1,68.6,10,88.8,62.1,95.1,56.5,1534.72,1052.82,26645.13,0.4,16,6.2,77.5,74.0,90.2,1,10,9
529.04,1877,2,291,693,338,1,3,5,6,0,1,1,5,41.9,35,36.1,21.0,28.2,19.9,13993.2,5863.15,189117.28,0.51,9,2.1,43.0,21.0,0.0,1,5,0
298.56,812,2,78,41,57,0,3,1,2,1,0,0,2,60.6,6,72.4,84.9,91.2,45.0,415.36,251.71,5820.82,0.49,15,6.9,97.3,85.7,0.0,0,0,11
993.09,2091,3,105,72,21,0,7,2,2,0,0,0,2,63.8,12,47.4,69.7,81.7,53.8,21136.31,13484.97,73985.07,0.49,24,6.9,69.8,86.4,0.0,1,12,9
941.62,2269,0,1123,416,240,0,3,2,4,1,1,2,6,17.8,35,38.9,47.6,46.5,6.3,30369.2,5405.72,488628.2,0.57,14,2.4,41.8,53.0,0.0,1,10,14
1554.98,834,3,1071,527,50,0,12,3,1,0,1,2,0,63.4,36,24.3,39.8,18.1,18.3,40393.27,25609.33,572586.93,0.32,8,3.4,37.1,57.9,0.0,1,12,2
1826.9,2993,4,121,68,19,0,7,0,2,0,0,0,0,74.2,4,75.2,87.0,67.9,98.2,32284.93,23955.42,346711.69,0.43,19,6.0,95.2,68.7,31.5,1,1,5
1455.22,1100,2,602,687,70,1,5,3,1,1,1,5,0,51.0,9,85.5,74.0,45.6,28.8,26819.91,13678.15,101848.96,0.37,8,5.1,19.4,39.7,0.0,1,2,3
1506.59,3366,0,1011,457,268,0,3,1,8,0,0,0,3,47.9,19,54.7,25.9,28.4,37.6,7500.99,3592.97,31351.01,0.77,15,2.6,37.5,29.4,0.0,1,10,4
1474.93,2783,3,134,30,39,0,7,3,2,1,0,0,2,75.9,1,91.2,95.9,94.7,30.8,46893.22,35591.95,529864.4,0.53,22,4.9,96.1,98.1,0.0,0,5,12
123.45,261,2,822,282,122,1,10,5,6,0,0,0,1,94.1,0,76.0,59.1,38.3,11.1,2903.65,2732.33,31254.03,0.77,7,2.6,49.7,49.5,0.0,1,14,13
966.89,868,4,65,74,5,0,5,1,1,0,0,0,1,70.4,8,87.2,72.5,76.6,97.8,1684.36,1185.79,20042.49,0.75,27,4.8,87.6,88.6,95.0,1,12,4
1640.09,4402,2,74,65,33,0,9,4,8,1,0,0,1,89.0,0,47.1,90.6,78.2,65.7,37808.11,33649.22,626268.08,0.46,2,4.9,62.8,64.5,0.0,1,13,3
1775.99,4027,2,85,67,30,0,0,3,4,1,1,3,1,77.0,2,83.0,98.6,85.6,37.4,17527.44,13496.13,291327.98,0.43,12,6.6,91.9,82.3,0.0,0,1,11
1494.58,1215,3,746,138,224,0,12,1,7,0,1,10,0,61.6,29,26.6,29.9,25.7,34.3,29109.84,17931.66,402791.85,0.42,5,3.2,56.8,56.2,0.0,1,10,3
646.92,340,3,12,9,27,0,6,1,2,1,0,0,2,96.8,0,64.6,74.9,51.6,73.9,9404.26,9103.32,112503.03,0.45,10,6.6,59.4,60.3,0.0,0,2,5
70.22,146,4,112,58,39,0,8,1,5,1,0,0,1,91.3,0,88.3,55.2,59.8,83.9,1512.43,1380.85,11222.84,0.52,10,4.6,55.0,85.5,48.6,0,4,3
279.03,179,2,605,295,269,1,10,3,2,1,0,0,4,50.3,28,8.4,15.5,21.8,25.8,5459.66,2746.21,106724.1,0.41,15,1.4,52.3,64.5,0.0,1,1,0
1344.31,4349,2,58,68,0,0,3,5,2,1,0,0,2,73.8,1,71.6,62.7,46.7,21.2,45641.27,33683.26,275151.49,0.61,25,5.1,87.2,66.8,0.0,0,5,6
515.32,1819,3,584,399,340,0,7,5,1,0,0,0,7,56.7,28,39.4,59.6,23.3,23.1,9174.61,5202.0,182105.02,0.63,28,2.9,25.4,61.1,0.0,1,14,4
1082.09,1835,5,16,67,52,0,6,3,4,1,0,0,1,72.9,24,50.0,96.6,65.7,50.5,19575.77,14270.74,229600.56,0.76,33,7.0,76.2,92.8,78.5,0,8,13
1058.01,3073,4,54,27,57,0,5,0,5,1,1,3,1,99.2,0,68.8,64.9,67.3,96.2,32965.93,32702.2,614604.7,0.46,19,5.9,71.0,99.2,33.7,1,10,12
1431.25,4323,5,17,79,51,0,8,1,1,1,1,10,1,53.5,8,88.4,98.3,96.2,82.2,50576.94,27058.66,895892.52,0.44,17,5.7,73.2,98.5,75.6,0,4,2
1191.8,1272,4,139,8,52,0,0,0,5,1,0,0,1,69.1,35,68.3,69.9,52.6,74.4,21884.28,15122.04,242250.6,0.42,17,6.0,89.3,73.3,58.4,0,0,0
696.92,1849,3,34,76,49,0,6,1,1,1,0,0,0,72.7,3,69.8,83.3,58.9,24.9,13903.27,10107.68,182319.63,0.41,18,6.1,89.5,65.6,0.0,1,10,3
466.32,1582,3,1021,193,152,0,2,4,3,1,1,6,8,65.8,12,12.6,33.8,18.6,21.9,13208.51,8691.2,49848.81,0.6,15,3.0,15.0,24.1,0.0,1,9,8
1583.54,4405,1,753,149,262,0,9,1,8,0,1,10,1,56.9,17,59.3,35.1,23.1,9.5,43454.67,24725.71,188083.5,0.7,11,2.9,31.7,50.8,0.0,1,12,13
1481.11,3740,2,1038,323,156,1,11,2,3,0,1,2,2,59.2,26,25.0,19.3,15.8,25.6,46856.88,27739.27,247980.96,0.65,18,2.1,53.1,38.4,0.0,1,3,1
1814.81,3623,4,39,74,49,0,4,2,0,0,1,14,0,97.5,0,45.7,74.5,75.9,92.7,26775.22,26105.84,343748.58,0.32,15,4.5,74.1,67.4,66.2,1,9,2
326.94,1156,1,715,196,76,0,8,4,5,0,1,13,5,36.1,4,44.0,37.2,23.5,15.9,3268.8,1180.04,38327.09,0.6,4,2.6,19.8,23.9,0.0,1,5,6
303.35,1201,2,1054,328,102,1,12,2,4,0,1,3,4,63.7,7,55.2,26.9,16.7,8.5,7437.66,4737.79,48011.09,0.5,15,1.6,39.3,47.1,0.0,1,1,6
357.74,281,5,141,9,55,0,0,0,3,1,1,9,0,98.5,0,55.2,73.0,86.5,77.0,8635.78,8506.24,85971.7,0.35,3,5.9,80.1,64.8,97.3,0,3,2
102.17,282,5,161,26,48,0,2,3,1,0,0,0,0,57.7,15,61.9,93.9,93.4,96.8,2819.36,1626.77,8039.34,0.37,10,6.2,86.4,67.1,64.7,1,0,2
87.61,292,5,62,31,40,0,1,3,2,1,1,3,2,73.1,1,97.9,66.4,50.5,95.4,2865.77,2094.88,51811.75,0.49,13,5.7,82.6,97.4,61.1,0,4,10
927.11,2114,0,389,131,164,0,5,4,7,1,0,0,5,12.9,18,48.0,56.0,35.0,9.5,12654.81,1632.47,129926.27,0.71,17,1.8,17.2,56.8,0.0,1,8,13
1721.35,2591,5,91,47,53,0,6,3,0,1,1,4,1,90.2,0,59.5,90.9,54.0,73.2,14982.38,13514.11,193758.47,0.41,8,5.0,56.0,99.5,53.0,1,10,7
1932.72,2261,2,68,8,28,0,3,1,0,0,1,11,0,89.0,0,83.6,72.7,63.0,37.1,91367.44,81317.02,686053.09,0.76,16,6.1,60.0,83.3,0.0,1,12,1
740.64,2331,2,127,14,52,0,8,2,4,1,0,0,2,88.4,0,90.5,90.7,68.0,57.4,27280.57,24116.02,461865.84,0.48,6,6.4,60.0,63.4,0.0,0,1,7
1353.75,2578,4,17,27,20,0,6,0,5,0,1,5,2,81.1,0,89.7,73.3,62.2,91.7,27553.68,22346.03,291294.78,0.41,5,5.4,63.6,88.1,44.2,0,1,7
572.02,464,3,299,82,50,0,4,1,2,0,0,0,0,52.4,32,4.2,62.9,42.5,30.5,21455.01,11242.43,252612.33,0.64,24,3.1,57.7,63.2,0.0,1,11,6
650.21,2410,3,36,35,38,0,1,3,3,1,0,0,0,79.8,4,62.8,74.5,73.7,59.6,5452.97,4351.47,65144.28,0.6,6,5.6,58.1,94.3,0.0,0,8,0
944.48,2029,5,36,61,57,0,0,2,5,1,1,10,1,88.5,0,94.7,99.0,86.5,92.2,23209.38,20540.3,116224.68,0.56,10,4.7,61.2,97.4,49.5,1,8,8
1416.25,1198,1,710,173,170,0,7,2,5,1,1,15,0,15.3,21,55.9,53.2,33.0,37.2,35204.19,5386.24,310480.59,0.7,33,1.7,45.2,42.2,0.0,1,10,4
32.85,80,2,48,57,29,0,6,1,3,0,0,0,1,62.6,17,47.2,75.7,61.9,26.1,623.14,390.09,9305.82,0.65,11,4.7,81.1,72.6,0.0,1,8,8
1334.39,5000,5,81,83,3,0,7,3,3,1,0,0,0,81.3,0,60.1,85.6,79.0,73.9,58065.06,47206.89,202601.94,0.38,8,4.6,68.7,95.2,62.9,1,0,11
275.79,849,4,36,8,37,0,2,5,3,1,1,12,0,71.6,10,51.0,95.1,61.4,67.4,9846.44,7050.05,53897.8,0.35,14,3.9,57.1,86.1,48.0,1,13,7
544.01,1697,0,1031,415,355,0,3,2,8,0,1,8,6,40.8,20,19.9,29.2,35.6,26.8,13558.52,5531.88,196039.71,0.49,9,2.4,29.6,63.9,0.0,1,4,5
1787.77,1475,4,100,28,49,0,5,3,4,1,0,0,2,52.8,21,73.6,97.2,87.9,72.6,16836.19,8889.51,119984.27,0.69,4,5.0,93.6,94.8,38.7,1,0,13
1585.78,2201,3,20,90,30,0,6,2,3,0,0,0,0,56.9,10,69.3,84.3,83.3,22.5,74020.49,42117.66,943836.75,0.73,16,5.9,67.4,92.9,0.0,0,11,13
871.68,1125,4,177,13,57,0,5,3,1,0,0,0,1,89.5,0,66.1,56.8,92.4,78.6,6317.05,5653.76,46843.35,0.55,21,6.2,75.1,93.9,94.5,0,14,10
725.55,1476,0,101,582,262,0,7,2,5,0,1,8,4,40.9,13,10.6,46.6,24.8,16.4,14937.79,6109.56,209853.12,0.58,15,2.8,14.3,47.8,0.0,1,1,14
1797.28,1470,3,928,207,137,0,3,2,3,1,0,0,5,18.0,3,11.1,34.3,14.6,31.9,24008.14,4321.47,366133.04,0.54,4,3.4,34.3,26.4,0.0,0,9,3
1695.94,1738,3,83,84,55,0,4,5,4,1,0,0,2,86.6,0,49.5,85.6,89.4,52.7,34774.11,30114.38,104566.67,0.67,29,5.3,66.5,83.9,0.0,0,2,1
1005.56,1840,2,1098,459,302,1,5,2,8,0,0,0,5,54.1,34,56.8,20.3,16.7,8.5,32255.97,17450.48,163243.36,0.5,5,2.3,45.4,57.1,0.0,1,1,10
1409.97,4088,3,935,674,46,0,7,3,2,1,1,4,0,22.8,35,51.7,63.9,37.0,1.6,64710.26,14753.94,335752.87,0.46,14,2.3,11.8,65.0,0.0,1,1,10
1550.25,5000,1,999,117,163,0,10,4,1,1,0,0,7,51.5,35,36.8,45.5,32.6,17.4,60112.68,30958.03,1173423.92,0.66,18,2.5,54.6,39.9,0.0,1,1,8
1953.26,3539,3,127,80,35,0,7,2,4,1,0,0,0,85.8,0,43.5,77.2,83.5,55.1,35259.8,30252.91,572457.54,0.51,12,6.3,71.9,70.5,0.0,1,2,3
1757.84,1300,3,70,35,8,0,1,0,3,1,0,0,2,71.8,19,72.7,93.3,85.8,45.5,50081.87,35958.78,736026.0,0.32,10,5.9,67.5,84.6,0.0,0,9,11
1657.11,2700,2,34,35,5,0,0,2,1,1,1,2,2,65.5,25,67.0,71.5,56.2,60.3,27604.37,18080.86,298096.29,0.59,26,5.5,67.1,76.6,0.0,1,14,8
971.68,2901,4,58,14,21,0,8,0,2,1,0,0,1,99.0,0,94.7,64.2,93.4,66.7,28767.32,28479.65,229787.73,0.38,9,5.4,61.7,99.4,67.6,0,5,5
1216.92,3573,5,90,70,22,0,6,2,0,1,0,0,0,95.5,0,96.8,66.9,67.0,59.9,11707.04,11180.22,143569.82,0.32,6,6.5,76.1,84.6,97.6,0,6,11
74.52,61,3,844,485,343,0,10,3,8,1,1,2,0,65.8,34,21.8,24.4,11.8,11.0,2381.19,1566.82,29559.08,0.41,11,4.4,23.1,36.3,0.0,1,11,3
993.45,706,5,124,24,47,0,0,1,1,1,0,0,0,80.2,0,69.5,69.8,67.9,75.1,15537.11,12460.76,177381.85,0.59,9,7.7,84.1,90.1,96.7,1,12,0
943.71,3515,4,61,36,48,0,8,1,8,1,1,9,1,63.5,8,53.7,98.3,95.9,63.1,43864.61,27854.03,174778.87,0.57,25,5.8,63.3,96.2,47.9,1,0,6
569.9,2235,4,27,16,6,0,4,0,2,0,0,0,0,61.3,34,62.6,62.1,82.9,73.3,16697.43,10235.52,146241.6,0.54,19,5.5,82.9,64.1,82.2,1,3,8
1309.26,2173,4,141,37,37,0,3,3,1,0,0,0,1,94.6,0,65.2,83.9,67.8,57.7,31183.83,29499.9,267790.4,0.67,7,5.6,81.0,96.0,52.2,1,5,1
1898.09,5000,0,176,292,279,0,3,4,2,0,1,3,8,14.1,34,40.5,62.4,32.5,1.6,71845.34,10130.19,394756.23,0.45,20,3.3,10.1,65.6,0.0,0,4,9
530.06,544,2,153,46,59,0,7,0,2,1,1,8,2,53.3,21,63.3,98.0,76.9,22.0,10934.54,5828.11,182431.99,0.57,28,6.1,99.2,93.2,0.0,1,8,8
1617.26,820,0,930,445,110,0,7,3,2,1,0,0,7,48.6,13,3.7,60.3,37.6,13.6,77451.12,37641.24,1546895.22,0.54,17,3.6,19.1,20.8,0.0,1,0,12
1270.55,4958,2,671,529,300,1,10,1,1,0,0,0,8,62.2,26,52.2,36.5,26.1,38.7,7036.79,4376.88,53553.96,0.74,22,2.8,37.2,43.1,0.0,1,11,4
1955.62,1753,2,105,15,58,0,4,0,5,0,0,0,1,67.7,35,45.6,87.4,62.9,63.6,14829.86,10039.82,186925.48,0.61,18,4.4,79.7,73.1,0.0,1,13,4
969.77,2777,2,157,38,11,0,12,1,3,0,0,0,1,60.9,14,79.5,81.6,54.8,36.9,17869.34,10882.43,264758.71,0.56,16,4.6,65.8,85.5,0.0,1,2,3
1928.45,5000,3,49,54,13,0,8,2,3,1,0,0,2,50.8,12,55.4,72.7,70.4,64.3,36933.61,18762.27,185846.83,0.51,21,6.1,60.3,69.7,0.0,0,4,10
753.62,994,2,145,54,35,0,6,0,3,1,1,1,2,56.4,7,87.0,90.4,98.3,29.3,18877.62,10646.98,89226.14,0.54,26,6.1,86.1,95.4,0.0,1,14,0
1292.34,786,5,64,47,60,0,7,2,0,1,1,3,1,87.2,0,54.7,72.4,93.7,50.8,60092.98,52401.08,335128.9,0.4,17,4.9,77.7,72.3,64.7,1,1,0
1638.4,2019,2,521,284,185,1,9,4,2,1,1,9,2,23.8,5,4.5,54.5,31.6,4.2,60186.4,14324.36,900642.93,0.66,9,3.0,46.7,64.0,0.0,1,4,1
528.62,782,4,135,22,42,0,1,0,4,0,0,0,1,91.6,0,76.7,86.6,86.5,59.6,8931.97,8181.68,166669.89,0.46,22,4.7,70.1,75.9,85.8,0,1,5
491.1,1360,1,358,525,138,0,3,3,1,0,0,0,8,31.5,20,19.1,30.3,12.9,37.3,19226.33,6056.29,234369.65,0.64,5,1.4,33.3,32.4,0.0,1,3,6
424.79,1212,2,80,21,36,0,8,1,1,0,0,0,1,79.8,9,54.8,98.6,99.1,42.5,11782.41,9402.36,27431.26,0.4,8,7.0,85.0,60.6,0.0,0,6,3
1147.0,4382,3,180,34,54,0,7,2,0,1,0,0,2,64.6,15,69.2,56.4,89.7,52.8,15936.82,10295.19,108994.79,0.61,20,4.6,96.3,90.1,0.0,1,13,8
310.9,668,5,95,49,14,0,1,0,3,1,0,0,1,93.2,0,93.0,92.2,74.1,80.9,2816.25,2624.75,8125.52,0.32,9,6.7,80.5,84.6,73.4,1,10,11
1480.73,3698,2,106,81,32,0,7,0,1,1,0,0,2,72.7,23,78.8,84.3,97.6,40.7,34459.81,25052.28,526733.62,0.44,17,5.3,83.2,67.5,0.0,0,2,0
1537.56,1212,4,63,71,22,0,2,2,5,1,0,0,1,53.6,22,57.5,64.2,88.9,51.7,11756.82,6301.66,71927.57,0.78,7,5.6,55.5,97.5,82.0,0,8,1
1360.99,5000,1,214,534,52,0,8,2,6,0,1,1,1,53.3,32,27.1,58.0,49.0,13.7,61059.9,32544.93,330544.07,0.61,6,2.5,19.2,45.4,0.0,1,3,4
980.49,2480,3,62,48,15,0,5,3,1,1,1,1,0,62.8,2,57.8,65.2,59.3,32.3,45261.82,28424.42,406639.3,0.55,23,5.4,99.9,91.5,0.0,0,6,0
1584.24,5000,0,562,182,269,0,9,3,2,0,0,0,4,36.2,6,22.5,58.6,41.3,26.5,25697.23,9302.4,321981.62,0.43,6,3.7,41.6,38.6,0.0,1,9,2
20.57,39,4,72,90,55,0,7,0,0,0,0,0,1,95.0,0,86.3,65.3,55.3,75.4,816.35,775.53,3850.12,0.45,7,7.2,92.7,84.3,67.3,0,14,12
1975.64,4732,3,67,36,35,0,6,3,6,1,0,0,1,69.3,31,85.7,85.6,79.4,36.9,54506.75,37773.18,755415.74,0.32,2,4.5,62.0,87.3,0.0,1,8,2
122.93,402,4,151,17,53,0,5,0,2,0,1,5,1,89.0,0,79.2,67.9,66.9,64.1,1638.73,1458.47,8525.5,0.77,17,6.4,90.6,72.2,38.0,0,11,4
1730.48,3180,4,170,56,33,0,0,2,1,0,0,0,2,92.6,0,79.4,85.9,62.5,75.0,74617.53,69095.83,967412.78,0.42,19,6.5,76.3,95.8,89.5,1,2,5
1160.83,3980,1,109,580,400,0,5,4,1,0,1,10,0,55.8,29,51.0,21.4,27.3,33.6,5857.9,3268.71,72676.12,0.3,5,4.3,30.7,61.9,0.0,1,3,11
1353.61,1911,2,12,36,55,0,7,0,0,1,0,0,2,60.3,18,57.0,82.7,84.5,75.5,56563.96,34108.07,463596.73,0.53,16,5.2,82.1,89.8,0.0,0,14,10
224.91,814,4,153,48,50,0,12,4,3,1,1,8,0,54.0,7,83.7,65.2,82.7,60.0,6195.83,3345.75,121783.95,0.62,9,5.1,82.4,76.0,79.6,0,14,6
140.44,557,0,1179,337,333,0,6,4,1,1,1,9,4,33.9,29,3.4,48.6,22.2,21.2,560.78,190.1,4773.15,0.57,13,1.8,45.7,24.9,0.0,1,5,12
980.17,2009,2,180,28,5,0,1,0,2,1,0,0,0,60.2,1,68.5,95.9,67.5,64.1,3343.62,2012.86,15449.6,0.51,12,7.1,74.9,87.7,0.0,1,7,5
1242.18,4489,0,556,159,205,0,12,4,1,1,1,7,6,50.8,13,44.1,27.6,36.1,32.6,13816.54,7018.8,39582.92,0.56,22,1.4,35.3,56.8,0.0,1,4,12
1277.4,4813,1,538,276,351,0,10,5,7,1,0,0,7,35.2,25,5.6,26.5,53.8,35.3,26441.3,9307.34,408686.44,0.59,20,3.4,47.3,66.1,0.0,1,10,4
1073.04,2512,2,165,25,6,0,5,0,0,1,1,10,0,91.4,0,71.9,73.3,89.5,49.5,21733.73,19864.63,406249.47,0.36,4,5.3,95.0,60.6,0.0,1,0,9
897.9,3519,2,137,2,16,0,0,3,2,1,0,0,2,73.7,27,44.3,78.5,89.6,29.8,2241.07,1651.67,33724.59,0.43,18,6.0,97.8,63.7,0.0,1,14,7
1115.53,835,4,13,85,23,0,1,1,2,0,1,9,0,93.7,0,55.2,77.8,77.5,64.9,3627.6,3399.06,43016.31,0.41,3,5.0,85.0,73.7,35.6,0,14,2
558.91,1069,3,20,50,15,0,9,4,4,1,0,0,0,56.8,19,59.1,89.8,49.6,23.8,25168.27,14295.58,138399.23,0.39,4,4.2,95.5,64.4,0.0,1,4,3
1980.68,3261,2,150,30,43,0,7,3,4,0,0,0,1,61.2,4,85.3,63.6,88.9,31.8,20729.61,12686.52,313473.04,0.41,18,5.1,95.8,72.1,0.0,1,14,11
900.71,3099,5,86,81,3,0,9,4,3,0,0,0,2,76.2,30,97.4,97.6,95.8,82.5,17602.36,13413.0,240127.5,0.39,3,4.1,91.8,84.8,93.3,1,13,12
286.13,528,1,616,530,117,0,2,3,6,1,1,5,2,63.5,34,45.9,40.3,48.1,19.2,2623.5,1665.92,24042.66,0.49,18,1.8,12.6,61.3,0.0,1,10,0
527.56,1426,2,89,90,47,0,4,3,3,0,0,0,2,69.9,6,64.2,79.7,99.8,30.9,7728.12,5401.96,123432.3,0.59,24,5.9,92.3,63.8,0.0,1,4,14
1751.23,3199,3,125,84,4,0,3,0,3,1,0,0,1,98.3,0,87.4,85.7,45.3,41.1,63022.58,61951.2,961412.0,0.53,25,6.3,87.7,96.1,0.0,0,2,6
828.59,1457,0,603,446,263,0,10,5,5,0,0,0,4,19.7,9,14.5,18.3,40.3,11.4,32650.2,6432.09,319257.05,0.34,5,4.2,11.3,44.3,0.0,1,5,2
770.8,458,2,133,72,39,0,1,1,4,1,1,8,1,93.2,0,55.6,82.4,73.7,54.8,22748.97,21202.04,392781.32,0.42,8,6.2,57.5,76.8,0.0,0,5,5
1171.61,2414,0,654,432,210,0,12,1,3,1,1,14,1,12.7,3,3.9,50.8,38.2,5.2,31735.12,4030.36,622213.85,0.51,11,2.3,35.4,66.8,0.0,1,10,8
1722.83,4296,2,1032,610,323,1,8,3,5,0,1,12,5,61.9,20,4.5,32.2,11.1,38.0,12015.66,7437.69,54302.11,0.66,10,2.6,43.9,59.9,0.0,1,14,8
1879.46,2032,1,599,712,151,0,7,3,6,0,0,0,7,64.9,2,3.5,55.8,33.4,37.3,86760.29,56307.43,259979.85,0.47,2,1.9,16.8,43.8,0.0,1,13,10
604.41,2145,4,141,90,26,0,5,2,4,1,0,0,2,56.1,8,96.2,88.5,90.2,92.0,20692.11,11608.27,127062.59,0.46,7,7.7,93.2,67.1,76.2,0,5,12
893.65,1785,1,543,180,328,0,3,3,2,0,0,0,8,30.0,9,26.2,35.4,26.9,3.5,34362.2,10308.66,321329.76,0.78,31,2.6,18.3,53.5,0.0,1,5,13
193.64,572,3,253,187,326,0,10,3,3,0,1,14,3,40.1,11,32.3,15.6,37.3,34.2,2879.68,1154.75,45844.87,0.52,4,3.3,15.5,31.5,0.0,1,8,12
1474.92,3583,2,108,37,41,0,8,1,5,1,0,0,2,80.7,0,91.8,89.2,49.9,40.1,18079.56,14590.2,166748.52,0.51,3,4.8,97.5,84.7,0.0,1,10,3
732.78,2211,0,448,591,31,0,3,2,2,0,1,7,1,50.6,18,47.7,40.6,24.1,19.4,27747.29,14040.13,362218.16,0.58,7,1.4,26.9,56.3,0.0,0,9,14
1580.33,4095,5,127,42,25,0,4,0,3,1,0,0,0,93.5,0,95.6,69.1,99.3,95.5,69725.14,65193.01,918658.98,0.66,16,6.0,56.4,64.4,72.6,0,5,6
1743.27,2472,4,94,62,52,0,8,2,2,1,0,0,1,84.4,0,59.1,97.0,76.6,54.9,62956.71,53135.46,336904.56,0.56,3,6.8,81.9,71.7,95.2,1,9,8
1799.8,2007,5,100,59,32,0,4,0,2,1,0,0,1,60.5,12,93.0,61.5,91.5,93.6,69109.02,41810.96,425722.56,0.79,30,6.0,86.2,77.6,85.7,1,0,13
433.1,1504,5,163,29,28,0,3,1,2,0,0,0,1,55.4,19,84.5,87.2,88.0,68.9,12764.5,7071.53,229269.53,0.4,12,6.6,69.1,96.8,80.4,0,6,7
167.06,560,2,54,70,6,0,3,1,8,1,0,0,2,71.0,23,46.5,83.2,79.9,24.1,5062.71,3594.52,42936.82,0.47,22,4.6,95.5,65.4,0.0,1,12,0
905.9,1543,4,47,67,0,0,5,0,2,0,0,0,2,68.8,14,89.1,75.2,50.1,53.6,2594.51,1785.02,6847.75,0.44,7,5.2,56.7,75.6,88.7,0,9,9
1507.81,1195,3,677,160,299,0,7,4,2,1,0,0,8,32.5,4,16.8,22.0,10.8,21.8,58493.7,19010.45,770347.42,0.41,14,2.5,23.3,32.4,0.0,1,4,9
1615.09,4597,3,23,90,58,0,7,3,1,1,1,9,2,76.4,9,50.3,88.2,88.9,38.5,59750.96,45649.73,678532.4,0.62,5,4.9,85.3,92.4,0.0,0,9,6
1675.57,5000,1,757,202,303,0,6,3,7,0,0,0,0,78.0,17,40.5,62.3,10.4,32.7,56165.28,43808.92,830814.76,0.55,21,3.2,20.7,46.9,0.0,1,3,10
273.22,348,4,27,65,12,0,1,0,5,1,0,0,2,79.2,31,73.6,91.2,57.2,61.7,3334.41,2640.85,42884.81,0.69,12,5.6,66.7,90.7,74.5,0,7,6
1542.76,4991,1,211,508,218,0,5,5,3,1,1,6,2,79.9,27,5.7,30.5,52.7,4.1,13133.58,10493.73,171582.93,0.5,21,3.0,10.4,39.1,0.0,1,9,9
490.99,705,3,96,82,36,0,11,4,2,1,1,8,1,77.6,3,49.4,63.4,64.0,38.1,9818.18,7618.91,147040.95,0.48,22,4.4,88.8,81.4,0.0,0,9,0
32.13,107,5,74,86,18,0,2,2,2,1,1,5,1,89.5,0,77.0,83.4,79.7,51.9,1150.02,1029.27,2635.38,0.58,17,4.6,72.0,93.2,58.7,1,7,6
1575.28,1667,4,112,1,15,0,0,0,1,0,0,0,1,82.6,0,78.0,66.9,97.9,76.8,41066.49,33920.92,623112.84,0.66,4,6.1,58.0,75.4,77.1,1,9,4
923.13,2587,2,35,72,13,0,7,2,3,0,0,0,2,91.5,0,40.7,55.2,78.9,54.9,18877.83,17273.21,176797.57,0.32,5,5.9,59.8,67.6,0.0,0,6,5
1265.57,2981,1,503,595,38,0,4,2,6,1,1,3,4,69.6,29,35.1,62.5,50.1,16.2,42642.44,29679.14,334648.8,0.66,13,2.2,25.8,29.8,0.0,1,0,8
902.66,1376,3,54,11,11,0,1,1,4,1,1,8,1,92.1,0,68.9,70.6,79.5,74.5,38060.23,35053.47,254324.43,0.57,10,6.0,81.5,88.0,0.0,1,0,3
564.26,1460,5,90,29,30,0,8,1,4,0,1,14,2,96.3,0,87.4,79.5,57.9,50.1,7326.07,7055.01,132639.4,0.65,29,4.6,63.1,68.7,31.1,1,11,4
882.04,2211,3,317,516,221,0,8,4,7,1,1,3,1,61.3,18,18.3,46.1,26.8,33.2,4483.15,2748.17,38823.49,0.39,4,3.2,45.4,56.3,0.0,1,13,7
761.16,1873,3,198,161,301,0,12,5,5,0,1,9,2,52.4,30,30.9,46.0,29.9,36.0,12149.51,6366.34,79122.19,0.4,2,2.3,59.6,61.4,0.0,1,13,12
827.42,2046,2,576,379,120,1,4,5,4,0,1,13,3,44.2,35,46.0,15.7,49.2,29.8,2143.19,947.29,38536.51,0.73,12,2.7,24.0,31.5,0.0,1,5,13
1950.74,3703,3,147,663,127,0,9,4,5,0,0,0,5,33.1,5,10.0,28.7,32.3,37.3,33638.38,11134.3,95302.11,0.66,23,2.0,49.6,60.7,0.0,1,4,8
1115.45,4383,0,656,224,244,0,10,5,8,1,0,0,6,67.1,36,6.8,33.6,17.0,19.3,11796.42,7915.4,34721.51,0.67,25,2.0,28.7,53.3,0.0,1,2,1
1830.05,2558,0,546,595,188,0,10,4,2,1,0,0,1,99.7,0,46.5,58.2,50.7,15.9,52767.48,52609.18,797754.6,0.75,21,3.3,39.5,65.5,0.0,1,4,13
1431.77,3226,4,19,2,31,0,10,2,5,1,1,2,0,73.9,10,61.4,91.5,51.7,92.5,19712.35,14567.43,307868.12,0.76,22,6.0,96.9,96.0,69.7,0,3,1
949.63,644,2,18,1,48,0,7,5,2,0,0,0,1,54.9,31,73.2,60.5,89.8,71.8,44844.8,24619.8,402341.72,0.57,16,5.2,91.0,90.7,0.0,1,4,8
202.42,175,2,901,573,241,1,4,5,6,0,1,11,6,32.3,35,51.7,58.2,14.3,10.5,1340.15,432.87,22358.12,0.58,24,2.1,24.8,58.4,0.0,1,4,6
611.45,2307,4,176,33,16,0,3,3,1,1,0,0,2,57.2,5,84.9,86.2,64.3,87.0,10000.67,5720.38,56778.25,0.51,12,7.9,84.4,71.2,87.2,1,10,3
272.45,1066,2,53,17,13,0,4,3,4,0,0,0,0,54.1,1,58.2,95.4,87.0,39.3,11471.87,6206.28,151046.19,0.52,21,6.7,63.0,91.4,0.0,0,12,6
79.86,274,0,857,548,380,0,8,3,1,0,0,0,0,72.8,28,43.8,39.3,21.4,15.6,1150.94,837.88,2632.89,0.65,29,1.9,48.2,58.0,0.0,1,0,1
277.31,521,2,718,591,149,1,9,2,6,0,0,0,0,67.3,15,2.3,27.7,51.7,25.7,8747.18,5886.85,81642.9,0.43,4,1.6,28.8,25.0,0.0,1,1,2
1326.35,4545,3,853,685,154,0,12,2,1,1,1,14,0,70.6,33,19.4,56.1,16.3,32.0,39391.16,27810.16,670877.72,0.38,16,2.8,30.4,64.2,0.0,1,1,12
308.49,188,2,20,17,10,0,9,3,1,1,1,2,0,55.9,6,62.0,89.6,76.3,73.0,6404.86,3580.32,79546.02,0.54,23,5.9,57.2,66.8,0.0,1,9,7
183.98,385,3,345,558,250,0,8,1,4,0,1,12,1,15.1,15,16.3,25.5,49.3,3.2,8283.44,1250.8,87101.03,0.64,8,1.9,47.0,57.5,0.0,1,6,13
794.4,1657,0,175,218,135,0,8,4,8,0,1,2,5,14.8,15,1.9,15.1,43.6,7.8,20020.17,2962.99,125396.5,0.39,19,3.1,10.5,50.9,0.0,1,11,9
473.66,857,5,118,31,16,0,3,3,4,1,0,0,1,79.5,33,55.0,55.0,75.9,99.3,8389.32,6669.51,157382.87,0.28,4,5.5,93.9,64.3,33.6,1,0,2
506.12,840,0,1096,341,182,0,12,2,4,0,1,10,6,31.5,29,44.0,63.1,16.4,22.6,3199.45,1007.83,50186.25,0.72,7,2.9,20.0,55.5,0.0,1,11,4
1909.15,2393,0,754,90,31,0,11,3,7,1,1,13,1,57.5,13,42.0,33.0,47.7,23.9,21791.78,12530.27,424335.56,0.39,7,4.0,33.6,38.8,0.0,1,8,11
862.0,2383,3,95,44,17,0,1,2,4,1,0,0,0,91.3,0,84.1,92.7,87.9,52.7,37222.86,33984.47,366159.84,0.41,15,6.3,66.4,92.6,0.0,0,11,7
718.5,2813,2,29,7,59,0,3,1,3,0,0,0,0,94.2,0,62.3,57.5,48.3,39.1,6654.47,6268.51,77617.34,0.42,13,5.7,85.7,64.0,0.0,0,5,3
584.1,1335,3,457,111,251,0,10,2,2,1,0,0,1,44.5,9,50.8,29.4,48.0,18.4,19309.87,8592.89,248083.46,0.65,10,3.2,54.5,23.3,0.0,1,13,1
1488.39,3463,3,92,40,4,0,1,2,0,1,0,0,2,75.6,5,69.1,99.9,72.0,60.0,66581.12,50335.33,816481.05,0.58,27,5.3,91.6,69.9,0.0,1,8,12
998.34,888,3,506,672,216,0,3,3,6,0,1,13,4,25.6,22,56.7,47.0,45.8,35.8,18660.84,4777.18,81302.27,0.35,11,2.6,19.9,28.4,0.0,1,5,11
856.67,443,3,145,1,28,0,6,1,4,1,0,0,2,67.0,2,88.4,85.2,50.8,68.9,35362.67,23692.99,152736.85,0.48,4,6.9,61.2,84.7,0.0,0,5,12
1760.13,5000,2,140,14,58,0,6,3,6,1,0,0,1,79.0,25,53.3,76.3,51.1,45.4,54678.93,43196.35,139442.15,0.48,7,5.5,87.2,68.7,0.0,0,2,8
504.66,1780,5,78,68,51,0,0,3,3,0,0,0,0,93.2,0,85.3,74.3,64.7,74.6,11786.02,10984.57,190370.22,0.47,22,7.6,93.3,65.1,86.6,0,0,3
1011.43,3566,3,135,7,56,0,5,2,0,1,0,0,2,65.0,30,81.5,70.2,56.5,66.3,17567.7,11419.01,118886.34,0.34,11,6.9,58.5,94.9,0.0,0,6,5
781.87,519,4,15,70,10,0,4,3,1,1,0,0,2,63.4,11,80.8,69.6,72.5,55.3,13993.75,8872.04,124196.84,0.38,10,6.0,86.5,68.6,91.2,0,14,7
1129.22,1258,2,584,599,111,1,2,2,1,0,1,7,5,62.4,19,10.1,60.4,16.8,8.0,44022.15,27469.82,624835.63,0.31,14,1.9,27.1,69.7,0.0,1,4,2
1674.91,3042,4,135,34,21,0,6,0,2,1,0,0,0,86.4,0,55.5,91.6,73.5,93.3,57825.51,49961.24,775736.04,0.43,9,6.1,60.2,63.4,61.8,0,6,5
1537.07,4708,2,647,111,78,1,8,1,8,1,1,8,0,45.1,2,44.3,63.7,54.5,14.6,34864.58,15723.93,532077.97,0.6,24,2.4,15.7,47.2,0.0,1,1,6
958.21,2427,2,136,54,19,0,6,1,7,0,0,0,1,70.8,30,69.4,57.1,98.0,33.6,15924.68,11274.67,242626.65,0.66,17,4.1,69.1,66.9,0.0,0,1,8
1788.49,4588,5,35,68,44,0,0,0,2,1,0,0,1,56.1,35,59.4,86.6,54.8,81.8,11253.42,6313.17,181497.16,0.46,5,6.1,61.2,74.2,70.2,1,14,11
699.59,1657,4,65,66,59,0,4,3,2,1,0,0,1,80.7,0,42.3,91.5,82.8,83.1,21823.27,17611.38,153195.02,0.49,9,4.8,80.1,70.7,48.4,0,10,7
1786.52,1653,0,487,567,222,0,4,3,5,1,0,0,5,35.1,17,21.4,60.5,17.2,37.5,14456.96,5074.39,199680.07,0.66,14,1.8,37.3,30.4,0.0,1,9,14
1147.7,1514,3,33,38,12,0,5,1,5,0,0,0,1,73.5,13,80.4,81.5,45.3,54.3,33451.36,24586.75,341805.94,0.33,15,5.5,67.9,93.3,0.0,1,3,11
369.17,1130,3,57,28,37,0,1,1,2,1,0,0,2,70.3,26,60.5,88.6,51.7,55.9,2506.42,1762.01,47962.72,0.56,8,5.7,58.9,80.8,0.0,0,7,3
1302.19,1473,1,707,362,197,0,10,4,8,0,0,0,3,34.7,10,37.7,19.2,50.3,6.0,36380.23,12623.94,378424.03,0.66,27,3.8,41.3,69.8,0.0,1,10,14
1588.53,5000,4,68,21,46,0,2,1,1,1,1,2,0,89.5,0,66.1,79.5,75.6,69.8,25211.13,22563.96,184794.8,0.72,4,6.1,84.7,63.2,70.7,1,12,14
1337.84,4714,5,17,53,3,0,6,3,5,1,0,0,2,86.5,0,50.5,75.5,79.5,70.5,38398.4,33214.62,529818.8,0.49,14,6.3,61.2,80.5,80.7,1,2,10
1330.47,5000,2,139,23,22,0,5,1,2,1,0,0,0,54.3,5,52.9,78.0,74.2,79.8,33551.23,18218.32,587025.91,0.5,14,7.3,55.1,75.3,0.0,0,12,0
1793.87,4600,2,101,38,56,0,7,2,4,0,1,4,2,99.6,0,69.4,84.1,80.0,36.0,55638.85,55416.29,573959.45,0.53,22,6.2,71.4,99.9,0.0,1,7,7
1064.35,1195,5,81,12,53,0,6,1,4,1,0,0,2,59.7,10,59.2,74.6,93.9,83.7,23072.31,13774.17,245941.79,0.34,5,5.2,74.6,95.7,90.7,1,6,11
340.94,873,3,1062,436,162,0,5,2,5,0,0,0,3,12.6,28,24.1,55.7,53.8,8.6,9172.92,1155.79,52458.17,0.42,16,3.1,12.7,48.5,0.0,1,6,5
29.55,78,4,18,77,30,0,9,4,1,1,1,2,2,72.6,15,82.1,56.8,80.0,84.4,57.42,41.69,323.61,0.47,20,3.9,68.7,91.2,71.4,1,11,5
684.38,2154,4,108,65,8,0,10,4,1,1,1,13,1,99.1,0,63.1,58.6,72.3,64.9,27171.05,26926.51,157839.75,0.48,15,5.0,57.6,63.3,84.8,1,10,9
881.77,574,4,91,60,28,0,2,4,3,1,1,11,0,65.1,17,78.9,64.0,70.8,58.6,27646.86,17998.11,159280.44,0.65,29,4.4,98.3,84.6,79.4,1,6,4
1426.59,1535,3,880,461,286,0,10,4,8,0,0,0,2,53.6,32,42.6,56.9,38.8,35.3,44980.48,24109.54,677459.58,0.72,10,1.6,20.2,50.7,0.0,1,13,13
1444.32,3862,1,254,171,143,0,12,1,1,1,0,0,3,50.8,15,50.9,32.9,43.7,26.6,44766.22,22741.24,489485.27,0.62,15,3.6,51.3,56.4,0.0,1,5,14
1268.24,3255,4,171,84,31,0,4,3,0,1,0,0,0,58.8,9,93.3,99.3,64.6,94.2,59568.17,35026.08,543777.07,0.59,24,6.7,58.3,93.3,96.7,0,8,6
621.05,2365,3,150,3,35,0,5,5,6,1,1,4,1,63.6,34,93.4,98.2,86.4,29.4,20877.49,13278.08,401348.22,0.51,16,5.6,61.9,71.6,0.0,1,2,5
701.15,1574,0,415,212,180,0,11,4,3,1,1,10,8,25.3,31,22.0,38.2,33.2,13.3,19252.02,4870.76,127239.63,0.79,33,2.9,38.0,63.3,0.0,1,6,1
375.9,1130,0,957,679,166,0,11,5,1,0,1,8,1,59.4,21,18.0,50.1,37.0,14.2,2449.67,1455.1,13343.66,0.37,15,4.0,21.3,24.5,0.0,1,3,5
21.03,53,4,174,25,27,0,4,4,8,0,0,0,2,61.2,23,98.5,80.6,70.4,87.8,489.65,299.67,3740.99,0.36,6,5.8,64.4,79.7,78.2,0,7,9
440.81,399,3,747,151,87,0,4,3,6,0,1,3,5,18.9,17,49.1,56.6,38.3,9.2,5225.19,987.56,75577.26,0.44,10,2.2,22.2,56.0,0.0,1,6,12
363.57,846,2,12,78,49,0,2,0,4,1,0,0,0,77.0,19,71.7,75.2,62.7,47.7,1795.14,1382.26,25602.31,0.44,20,5.5,71.5,61.3,0.0,1,9,9
1363.97,2908,2,62,24,47,0,3,3,1,0,0,0,0,66.7,17,96.6,86.5,64.6,28.4,56512.79,37694.03,640045.42,0.35,5,6.1,88.1,90.0,0.0,1,4,11
920.41,560,0,830,715,60,0,12,4,2,1,0,0,1,51.2,32,28.4,21.3,18.0,26.0,44595.22,22832.75,237951.28,0.6,5,1.5,39.4,38.2,0.0,1,2,6
1105.29,3172,0,180,79,55,0,12,3,7,0,0,0,6,61.8,7,37.2,64.2,10.2,27.0,41903.84,25896.57,542476.85,0.52,26,3.4,50.2,45.5,0.0,1,3,10
684.99,362,1,1003,591,263,0,6,4,7,0,1,1,7,48.8,22,54.2,25.5,39.9,38.7,9204.62,4491.85,181764.05,0.62,22,1.7,57.3,31.5,0.0,1,1,8
1484.56,2255,2,447,81,297,1,6,2,7,1,1,11,5,31.3,14,20.7,31.0,34.1,25.7,18639.82,5834.26,370493.15,0.57,10,1.6,29.3,27.1,0.0,1,9,8
1543.38,2276,3,87,19,55,0,2,2,0,1,0,0,0,83.6,0,98.1,55.6,53.1,34.3,2697.74,2255.31,49891.38,0.4,16,7.4,63.1,86.1,0.0,0,2,5
101.18,70,4,50,18,52,0,9,1,3,0,1,13,2,55.9,2,84.1,84.3,75.5,82.1,4393.42,2455.92,56761.72,0.6,13,4.8,71.6,67.2,56.9,1,4,10
1271.44,4530,3,686,129,314,0,6,5,5,0,1,10,2,66.6,8,98.7,66.4,49.9,24.1,24503.86,16319.57,162118.99,0.49,14,4.7,31.0,40.4,0.0,1,9,7
192.26,589,5,108,82,29,0,11,1,3,1,1,8,0,82.2,0,52.3,85.3,50.4,89.6,6111.48,5023.64,53532.72,0.67,22,4.9,93.2,65.5,41.4,1,4,4
1766.22,4000,3,688,261,299,0,3,2,3,0,1,8,2,48.9,4,4.3,44.7,50.1,29.2,45673.35,22334.27,812128.84,0.37,17,2.7,32.5,42.0,0.0,1,3,3
498.68,602,2,933,195,335,1,10,3,5,0,0,0,2,56.0,13,41.8,57.7,14.1,5.9,14991.33,8395.14,179249.85,0.39,3,2.8,47.4,33.9,0.0,1,5,3
1052.09,3784,0,563,544,90,0,4,5,7,0,1,8,8,55.8,20,4.3,58.5,31.7,26.2,21016.88,11727.42,218082.18,0.69,27,3.2,18.7,58.4,0.0,1,4,4
1607.77,1252,5,115,64,49,0,5,2,4,0,0,0,0,76.2,29,63.2,79.2,91.3,76.0,63652.97,48503.56,717622.43,0.65,31,5.4,93.2,75.3,69.1,0,12,4
1051.07,2992,3,70,65,50,0,3,3,5,0,0,0,1,91.8,0,66.6,82.9,98.6,63.2,10383.21,9531.79,87842.71,0.53,23,5.6,57.8,96.6,0.0,0,0,6
1398.82,4200,3,1130,568,292,0,3,2,2,1,0,0,3,10.4,34,10.5,35.9,22.2,27.7,46260.54,4811.1,679975.76,0.6,4,2.4,54.3,68.1,0.0,1,4,8
222.29,362,2,158,58,4,0,8,3,4,1,1,8,0,77.1,8,84.3,82.0,47.9,38.8,6021.77,4642.78,93958.36,0.49,15,6.6,71.9,90.5,0.0,1,8,5
184.82,385,5,52,65,15,0,3,3,3,1,0,0,1,81.6,0,63.2,85.3,76.9,91.6,8013.14,6538.72,88669.35,0.59,17,5.9,84.9,60.8,99.9,0,8,6
1975.29,5000,1,821,475,296,0,9,3,3,0,1,2,5,14.2,14,21.8,57.0,47.2,33.7,93467.56,13272.39,1679330.42,0.7,17,1.6,55.4,45.7,0.0,1,2,13
174.09,539,3,34,44,12,0,6,1,5,0,0,0,0,98.9,0,59.3,85.1,55.1,49.6,5945.61,5880.21,112362.06,0.65,26,6.2,58.7,92.6,0.0,1,11,14
844.34,1335,4,932,556,256,0,11,2,5,0,0,0,1,55.9,5,66.8,90.5,46.9,97.5,15519.19,8675.23,95307.13,0.72,19,3.8,46.3,66.0,38.6,1,7,1
645.68,1371,0,166,440,378,0,9,1,7,1,1,2,2,78.9,31,48.5,62.3,36.5,25.0,2784.06,2196.62,33036.4,0.57,23,2.5,56.6,31.3,0.0,1,12,6
14.3,21,2,126,398,256,0,6,5,1,1,0,0,7,38.7,14,16.1,41.6,32.7,19.6,249.31,96.48,1741.24,0.6,16,1.3,42.0,34.7,0.0,1,5,13
821.32,1877,0,217,639,172,0,2,1,7,0,0,0,7,32.4,29,27.7,46.9,27.4,21.6,36551.97,11842.84,194562.01,0.52,23,3.1,24.5,62.7,0.0,1,10,3
1887.25,2342,0,254,698,58,0,8,2,5,0,1,5,6,24.1,27,22.8,41.6,48.8,32.5,62038.89,14951.37,844563.7,0.57,15,1.6,24.1,52.8,0.0,1,0,8
1449.24,3241,3,117,50,24,0,10,2,5,1,1,13,2,98.7,0,90.2,72.0,71.3,25.0,55794.99,55069.66,1094226.81,0.64,13,4.8,85.3,97.9,0.0,1,14,10
1854.48,5000,3,109,51,32,0,7,1,5,1,0,0,1,77.7,20,51.1,74.7,47.3,41.7,68500.96,53225.25,1088207.08,0.36,7,6.8,61.4,70.5,0.0,0,0,5
858.01,651,2,113,84,9,0,5,1,3,0,0,0,0,80.1,0,50.1,98.5,94.5,57.3,20658.22,16547.23,282210.75,0.52,13,6.2,93.0,78.6,0.0,0,1,12
1193.36,1508,4,81,49,36,0,7,3,7,0,0,0,2,50.6,5,85.4,96.3,80.0,79.7,28021.94,14179.1,276712.95,0.53,18,5.6,72.5,83.1,76.3,0,1,12
966.61,1795,5,176,77,18,0,4,0,0,0,0,0,2,90.5,0,52.2,70.9,70.5,77.0,18536.54,16775.57,288089.95,0.48,11,5.4,90.8,70.0,78.4,0,4,12
1846.11,3751,3,176,313,330,0,6,4,4,1,1,14,4,69.5,31,54.8,19.8,44.8,33.9,34654.59,24084.94,620403.17,0.53,19,2.2,56.3,46.6,0.0,1,6,3
382.93,1120,2,79,66,22,0,8,0,0,1,0,0,2,84.1,0,53.1,84.7,76.8,57.3,17474.52,14696.07,50152.86,0.62,27,5.8,64.4,95.5,0.0,1,13,8
1282.31,4492,2,678,284,80,1,10,1,3,1,1,3,1,56.6,4,4.7,18.1,14.3,26.2,47016.36,26611.26,788151.04,0.62,4,3.5,48.0,40.0,0.0,1,3,8
766.54,2268,3,1136,366,168,0,7,1,7,0,1,7,8,17.8,27,15.0,33.6,24.1,13.2,34981.79,6226.76,286887.52,0.57,9,2.7,24.9,65.4,0.0,1,8,12
1430.0,3404,2,146,43,31,0,2,4,6,1,1,1,0,86.1,0,95.3,80.6,91.0,61.0,44053.19,37929.8,159529.21,0.64,32,4.6,65.3,62.9,0.0,0,6,1
193.08,385,5,142,43,31,0,2,3,2,1,0,0,2,70.8,12,63.3,64.9,82.6,60.0,1200.91,850.24,18881.77,0.37,3,7.2,60.5,71.3,96.1,0,2,3
639.66,1712,0,884,265,83,0,11,4,8,1,1,3,0,55.6,13,47.6,37.3,28.5,23.5,8565.83,4762.6,34675.15,0.33,10,3.3,11.9,35.4,0.0,1,4,11
698.02,1817,5,76,5,7,0,2,2,3,1,1,14,1,58.6,4,89.2,83.4,80.8,70.2,32505.96,19048.49,521929.5,0.44,19,5.6,75.4,94.3,95.7,0,11,9
899.79,1804,2,107,21,0,0,3,3,0,1,0,0,2,55.4,25,48.1,99.9,57.9,39.4,2701.73,1496.76,5488.1,0.42,20,4.5,98.5,97.8,0.0,0,11,11
824.46,2586,2,153,49,29,0,6,3,4,1,0,0,0,96.5,0,87.6,68.8,72.3,21.6,4605.95,4444.74,61720.14,0.47,2,6.1,88.4,84.6,0.0,0,9,11
346.46,812,2,44,75,39,0,0,2,0,0,0,0,2,68.7,16,86.2,61.0,58.3,37.5,14315.83,9834.98,216257.32,0.54,7,6.4,78.3,98.5,0.0,1,11,6
582.49,631,3,77,54,44,0,8,2,6,1,1,11,0,96.5,0,45.2,76.7,59.7,29.5,14689.16,14175.04,244526.32,0.47,12,4.7,92.0,68.8,0.0,1,9,2
727.05,828,3,1114,419,381,0,10,3,5,1,1,15,4,38.8,35,10.2,42.6,27.2,6.9,22933.45,8898.18,443449.13,0.72,28,1.3,22.9,68.7,0.0,1,13,13
285.09,346,5,67,51,2,0,8,0,1,1,0,0,0,83.4,0,51.5,63.9,85.5,93.9,5072.87,4230.77,68390.97,0.5,5,6.5,88.2,71.8,96.8,0,14,7
73.12,207,4,147,66,40,0,8,0,2,1,0,0,2,80.7,0,51.2,63.4,95.8,95.1,119.87,96.74,1360.82,0.43,6,5.4,78.0,84.0,78.5,1,1,12
837.64,1180,2,68,35,49,0,6,3,3,1,1,9,0,78.8,36,76.0,72.4,71.9,65.2,17696.02,13944.46,205336.66,0.4,16,4.6,65.2,91.4,0.0,0,5,3
1231.43,4102,2,161,71,43,0,4,1,4,1,0,0,2,54.3,12,95.9,60.7,78.2,76.4,14903.87,8092.8,188676.23,0.4,10,5.6,71.5,84.1,0.0,1,3,11
584.64,1979,5,68,45,27,0,4,1,5,1,0,0,2,94.2,0,92.4,88.3,46.9,66.8,20542.19,19350.74,279239.35,0.56,8,4.9,63.4,81.6,64.8,0,13,14
873.58,1277,5,38,70,39,0,5,3,1,1,0,0,1,99.7,0,46.5,79.5,87.2,65.4,28667.8,28581.8,395255.89,0.6,14,5.4,98.6,96.4,92.4,0,10,4
1508.26,3276,5,46,64,3,0,3,2,5,0,0,0,2,98.7,0,83.9,80.4,46.1,77.3,40652.29,40123.81,622633.16,0.62,4,6.6,74.4,60.6,40.3,0,0,14
1222.2,4843,3,184,453,355,0,5,3,5,0,0,0,4,51.6,13,49.5,37.3,43.9,38.1,60621.95,31280.93,240929.99,0.41,13,2.3,58.8,21.3,0.0,1,14,9
1597.29,4986,1,1107,151,269,0,3,2,2,0,1,5,7,38.0,31,35.4,21.9,37.5,37.4,73630.6,27979.63,576873.01,0.8,11,1.8,27.3,28.2,0.0,0,3,1
1354.66,4851,4,60,51,33,0,4,1,4,0,1,7,1,83.6,0,79.6,69.0,53.5,52.4,23118.26,19326.87,254921.26,0.53,5,4.4,76.2,68.4,83.3,0,9,8
1495.76,5000,0,198,697,128,0,6,5,3,0,0,0,0,64.6,20,40.7,64.4,39.0,26.6,55879.47,36098.14,198938.98,0.35,15,4.3,18.7,54.6,0.0,0,12,7
838.24,3271,2,324,573,321,1,7,3,4,1,0,0,2,58.7,30,52.4,59.9,41.3,27.7,906.72,532.24,15173.28,0.42,18,2.6,43.0,27.6,0.0,1,3,3
1851.25,1265,3,99,57,20,0,5,0,3,1,0,0,2,93.5,0,69.4,71.3,69.3,28.2,43947.58,41090.99,675029.84,0.49,2,5.5,69.6,61.5,0.0,0,12,5
885.53,3428,3,718,700,377,0,3,4,5,0,0,0,1,73.9,13,4.5,31.8,43.8,3.5,40839.76,30180.58,227489.94,0.68,23,3.2,33.0,53.6,0.0,1,1,13
53.28,105,3,198,247,316,0,5,4,8,0,1,15,1,61.8,30,53.6,59.3,39.0,5.7,1738.92,1074.65,6435.01,0.49,10,4.4,10.6,47.8,0.0,1,3,9
1366.46,3196,0,395,600,241,0,2,2,1,1,1,4,6,15.9,23,37.3,47.6,38.5,3.9,23768.43,3779.18,185657.52,0.64,27,1.8,33.5,38.8,0.0,1,1,14
270.06,591,5,61,36,16,0,6,1,2,0,0,0,1,90.0,0,63.6,92.6,60.3,51.4,12048.45,10843.61,218028.02,0.63,26,6.2,90.1,93.0,44.7,1,10,4
1971.6,5000,2,24,56,43,0,10,4,8,0,1,9,0,66.1,13,95.1,70.0,80.7,54.1,82330.13,54420.22,1528630.97,0.75,12,4.8,99.5,74.9,0.0,1,6,1
771.75,2298,4,111,59,29,0,4,2,2,1,0,0,0,66.4,5,97.5,55.5,93.1,92.6,35464.77,23548.61,414027.78,0.38,15,6.7,81.6,99.7,82.9,0,3,11
1426.18,2226,5,70,11,15,0,6,2,1,1,0,0,1,88.6,0,50.4,95.7,45.6,71.9,63208.42,56002.66,779069.77,0.67,15,5.7,55.8,60.8,70.1,0,2,13
1277.44,850,1,100,232,52,0,11,2,6,1,0,0,5,63.2,34,46.6,21.1,36.6,6.1,28195.79,17819.74,533668.1,0.41,5,2.6,31.3,34.2,0.0,1,13,12
1841.37,5000,5,142,69,43,0,0,3,1,1,0,0,2,91.3,0,70.9,65.1,51.9,92.8,4217.42,3850.5,21150.59,0.51,11,7.3,71.2,73.4,73.7,1,2,7
1782.27,5000,4,117,75,49,0,8,0,4,1,0,0,0,58.5,2,69.1,99.6,71.8,94.6,61312.02,35867.53,771063.11,0.48,8,7.4,61.6,81.2,94.4,0,10,11
1894.03,5000,3,839,178,237,0,6,3,7,1,0,0,8,15.0,32,17.3,56.7,47.7,9.9,29659.68,4448.95,457554.75,0.62,24,1.7,43.6,32.9,0.0,1,5,14
448.09,1427,1,481,711,263,0,7,5,4,1,1,5,3,56.7,1,19.9,30.6,38.2,17.4,5805.93,3291.96,79933.23,0.62,4,2.5,10.2,20.2,0.0,1,4,13
670.53,557,1,433,189,100,0,3,4,2,1,1,12,1,36.0,27,16.9,21.6,50.3,14.7,12881.16,4637.22,222537.34,0.58,9,3.3,37.2,26.6,0.0,1,3,14
291.24,519,4,55,10,18,0,2,4,2,0,1,11,1,65.4,30,91.3,85.8,49.1,87.6,9533.78,6235.09,159355.63,0.31,15,5.4,58.3,87.5,34.4,1,12,2
1089.36,1948,3,38,89,14,0,12,4,2,1,1,7,1,86.6,0,72.0,80.5,96.9,27.5,9224.57,7988.48,67145.85,0.77,33,5.2,87.6,75.8,0.0,0,7,4
122.11,293,4,134,22,21,0,8,3,0,1,1,4,0,64.3,6,61.6,87.9,88.3,63.2,4859.39,3124.59,17018.75,0.36,7,6.5,62.8,99.2,89.6,0,12,7
1655.8,2464,4,83,75,57,0,7,3,1,0,0,0,2,84.5,0,74.5,63.0,76.0,68.4,47511.34,40147.08,618200.32,0.69,10,5.4,69.7,99.6,72.5,1,14,1
1902.85,5000,4,30,20,28,0,3,2,5,0,1,10,2,71.0,21,68.0,95.0,100.0,88.1,70066.25,49747.04,602961.18,0.57,17,5.4,66.3,84.7,66.9,0,14,0
312.5,703,4,83,16,55,0,1,3,2,0,1,3,0,62.8,20,90.2,61.2,83.7,94.4,7872.96,4944.22,107155.23,0.65,10,5.8,80.9,85.2,50.2,0,0,8
1885.52,4082,2,1034,284,89,1,9,2,5,1,1,7,1,42.6,31,57.5,58.4,33.5,6.7,87828.81,37415.07,1487751.06,0.76,7,2.3,28.0,48.8,0.0,1,2,4
926.77,3301,3,289,359,187,0,2,4,5,0,0,0,7,38.7,33,37.1,29.3,14.3,17.7,30208.73,11690.78,164541.18,0.68,15,1.5,32.9,48.7,0.0,1,13,14
1763.11,2912,3,34,28,59,0,1,2,3,1,0,0,2,66.6,14,53.3,80.8,78.7,40.2,29692.37,19775.12,64292.19,0.35,11,5.6,63.3,89.6,0.0,1,5,5
1223.18,4825,3,41,33,34,0,9,4,7,1,0,0,1,52.7,32,67.7,70.4,96.7,46.7,52060.85,27436.07,619463.58,0.55,17,5.9,62.5,61.0,0.0,1,13,14
221.17,794,3,54,17,37,0,8,1,2,1,1,2,1,70.2,23,87.3,91.3,98.2,58.4,5089.16,3572.59,64057.82,0.46,23,6.2,97.7,74.3,0.0,1,0,10
1549.06,3809,4,60,77,11,0,3,0,0,1,1,12,1,98.0,0,51.2,93.5,79.4,81.0,52048.1,51007.14,829645.02,0.44,13,6.6,96.7,77.2,80.1,1,14,11
432.92,610,4,48,51,19,0,10,1,5,1,0,0,0,63.3,7,74.1,69.7,78.4,99.7,10755.88,6808.47,95362.68,0.36,16,5.6,60.4,88.9,54.5,1,1,5
68.55,62,1,771,477,371,0,5,3,1,1,1,2,0,62.6,33,20.7,25.3,29.7,25.8,2060.42,1289.82,40235.88,0.5,15,2.9,56.8,42.6,0.0,1,5,8
53.77,32,3,13,55,43,0,5,2,4,0,1,15,1,95.5,0,45.1,97.2,90.8,76.1,1735.84,1657.73,20908.24,0.51,3,4.6,88.8,87.7,0.0,1,6,10
1564.47,2620,5,78,47,25,0,4,3,0,1,0,0,0,59.7,10,71.6,98.4,95.5,97.5,20817.56,12428.08,159630.18,0.34,16,5.3,86.7,81.3,94.6,1,3,11
1315.88,3497,0,276,514,171,0,4,5,8,1,0,0,8,69.8,26,2.0,27.5,31.9,4.3,2388.71,1667.32,8893.94,0.59,28,1.4,12.3,33.1,0.0,1,8,6
1242.4,3565,0,188,177,296,0,11,5,1,1,1,8,4,61.4,30,12.8,21.5,23.4,10.6,38973.6,23929.79,228949.72,0.51,5,1.8,25.6,28.2,0.0,1,0,6
1488.25,1775,5,74,20,25,0,2,2,0,0,1,11,2,74.0,8,87.9,63.7,96.5,79.3,27062.81,20026.48,358467.24,0.47,6,5.2,81.1,92.8,94.7,1,3,7
1880.37,2686,4,106,12,47,0,6,0,2,0,0,0,0,83.7,0,62.2,88.5,48.8,64.6,35850.99,30007.28,450457.04,0.47,4,7.2,83.3,89.6,71.5,0,8,7
126.15,134,1,430,322,181,0,12,4,2,1,1,4,1,20.2,35,13.8,18.9,37.9,7.0,649.41,131.18,8158.23,0.75,6,2.7,55.0,60.5,0.0,1,1,4
1442.41,2273,3,1176,595,228,0,8,1,7,0,0,0,5,46.2,17,7.4,38.9,49.9,29.4,48379.47,22351.32,465956.72,0.67,10,1.3,25.7,37.8,0.0,1,14,1
1007.13,1837,3,276,265,32,0,8,5,1,1,1,10,2,50.0,25,45.3,48.3,35.8,1.0,5114.83,2557.41,16569.36,0.59,17,2.6,34.3,45.1,0.0,1,1,14
514.08,606,2,160,17,16,0,5,3,4,0,0,0,2,53.9,21,97.4,88.5,59.8,34.7,8011.66,4318.28,127659.16,0.36,3,5.9,85.3,94.5,0.0,0,7,2
679.83,1854,4,163,74,203,0,8,1,3,0,0,0,0,96.0,0,72.1,91.8,45.7,84.8,21119.87,20275.08,120059.22,0.54,8,4.0,54.5,42.7,89.4,1,4,14
1299.17,3420,3,66,6,55,0,3,1,5,1,0,0,2,95.2,0,63.8,67.8,73.4,62.8,39185.3,37304.41,325247.53,0.51,5,6.8,73.0,87.1,0.0,1,8,5
1324.75,1966,1,726,310,39,0,11,2,3,1,1,12,8,23.4,15,36.8,29.2,49.2,32.5,53392.17,12493.77,623309.37,0.41,19,2.9,15.9,20.1,0.0,1,3,5
485.09,1622,5,29,2,35,0,6,0,2,1,0,0,1,84.8,0,44.5,78.3,76.4,70.7,10924.4,9263.89,61046.3,0.75,21,5.9,74.9,96.5,92.0,0,4,4
766.82,522,2,23,45,7,0,2,3,2,0,1,3,2,67.2,17,57.6,76.2,91.5,77.9,25139.34,16893.64,478460.11,0.37,5,5.0,81.0,78.7,0.0,1,14,9
1083.69,2902,2,121,37,41,0,2,2,1,1,0,0,0,80.4,0,54.0,70.6,66.5,69.7,35013.69,28151.01,204129.29,0.43,14,7.6,94.1,72.8,0.0,1,9,2
742.57,1391,4,62,17,32,0,8,0,0,0,0,0,2,62.2,1,47.6,78.9,64.1,72.5,11591.8,7210.1,82531.31,0.37,5,5.8,71.2,71.4,33.2,0,0,7
251.46,464,1,1064,321,112,0,8,1,3,1,0,0,1,62.7,21,82.9,56.1,47.9,35.6,10617.03,6656.88,210966.72,0.69,31,3.5,55.8,49.6,0.0,1,9,13
1409.27,2398,0,658,110,276,0,2,5,8,1,0,0,6,64.1,29,59.6,29.4,36.0,23.6,48941.66,31371.6,677287.14,0.6,25,3.4,30.6,46.9,0.0,1,14,14
1352.52,2916,1,138,139,278,0,5,3,5,1,1,5,3,33.6,29,14.5,36.6,18.7,29.1,60562.36,20348.95,824703.0,0.48,20,2.6,15.7,45.4,0.0,1,8,0
1983.28,2500,2,94,46,6,0,8,3,0,1,0,0,2,77.9,28,98.9,97.8,99.4,64.5,56953.75,44366.97,456591.19,0.53,24,5.4,75.9,65.3,0.0,1,14,9
209.85,112,1,821,199,135,0,4,1,6,0,1,3,6,69.1,28,55.2,16.0,46.0,27.2,128.76,88.97,1040.13,0.72,20,2.9,52.3,58.9,0.0,1,13,13
834.38,669,4,53,65,21,0,7,4,3,1,1,2,1,82.8,0,77.7,68.2,47.9,75.9,34841.37,28848.65,624870.0,0.56,15,4.8,66.2,74.9,42.9,0,14,12
779.64,611,1,611,392,245,0,2,2,7,1,0,0,3,57.6,18,50.3,36.9,41.0,22.2,28430.2,16375.8,533986.45,0.64,29,3.3,52.5,22.5,0.0,1,8,8
343.04,545,3,289,550,377,0,6,5,1,0,0,0,4,11.7,4,52.5,63.4,15.6,17.7,6497.52,760.21,113820.22,0.51,18,4.0,42.7,20.1,0.0,1,8,5
182.98,156,1,1175,129,147,0,12,5,3,1,0,0,1,43.0,23,4.2,49.1,19.6,30.6,4434.57,1906.87,40007.12,0.77,9,2.5,26.8,22.4,0.0,1,6,4
164.7,648,3,1037,496,101,0,8,2,4,0,1,11,2,80.5,0,42.3,34.4,47.2,19.1,3812.63,3069.17,74577.51,0.43,20,4.3,33.5,39.8,0.0,1,0,12
1446.76,1713,2,144,31,60,0,12,4,8,1,1,13,2,76.3,24,75.6,85.6,76.8,62.9,33930.62,25889.06,609551.47,0.56,15,5.1,56.5,73.1,0.0,1,10,0
563.06,1360,2,578,358,181,1,7,4,7,0,1,4,2,52.6,22,48.5,24.4,27.3,19.6,1993.35,1048.5,7713.68,0.75,20,3.3,13.8,65.5,0.0,0,14,13
1447.78,4042,5,120,51,12,0,7,0,4,0,0,0,2,85.3,0,75.0,92.9,95.4,77.5,32533.71,27751.25,452866.7,0.37,15,6.8,64.8,74.4,98.3,0,4,2
852.99,2334,3,1108,436,176,0,9,3,2,0,1,5,6,55.6,3,49.8,15.5,29.4,26.0,9737.26,5413.92,107293.55,0.51,23,3.3,51.5,46.6,0.0,0,4,5
14.04,29,2,23,27,16,0,5,2,3,1,0,0,2,66.1,15,85.1,95.9,59.7,78.0,292.5,193.34,2189.01,0.53,7,6.1,58.0,85.2,0.0,1,13,12
638.77,1461,3,923,695,154,0,5,3,4,1,1,3,1,93.2,0,61.4,58.6,39.3,6.3,17459.35,16272.11,280308.86,0.65,15,4.7,53.2,58.9,0.0,1,7,1
1300.93,1185,1,583,663,341,0,2,2,3,1,1,10,4,57.6,31,26.4,57.8,23.6,32.2,16414.89,9454.98,43887.33,0.51,11,3.2,14.9,26.9,0.0,1,3,5
842.29,700,5,146,3,12,0,1,1,3,1,0,0,0,76.6,2,64.4,74.4,91.8,91.5,29702.93,22752.44,508042.38,0.44,6,6.9,56.4,62.9,91.6,1,3,5
211.49,227,5,30,16,50,0,8,1,4,1,0,0,2,65.9,23,50.5,88.8,50.7,99.3,349.24,230.15,2687.18,0.44,9,5.4,81.5,70.6,42.2,0,14,3
445.18,720,3,886,438,374,0,10,4,6,1,1,4,4,46.6,28,46.9,61.0,41.9,39.0,9742.73,4540.11,31001.79,0.45,4,2.2,52.2,68.0,0.0,0,6,10
1884.19,5000,5,80,67,19,0,4,2,0,0,0,0,0,87.9,0,90.7,62.7,81.0,53.2,67027.2,58916.91,840885.54,0.48,12,5.0,98.2,68.1,42.0,1,12,5
1721.41,2144,3,139,16,42,0,1,0,3,1,0,0,0,99.4,0,50.7,63.3,54.4,76.7,79101.96,78627.35,1030864.22,0.49,2,6.1,76.9,78.0,0.0,1,2,7
373.99,1018,3,109,271,380,0,2,4,4,1,1,4,4,36.9,19,35.5,23.3,54.4,22.4,15406.18,5684.88,122482.25,0.49,6,2.4,32.5,67.0,0.0,1,9,10
1717.74,2050,5,17,71,6,0,4,1,3,0,0,0,2,61.1,33,76.8,68.4,76.0,75.1,68315.11,41740.53,1035097.22,0.39,2,5.5,76.7,88.1,71.6,1,4,5
593.77,1026,4,23,19,13,0,5,1,1,1,0,0,0,84.8,0,63.1,95.3,53.4,69.7,27259.26,23115.85,512369.73,0.34,10,5.8,90.9,93.9,98.2,1,4,2
1583.66,5000,4,132,53,35,0,4,3,0,1,0,0,2,61.6,28,82.8,62.0,83.8,82.3,69139.65,42590.02,167207.73,0.62,9,6.5,72.3,68.1,83.2,1,5,8
382.97,1172,0,104,709,295,0,5,5,2,0,1,6,1,78.0,19,41.8,15.8,27.6,9.5,1239.7,966.97,3377.98,0.48,19,4.0,13.5,52.4,0.0,1,6,11
189.95,242,4,173,59,8,0,1,2,4,1,0,0,2,55.8,31,55.8,82.9,84.9,56.3,7700.17,4296.69,50296.52,0.79,29,5.1,64.1,60.7,87.4,1,3,13
557.7,551,3,56,53,29,0,5,1,2,0,0,0,0,68.8,14,65.5,90.3,62.9,73.5,4784.45,3291.7,64910.11,0.64,23,5.9,97.2,91.7,0.0,0,13,6
743.4,2409,2,37,76,53,0,1,2,0,1,1,6,2,63.5,10,91.5,76.1,62.2,39.1,23489.15,14915.61,142990.25,0.45,13,4.8,93.9,92.4,0.0,1,2,7
1824.08,2825,1,268,567,50,0,9,1,6,0,1,8,3,38.9,14,55.8,15.5,15.8,8.3,73493.54,28588.99,509946.06,0.35,3,2.1,36.9,34.7,0.0,1,1,11
46.61,29,3,115,36,41,0,1,3,4,1,1,13,0,59.8,23,97.0,75.1,48.3,63.5,430.1,257.2,7603.79,0.43,11,6.3,62.6,72.1,0.0,1,10,5
940.08,3194,3,1109,127,214,0,11,4,5,0,0,0,6,66.5,16,21.3,61.7,38.0,28.3,44143.95,29355.73,605737.33,0.44,20,2.8,11.1,38.4,0.0,1,9,3
1746.06,4850,2,34,49,32,0,3,2,0,1,0,0,1,51.7,25,92.6,73.9,83.1,54.0,62088.38,32099.69,460028.61,0.38,15,6.3,76.3,66.0,0.0,1,11,11
1276.66,3098,1,488,156,113,0,11,3,6,0,1,8,5,13.3,8,37.8,38.6,45.9,37.4,39715.89,5282.21,614483.42,0.42,7,3.5,14.5,50.8,0.0,1,0,7
275.85,1070,3,70,57,38,0,7,0,1,0,0,0,1,83.7,0,42.5,89.8,67.6,43.8,6985.9,5847.2,27929.28,0.39,12,5.4,85.2,60.1,0.0,0,9,5
765.03,1839,1,1066,371,367,0,5,2,6,0,1,9,0,99.2,0,59.7,57.5,47.8,1.9,2014.73,1998.61,23421.44,0.71,24,3.4,26.5,55.5,0.0,1,2,1
293.08,414,0,449,424,315,0,2,1,5,0,1,11,6,32.1,7,38.5,27.5,52.0,39.6,6122.8,1965.42,61690.51,0.45,21,4.1,51.6,33.1,0.0,1,5,11
86.12,219,4,125,83,24,0,3,0,5,1,0,0,2,71.0,9,51.6,74.1,78.3,62.4,2336.39,1658.84,27637.68,0.44,2,7.0,88.9,64.6,69.3,1,0,11
429.2,1685,5,160,20,33,0,7,2,5,1,0,0,1,63.0,11,74.7,84.1,92.4,82.0,20844.82,13132.24,386072.8,0.72,35,4.4,90.3,77.7,42.7,0,7,4
569.23,1132,2,168,707,153,0,12,3,5,0,1,4,3,57.1,17,2.9,63.0,52.3,4.1,5155.25,2943.65,37800.64,0.46,14,2.8,52.5,48.7,0.0,1,1,7
987.41,3506,5,172,23,19,0,6,3,3,1,1,11,0,62.3,28,63.9,64.3,74.3,83.5,17056.08,10625.94,119095.32,0.56,14,4.4,60.5,87.1,86.5,0,4,12
1389.1,1070,5,171,77,13,0,2,0,0,1,0,0,0,62.4,32,57.9,62.0,88.6,74.8,25011.69,15607.29,135220.76,0.76,33,4.5,63.2,73.3,73.8,0,6,13
1532.22,3453,5,130,34,3,0,3,3,2,1,0,0,0,64.3,33,58.9,60.7,65.6,51.3,61442.67,39507.64,367788.4,0.47,7,4.7,87.0,95.0,53.2,0,12,11
372.85,1337,4,161,70,52,0,4,3,5,1,0,0,1,73.6,33,94.4,97.4,95.7,69.0,13580.76,9995.44,151349.41,0.5,17,5.3,98.4,95.0,92.8,1,1,9
1963.49,5000,2,77,33,16,0,4,2,0,1,0,0,1,50.4,17,71.4,94.2,83.9,44.1,58681.03,29575.24,632981.28,0.53,26,6.0,55.1,85.6,0.0,0,10,7
1601.42,1991,3,802,125,353,0,6,2,2,1,0,0,5,39.6,19,36.8,17.1,54.3,14.6,50642.53,20054.44,325093.94,0.47,3,1.7,43.4,64.7,0.0,1,10,7
1416.09,4217,2,512,670,289,1,9,3,1,1,0,0,2,58.1,18,47.9,80.4,49.6,4.9,64527.24,37490.33,1068380.58,0.65,29,3.2,45.2,34.4,0.0,1,4,8
1748.03,3893,4,102,63,37,0,3,3,1,1,1,14,0,94.6,0,57.5,96.5,98.9,74.6,35175.19,33275.73,550124.11,0.53,12,5.6,87.1,83.8,77.6,0,6,0
1487.63,5000,2,91,62,33,0,2,3,5,1,0,0,1,93.7,0,56.0,73.5,93.0,75.5,49975.93,46827.45,224233.83,0.46,21,7.0,92.1,66.0,0.0,0,7,5
630.59,2121,5,21,17,30,0,5,3,2,1,0,0,1,95.3,0,84.3,59.3,46.6,81.1,21893.49,20864.5,280048.35,0.46,9,5.5,61.4,83.5,76.8,0,13,2
650.7,1318,3,918,390,330,0,9,4,7,1,1,2,6,24.1,16,7.7,24.2,32.1,25.1,2496.09,601.56,26669.81,0.53,20,1.4,58.9,60.0,0.0,1,8,6
562.85,1967,2,331,369,268,1,10,5,2,0,1,14,3,31.9,29,32.9,15.4,20.3,36.4,1654.79,527.88,14360.5,0.55,25,2.3,49.4,27.5,0.0,1,12,6
1466.98,5000,1,492,156,89,0,6,2,3,0,0,0,4,16.9,20,27.9,54.6,24.2,38.8,8634.76,1459.27,166781.01,0.64,21,3.2,22.1,49.1,0.0,1,1,1
1951.06,1138,5,90,74,60,0,4,3,2,1,0,0,1,82.0,0,67.0,97.4,54.7,78.1,91574.96,75091.47,376394.94,0.63,7,5.0,85.9,93.5,35.9,1,12,4
422.34,1184,3,56,74,7,0,8,4,3,1,0,0,2,79.8,26,66.7,77.7,95.5,65.1,825.91,659.08,16211.21,0.55,24,5.1,94.4,98.2,0.0,0,4,14
457.55,766,4,67,31,12,0,6,3,2,1,0,0,1,82.7,0,99.8,97.9,88.8,87.8,20298.96,16787.24,376909.31,0.42,3,7.3,89.0,97.7,84.4,0,7,3
527.34,2068,3,1102,105,396,0,8,2,3,1,0,0,2,50.1,34,64.8,56.6,21.0,36.4,20875.58,10458.67,327860.12,0.79,23,3.9,47.9,36.0,0.0,1,14,1
739.86,2008,5,83,47,15,0,7,0,5,1,0,0,1,51.2,7,76.7,75.7,88.6,92.9,25806.95,13213.16,433862.63,0.43,20,5.7,92.1,76.0,76.2,0,8,0
401.2,639,5,42,72,60,0,5,4,8,1,0,0,0,76.9,20,89.7,87.1,58.3,85.1,3568.18,2743.93,53036.81,0.43,20,5.8,63.9,90.5,42.8,1,10,11
337.3,246,4,120,88,3,0,1,3,3,0,1,13,1,64.4,7,57.4,95.1,65.4,56.6,579.02,372.89,7343.17,0.6,9,6.7,84.3,76.2,80.2,1,8,8
311.3,1199,3,100,10,40,0,0,3,1,0,0,0,0,75.8,17,67.9,71.7,59.4,60.8,2111.1,1600.21,16596.91,0.59,9,5.6,60.4,64.5,0.0,0,5,0
483.73,1878,2,669,266,365,1,11,1,7,1,1,15,0,63.5,17,2.2,31.7,46.0,38.8,22010.34,13976.57,71036.8,0.66,15,2.3,38.8,43.2,0.0,1,2,1
1982.16,5000,2,159,77,42,0,5,1,8,1,1,11,1,83.6,0,95.9,61.4,46.2,42.4,65968.28,55149.48,748874.96,0.35,7,5.7,89.7,93.8,0.0,0,13,2
565.29,1733,3,160,15,20,0,3,0,2,1,0,0,0,60.7,12,53.5,96.2,50.7,41.8,18633.75,11310.69,320049.88,0.59,8,5.1,57.8,77.8,0.0,1,10,14
1984.26,1266,3,38,81,13,0,5,2,4,1,1,13,0,79.1,12,82.3,71.1,72.2,47.2,82668.84,65391.05,994282.67,0.34,1,6.7,74.7,76.0,0.0,0,0,2
1997.02,4605,0,126,213,89,0,11,2,6,0,0,0,2,92.9,0,40.6,55.3,22.3,3.4,60362.81,56077.05,393307.84,0.8,31,3.8,45.7,26.1,0.0,1,6,1
418.21,1390,3,148,16,9,0,3,1,2,0,0,0,1,70.5,23,80.2,77.2,77.4,23.3,3995.64,2816.93,21413.82,0.55,17,5.5,73.5,64.8,0.0,1,3,12
1397.53,4794,4,126,56,53,0,2,3,1,0,0,0,0,77.4,29,87.7,55.6,64.4,82.4,23833.05,18446.78,363241.12,0.54,17,6.5,70.5,69.6,78.4,1,8,0
1633.16,4480,1,443,139,43,0,11,4,6,1,0,0,2,59.7,16,14.7,47.8,52.2,2.7,63596.82,37967.3,444860.87,0.39,8,4.1,24.8,45.2,0.0,1,2,7
1880.18,5000,3,357,125,162,0,7,4,4,0,0,0,4,64.9,16,52.2,26.0,14.9,9.4,86676.12,56252.8,835455.64,0.67,24,3.3,44.6,59.9,0.0,1,5,6
372.35,704,3,18,88,46,0,3,0,0,1,0,0,2,73.5,30,46.0,85.6,83.0,62.8,18064.88,13277.69,77401.09,0.41,17,5.2,77.5,72.0,0.0,0,3,2
944.1,1996,1,1076,478,84,0,6,5,2,0,1,12,1,33.5,18,2.2,39.4,46.8,25.3,20536.77,6879.82,368897.74,0.48,21,1.7,21.9,39.7,0.0,1,14,9
1547.2,1059,3,435,262,329,0,2,2,6,0,1,3,5,23.1,12,30.4,22.3,30.5,23.5,6839.01,1579.81,71172.68,0.71,30,4.1,35.9,58.7,0.0,1,5,13
131.27,205,1,647,169,302,0,4,1,4,1,1,12,0,70.1,18,48.4,59.8,23.6,24.0,5088.37,3566.95,94781.2,0.45,4,3.9,46.2,61.9,0.0,1,13,5
1340.24,3106,1,539,401,87,0,10,4,5,0,1,13,0,60.8,15,40.9,17.0,12.0,1.7,9507.55,5780.59,161914.66,0.64,23,3.6,49.2,62.5,0.0,1,0,1
1866.86,2362,1,806,205,112,0,3,1,6,0,0,0,1,71.2,33,57.8,34.0,47.1,15.0,85075.85,60574.01,678313.6,0.68,13,3.3,36.3,20.3,0.0,1,1,4
1245.19,1539,0,1093,595,378,0,2,1,6,1,1,2,7,32.5,4,26.0,42.3,43.6,33.8,3051.84,991.85,58727.09,0.65,5,3.9,49.7,65.3,0.0,1,3,6
834.38,1144,3,153,39,26,0,10,3,5,1,0,0,1,62.5,16,58.7,67.0,56.6,70.7,34696.99,21685.62,163534.11,0.36,11,5.7,62.3,72.3,0.0,1,2,5
1892.84,5000,5,178,16,36,0,2,4,3,1,1,6,2,91.2,0,78.1,99.0,47.7,63.9,74753.0,68174.74,1139088.59,0.59,2,5.1,77.0,88.5,70.6,1,2,0
1247.37,2468,2,594,628,82,1,12,3,1,1,1,3,1,92.6,0,48.5,62.7,47.5,30.1,46255.36,42832.46,189985.16,0.55,17,4.3,41.4,53.5,0.0,0,13,7
434.29,488,3,679,284,286,0,12,1,7,1,0,0,6,43.7,13,49.3,16.6,27.1,28.0,11844.31,5175.96,168689.91,0.66,8,2.6,43.9,21.7,0.0,1,4,4
1012.03,2530,5,138,77,54,0,4,3,6,1,1,5,1,70.9,12,92.4,63.4,78.6,97.2,9633.54,6830.18,108298.35,0.51,22,4.0,70.3,92.2,66.3,0,8,6
112.93,216,1,1099,277,339,0,9,3,3,0,1,13,3,50.5,10,17.8,48.3,36.5,36.3,2773.35,1400.54,40163.3,0.35,4,2.2,24.4,66.3,0.0,1,2,7
1311.33,4646,3,573,152,199,0,4,1,4,1,0,0,5,34.4,25,43.2,55.4,14.2,27.1,15873.2,5460.38,302301.17,0.72,12,2.5,55.3,45.5,0.0,1,8,1
615.77,332,5,16,41,16,0,4,5,5,0,1,1,1,53.7,6,76.0,83.9,72.7,58.2,14257.68,7656.37,252388.98,0.82,21,4.1,71.4,76.1,86.6,1,4,1
1859.15,5000,2,101,46,24,0,2,2,3,0,0,0,2,88.1,0,86.8,68.3,84.4,42.0,78653.0,69293.29,465429.88,0.67,33,6.1,73.1,76.8,0.0,0,14,13
1888.0,2446,3,419,567,154,0,8,1,1,0,1,1,4,35.3,28,44.5,29.2,13.5,18.8,91777.89,32397.6,1607803.03,0.62,9,3.3,10.2,67.2,0.0,1,8,13
1749.07,1433,2,88,69,7,0,2,5,6,1,0,0,0,74.4,35,51.0,55.2,99.5,60.3,51111.64,38027.06,732217.43,0.51,7,4.0,88.4,79.2,0.0,0,14,0
265.37,537,2,487,217,86,1,9,2,3,1,1,9,0,55.4,25,97.7,93.1,49.4,17.1,1746.31,967.46,10981.36,0.42,11,3.5,19.5,52.6,0.0,0,10,7
509.23,1722,4,67,6,19,0,8,1,1,1,1,3,2,91.6,0,71.7,62.7,79.2,80.2,5690.44,5212.44,42048.85,0.55,14,6.3,99.8,93.6,76.7,1,14,6
1311.34,4241,3,911,364,30,0,10,4,8,1,1,14,0,52.6,6,24.9,50.7,48.1,5.4,64677.35,34020.29,990737.25,0.46,7,2.7,13.9,46.8,0.0,1,9,3
726.62,1589,5,180,12,60,0,5,3,3,1,0,0,1,52.5,17,89.3,90.1,85.4,73.0,373.57,196.12,2727.06,0.54,5,5.3,96.8,60.4,94.0,1,14,3
301.78,503,1,1196,460,141,0,10,5,8,1,1,1,3,22.5,2,0.9,64.8,38.0,7.5,6021.08,1354.74,67325.25,0.71,30,3.6,49.2,29.8,0.0,1,8,13
1454.71,2639,3,16,21,44,0,4,1,3,1,1,7,1,55.0,3,78.7,81.3,80.1,74.8,68444.7,37644.58,1101313.85,0.61,22,5.7,70.2,69.1,0.0,0,5,6
1003.66,2055,5,142,61,30,0,2,2,4,1,0,0,1,57.5,21,61.0,71.4,65.3,94.4,1525.25,877.02,21303.4,0.53,21,7.4,62.0,63.6,76.2,0,10,0
1369.2,4403,2,26,27,38,0,4,0,5,0,0,0,2,67.5,14,89.8,67.1,69.5,32.9,40315.09,27212.69,178663.98,0.52,19,6.3,76.5,62.2,0.0,0,6,6
1666.34,3166,1,1012,654,376,0,6,2,3,0,1,15,1,51.8,25,24.4,49.6,10.1,0.7,15344.79,7948.6,159988.8,0.66,13,1.6,31.9,51.2,0.0,1,5,8
1846.53,5000,2,614,105,305,1,6,4,1,1,1,7,1,59.0,33,28.0,47.6,21.8,33.4,46568.71,27475.54,451765.11,0.35,4,3.5,38.3,63.2,0.0,1,2,5
328.82,188,3,144,29,56,0,6,2,3,0,1,15,1,51.1,3,89.7,83.9,66.9,70.7,10736.39,5486.3,34775.41,0.52,7,5.1,84.3,72.3,0.0,1,10,7
1423.95,3389,3,173,70,60,0,5,1,0,1,0,0,0,81.9,0,77.7,93.5,84.8,34.7,13037.04,10677.34,171582.02,0.45,21,6.1,62.6,76.3,0.0,1,0,0
1134.93,1009,4,57,73,57,0,4,1,5,1,0,0,2,77.4,30,57.9,57.3,46.2,90.1,26127.59,20222.75,62221.97,0.44,7,4.4,55.9,65.2,61.7,1,6,9
1103.03,775,3,1057,561,380,0,11,3,2,0,0,0,6,21.3,22,49.8,32.0,48.1,11.7,53510.13,11397.66,208370.68,0.78,24,1.5,35.8,42.6,0.0,1,11,1
415.14,574,3,598,390,309,0,10,1,3,0,0,0,1,53.4,31,46.9,56.7,42.4,22.5,7133.1,3809.08,123665.22,0.47,18,4.7,23.8,61.7,0.0,0,7,11
64.16,115,3,137,11,17,0,8,2,4,1,1,14,1,70.7,4,98.4,93.9,58.7,23.9,2915.87,2061.52,50935.7,0.62,27,5.3,90.4,70.3,0.0,0,10,8
716.91,1543,1,645,524,158,0,2,2,5,1,1,3,7,38.4,16,14.5,32.9,51.3,4.9,15422.86,5922.38,293426.19,0.36,4,2.6,44.4,40.0,0.0,1,13,2
451.81,1342,2,119,65,25,0,3,2,1,1,0,0,0,85.3,0,48.0,95.8,55.6,51.3,6754.67,5761.73,106239.27,0.43,8,7.1,76.3,65.3,0.0,0,8,9
1172.76,1868,5,45,85,14,0,5,0,3,1,0,0,1,99.8,0,54.1,67.4,45.5,88.2,4815.98,4806.35,41138.52,0.46,13,7.9,89.9,79.0,71.6,1,12,2
397.87,1366,4,161,2,26,0,2,1,7,0,1,7,2,73.8,33,56.2,77.5,67.8,75.5,768.99,567.51,10056.49,0.43,18,4.6,61.4,88.7,35.9,0,8,7
579.67,1199,2,225,320,83,1,12,2,5,1,1,1,1,48.2,28,12.7,17.3,16.9,33.1,3578.63,1724.9,71290.22,0.62,3,1.4,37.3,20.5,0.0,1,1,1
1732.78,4068,0,564,139,339,0,3,5,1,1,0,0,4,21.5,29,39.0,56.0,29.1,1.9,14035.9,3017.72,52740.05,0.72,25,1.9,38.2,62.1,0.0,1,10,1
1878.88,3418,1,334,673,303,0,2,3,5,1,1,9,5,37.0,32,57.5,26.2,53.3,27.8,6383.67,2361.96,113491.13,0.66,9,3.1,54.3,23.4,0.0,1,1,13
1939.65,5000,4,113,56,46,0,4,2,2,0,0,0,2,69.2,29,89.2,97.7,57.2,60.5,9030.96,6249.42,48281.5,0.46,23,6.2,58.7,76.5,75.7,1,10,12
1910.19,5000,3,149,4,47,0,3,0,5,1,1,15,2,53.6,28,92.2,96.9,73.2,47.3,55973.53,30001.81,474737.94,0.44,8,6.4,67.8,76.3,0.0,0,6,7
962.08,2919,3,164,38,27,0,1,2,2,0,0,0,0,83.3,0,99.2,55.4,98.2,50.7,27550.53,22949.59,73705.63,0.55,6,6.3,58.2,93.5,0.0,1,2,10
880.3,456,2,845,314,62,1,5,2,4,1,1,15,4,11.2,25,18.1,36.6,23.3,18.5,23721.5,2656.81,133977.76,0.61,28,1.5,50.3,57.1,0.0,1,11,13
1533.14,4591,3,10,21,39,0,6,2,2,1,0,0,1,84.1,0,65.2,61.2,55.5,65.9,23569.69,19822.11,173928.81,0.61,27,7.0,61.4,80.6,0.0,1,14,14
199.43,431,5,82,89,22,0,0,3,1,1,0,0,2,97.5,0,47.3,81.4,83.9,77.8,6369.43,6210.19,104841.98,0.66,12,5.8,60.1,81.6,43.3,0,12,6
588.05,1609,0,293,131,342,0,8,4,7,1,1,4,1,26.5,21,17.9,56.7,19.9,2.3,3361.87,890.9,52520.7,0.54,4,2.0,10.7,47.9,0.0,1,3,10
534.55,2090,0,1025,701,321,0,4,3,6,1,1,2,6,28.6,7,53.4,34.3,15.7,2.0,6467.37,1849.67,43378.73,0.62,13,4.0,16.1,69.8,0.0,1,11,6
1220.05,3259,5,32,34,23,0,8,2,3,0,0,0,2,82.8,0,73.7,74.2,48.6,51.8,8856.59,7333.26,38025.76,0.29,8,6.7,59.9,67.3,86.9,0,11,2
1075.32,923,3,13,9,4,0,1,0,2,1,1,4,1,83.8,0,84.9,63.0,95.4,25.5,24623.71,20634.67,287133.25,0.39,15,5.6,82.4,80.5,0.0,1,11,7
329.2,1256,2,100,72,36,0,12,4,7,0,1,14,2,97.6,0,85.3,92.2,65.8,53.3,7503.12,7323.05,136780.84,0.45,5,5.0,84.3,64.7,0.0,0,12,7
961.8,2988,4,174,46,45,0,6,1,4,1,0,0,2,85.4,0,71.3,82.7,66.7,84.0,1604.39,1370.15,9608.89,0.49,22,6.9,80.7,61.4,86.7,0,4,3
939.56,550,3,474,496,179,0,4,3,2,0,0,0,6,45.6,25,44.2,28.4,43.7,4.3,44332.3,20215.53,452424.83,0.66,27,2.4,44.8,53.0,0.0,1,3,6
301.7,1060,2,394,524,141,1,12,3,1,0,1,13,2,38.6,11,0.4,24.3,32.2,37.1,11732.18,4528.62,134612.77,0.52,9,3.0,25.9,39.3,0.0,1,10,14
562.3,1746,2,69,84,15,0,1,3,3,1,1,2,0,93.3,0,80.3,78.4,66.7,44.0,2503.58,2335.84,14528.09,0.71,3,6.2,89.8,92.6,0.0,0,0,4
1940.42,5000,3,197,415,58,0,6,5,8,1,0,0,5,16.4,26,58.7,45.7,44.1,34.2,48336.73,7927.22,516338.39,0.4,5,3.0,20.0,47.3,0.0,1,9,2
1901.85,4742,1,544,482,210,0,5,3,5,1,0,0,3,54.3,26,52.2,49.7,53.6,36.0,34796.89,18894.71,191713.4,0.65,16,2.5,48.5,49.0,0.0,0,14,8
753.46,1623,1,821,642,100,0,6,2,8,0,0,0,6,67.4,32,28.8,41.9,16.6,8.8,11083.69,7470.41,23969.23,0.63,17,1.8,25.1,31.3,0.0,1,6,4
693.54,1259,2,112,38,58,0,3,0,0,1,0,0,0,60.6,32,71.4,91.5,63.4,21.3,22127.86,13409.48,299788.44,0.39,8,5.3,80.5,69.8,0.0,0,6,2
1841.07,2681,2,171,89,273,0,2,4,1,0,1,13,6,52.1,20,27.4,52.7,36.5,6.0,89640.38,46702.64,725157.76,0.67,20,2.3,43.8,37.2,0.0,1,12,4
1012.54,3459,2,1010,345,84,1,12,2,8,1,1,12,4,17.1,25,11.6,47.5,39.4,30.7,45256.71,7738.9,274232.56,0.73,8,2.3,20.7,21.4,0.0,1,10,13
1333.08,5000,2,130,380,344,0,9,2,6,0,0,0,1,76.8,12,41.2,59.4,35.5,38.1,59435.93,45646.79,493195.03,0.65,23,4.3,54.2,49.7,0.0,1,7,8
1912.67,3852,2,644,255,318,1,4,2,3,1,0,0,0,56.1,35,12.4,38.8,24.0,4.3,89650.92,50294.17,1475830.96,0.6,8,2.5,21.2,46.4,0.0,1,1,10
1675.62,3082,5,167,68,18,0,2,2,0,0,0,0,0,90.9,0,61.8,67.9,47.1,97.7,70101.81,63722.55,828562.74,0.49,21,7.3,72.0,84.9,92.1,0,8,5
1851.95,3304,2,687,74,395,1,6,2,5,0,1,2,0,65.4,27,46.8,64.5,42.3,30.6,7769.11,5081.0,153464.18,0.65,4,3.8,44.0,59.0,0.0,0,8,4
1234.7,4146,3,1129,654,217,0,9,5,3,0,1,2,2,14.5,33,10.6,64.1,10.7,12.2,10683.92,1549.17,139622.31,0.61,8,3.0,40.3,51.5,0.0,1,2,6
758.34,891,2,157,89,5,0,8,3,2,0,0,0,2,95.7,0,84.4,75.7,51.0,27.6,24968.07,23894.44,475123.31,0.39,13,6.9,82.4,70.4,0.0,1,6,5
23.43,65,2,110,82,1,0,2,3,0,1,0,0,1,50.2,19,77.0,61.1,95.7,23.8,535.86,269.0,6908.77,0.56,24,6.5,63.5,97.0,0.0,0,8,14
380.13,373,5,132,12,52,0,1,3,5,1,1,1,2,76.1,24,72.4,98.5,64.3,59.4,6634.57,5048.91,53805.1,0.37,10,5.1,61.2,70.6,59.0,1,10,2
309.83,971,3,58,79,20,0,8,3,4,1,0,0,2,83.6,0,72.0,71.4,76.8,39.5,6034.43,5044.78,116592.51,0.32,4,5.5,65.5,69.6,0.0,0,1,11
1600.25,4131,1,487,271,308,0,2,1,3,0,0,0,5,10.6,23,40.2,56.1,25.2,31.2,39242.23,4159.68,581036.8,0.71,14,2.6,27.4,68.9,0.0,1,9,14
1401.32,2522,4,165,15,40,0,5,3,4,1,0,0,0,63.5,7,58.5,95.8,78.3,74.8,60986.01,38726.12,468515.54,0.59,8,6.1,93.1,64.2,76.4,0,0,0
797.78,1150,5,136,45,50,0,4,3,3,0,0,0,1,91.2,0,65.9,78.2,69.2,79.7,17486.83,15947.99,294465.32,0.31,6,5.8,91.3,79.4,92.9,0,5,11
1874.79,5000,5,161,88,50,0,6,2,1,1,0,0,2,85.4,0,69.2,79.4,60.7,72.0,47327.19,40417.42,715343.5,0.56,17,7.5,67.9,95.6,86.4,1,0,8
1955.36,2929,3,1191,197,354,0,8,5,6,1,1,1,3,54.3,27,54.5,57.4,31.2,26.0,80167.12,43530.75,1144474.31,0.52,8,3.3,40.5,27.7,0.0,1,9,9
694.65,2325,3,96,68,12,0,4,2,5,1,1,14,2,54.8,14,92.6,77.3,89.6,25.5,11501.77,6302.97,59897.05,0.36,15,5.6,93.8,97.9,0.0,1,6,7
1111.28,4094,0,539,399,183,0,2,1,4,0,0,0,7,25.0,18,13.7,60.3,49.5,21.2,8278.01,2069.5,139376.51,0.55,19,3.7,17.5,68.4,0.0,1,10,6
836.72,2902,2,219,347,221,1,6,2,4,1,1,1,6,28.2,24,51.5,63.7,12.0,13.4,22680.07,6395.78,390481.01,0.7,18,3.7,18.9,28.0,0.0,1,9,1
1347.52,3567,3,1064,94,152,0,4,4,4,0,1,10,0,32.5,27,25.7,38.9,17.1,8.7,5834.09,1896.08,45512.95,0.69,9,3.0,25.2,68.4,0.0,1,4,14
1120.85,3912,1,342,455,250,0,3,5,8,1,1,8,5,10.3,19,0.3,38.0,39.7,4.3,30430.11,3134.3,530445.79,0.77,10,2.7,31.8,21.6,0.0,1,12,13
686.95,1630,5,67,39,33,0,1,1,5,1,1,9,0,88.8,0,50.7,92.6,98.8,75.5,11350.53,10079.27,123710.66,0.77,13,5.8,92.6,69.2,89.9,0,14,13
1263.83,3999,4,117,10,53,0,5,0,2,0,1,7,1,87.7,0,85.0,56.8,63.1,55.5,5663.02,4966.47,69803.64,0.58,16,6.1,76.2,92.2,48.5,0,5,0
569.91,2073,4,154,33,55,0,3,0,3,1,0,0,2,85.7,0,91.0,95.1,51.5,76.2,10043.46,8607.25,94448.65,0.49,3,6.2,93.7,66.5,88.3,0,3,9
981.85,2376,1,311,444,92,0,5,2,6,1,1,6,8,38.7,26,33.5,19.7,18.6,35.7,34268.79,13262.02,369170.1,0.39,6,2.0,27.8,29.8,0.0,0,10,7
1290.31,794,1,690,586,246,0,4,5,4,1,0,0,2,52.1,35,51.6,37.0,53.8,19.4,22935.63,11949.46,385653.0,0.56,22,3.2,33.6,51.5,0.0,1,5,0
1343.84,878,0,799,146,36,0,7,2,8,0,1,13,2,28.6,35,49.2,28.3,48.3,26.5,926.5,264.98,3132.04,0.59,22,1.8,32.5,67.3,0.0,1,4,4
626.99,2285,1,1056,85,204,0,12,1,7,1,1,15,0,65.3,26,12.2,64.4,24.6,7.0,24457.86,15970.98,175133.94,0.7,7,4.0,50.6,22.3,0.0,1,6,1
762.84,1051,3,88,49,8,0,7,0,5,1,0,0,0,89.8,0,58.6,96.2,59.7,64.9,23214.97,20847.04,262964.02,0.65,25,6.7,90.2,86.8,0.0,0,9,14
150.41,533,2,347,241,161,1,8,5,7,1,1,12,0,24.1,1,51.2,49.9,42.6,16.6,2683.81,646.8,40883.04,0.76,13,2.9,32.7,60.3,0.0,1,11,4
1993.98,3433,2,73,16,36,0,0,0,2,0,1,10,0,57.5,11,72.3,90.2,80.8,76.7,60841.93,34984.11,479821.35,0.45,18,6.5,55.2,71.2,0.0,1,11,9
1002.79,2822,3,29,20,26,0,7,0,5,0,0,0,0,73.4,2,86.4,82.2,98.4,20.5,11981.17,8794.18,215723.86,0.52,15,6.2,83.7,64.7,0.0,0,12,0
1343.48,4539,3,157,454,40,0,8,2,3,0,1,4,2,23.3,32,55.1,62.0,24.3,8.1,54002.27,12582.53,486717.05,0.32,5,3.4,39.7,64.9,0.0,1,4,2
1575.24,1429,2,145,50,30,0,3,0,2,1,0,0,1,97.3,0,58.9,81.6,57.3,74.5,56299.39,54779.31,600757.13,0.4,7,5.6,65.2,96.3,0.0,1,14,2
1746.13,4263,5,135,47,53,0,7,3,1,1,1,9,2,50.6,28,91.0,85.2,57.7,98.3,9796.65,4957.1,133186.64,0.36,12,6.5,68.1,77.3,64.1,1,3,2
1217.54,2266,4,167,66,48,0,7,2,5,1,0,0,0,85.6,0,92.3,85.8,49.8,95.1,50035.11,42830.05,959395.73,0.52,22,5.9,83.4,86.6,72.7,1,7,9
597.38,1682,2,119,462,190,0,10,3,5,0,0,0,0,62.0,33,22.0,40.9,23.5,36.6,16349.4,10136.63,250287.48,0.57,22,3.1,32.0,51.8,0.0,1,8,6
111.12,335,1,466,512,137,0,5,3,5,1,1,8,2,18.7,16,41.8,62.7,50.4,38.1,4349.48,813.35,65177.27,0.54,13,3.3,11.5,45.1,0.0,1,9,3
211.13,526,5,102,62,10,0,5,1,2,1,1,13,0,93.3,0,54.5,96.3,50.7,59.6,1297.33,1210.41,15678.85,0.43,13,6.5,77.1,85.4,62.5,0,4,11
1157.72,1286,5,99,60,0,0,7,2,3,1,0,0,2,86.3,0,51.2,68.4,70.0,82.2,31104.58,26843.25,119789.79,0.68,6,7.2,69.0,92.2,72.0,0,12,13
961.92,858,2,393,343,107,1,7,5,5,0,1,8,5,63.9,1,16.4,64.3,53.2,23.4,19535.03,12482.88,265744.06,0.58,17,2.1,50.6,39.9,0.0,1,1,0
873.53,3418,4,105,70,58,0,0,0,4,1,0,0,0,55.2,36,72.8,90.2,59.3,74.0,15988.36,8825.57,129623.96,0.53,4,7.1,83.3,87.7,81.7,0,13,0
195.49,780,4,19,46,38,0,4,2,0,0,0,0,0,98.8,0,92.6,60.5,63.5,57.1,4560.23,4505.51,88416.07,0.4,16,6.8,76.0,88.0,61.8,1,11,7
419.14,852,5,167,51,13,0,0,3,0,1,0,0,0,79.3,1,64.8,88.8,74.6,91.6,11578.13,9181.46,136284.63,0.36,3,6.4,75.1,87.4,60.4,1,11,11
821.96,2304,1,742,704,122,0,3,5,2,1,0,0,1,57.2,36,56.1,35.7,40.0,13.9,14699.78,8408.27,134446.4,0.51,25,2.8,51.8,31.4,0.0,1,6,6
850.98,1617,4,47,8,3,0,5,4,8,1,1,11,0,57.9,35,47.5,66.0,54.9,89.0,38963.69,22559.98,620293.69,0.54,4,4.7,81.3,65.8,60.0,1,8,3
1321.78,875,2,675,134,306,1,5,5,7,1,1,9,2,75.0,25,51.0,27.8,21.1,22.4,56933.27,42699.95,1034605.41,0.52,19,3.3,56.4,42.6,0.0,1,13,0
1009.76,2769,2,93,67,47,0,6,2,1,1,0,0,0,57.7,22,79.8,79.0,54.3,41.3,35902.2,20715.57,127385.98,0.41,4,7.3,60.1,88.3,0.0,0,10,0
979.55,2306,3,333,161,36,0,3,3,5,1,0,0,5,39.8,18,11.0,61.1,34.0,31.7,11147.3,4436.63,116804.57,0.51,9,2.3,25.9,30.0,0.0,1,1,10
487.09,815,2,873,206,298,1,7,2,1,0,1,11,8,27.6,34,42.4,42.3,36.9,25.5,11657.59,3217.49,116676.65,0.56,26,2.3,25.5,23.2,0.0,1,3,6
259.47,1037,2,54,14,1,0,5,3,3,1,1,2,0,72.1,11,78.4,81.9,69.8,29.0,3803.04,2741.99,18846.98,0.43,15,5.7,87.1,68.0,0.0,1,11,5
688.37,487,3,188,154,156,0,7,4,2,1,0,0,3,36.2,8,1.4,50.8,30.8,35.4,17023.04,6162.34,312595.12,0.75,21,3.8,56.2,49.6,0.0,1,6,1
116.56,102,3,280,225,304,0,8,4,7,0,0,0,4,64.8,14,18.0,62.9,38.7,6.2,3873.79,2510.22,37148.83,0.5,5,4.2,44.5,69.2,0.0,1,12,5
453.2,1748,0,1085,710,326,0,12,2,1,1,0,0,1,62.5,31,46.5,59.0,28.3,32.7,8109.56,5068.48,40073.28,0.69,27,4.2,44.1,65.5,0.0,1,11,13
801.2,426,1,104,666,343,0,11,3,7,0,1,4,7,66.0,11,15.3,55.2,30.5,4.3,10765.89,7105.49,151423.99,0.4,3,3.0,47.6,21.8,0.0,1,2,12
68.8,195,3,1054,576,145,0,11,4,4,1,0,0,6,49.6,18,38.3,26.7,18.4,23.4,621.24,308.14,2738.47,0.39,14,2.7,59.1,25.2,0.0,1,4,2
1596.8,5000,0,403,424,260,0,7,3,7,0,0,0,1,76.6,21,23.8,23.1,15.7,23.6,72785.92,55754.01,1149860.58,0.52,16,2.8,15.0,42.2,0.0,1,5,5
485.04,1618,4,134,71,1,0,4,2,3,1,1,12,1,54.7,36,85.4,70.5,93.6,76.9,5031.98,2752.49,10699.38,0.36,9,5.6,83.9,90.8,73.7,0,7,5
202.25,577,0,538,149,166,0,10,3,1,0,0,0,0,66.8,20,46.0,61.4,27.9,3.6,709.97,474.26,13518.67,0.4,12,4.5,38.1,28.4,0.0,1,12,9
1939.68,4941,0,166,512,36,0,9,2,7,0,0,0,8,38.5,10,4.5,16.5,38.7,5.0,85699.28,32994.22,231343.76,0.61,25,2.4,45.1,41.1,0.0,1,12,8
901.13,627,2,171,71,8,0,8,1,5,0,1,4,2,93.8,0,94.8,85.9,79.0,76.9,13704.66,12854.97,41712.87,0.68,29,5.2,75.0,88.6,0.0,1,12,14
1523.63,1238,2,418,493,284,1,9,5,1,1,1,7,3,26.9,4,12.1,27.7,42.8,18.6,40948.35,11015.11,164318.48,0.82,12,2.3,45.4,42.5,0.0,1,0,1
1233.05,2421,5,65,12,38,0,8,3,8,1,1,4,2,86.8,0,98.4,74.0,79.8,98.0,40049.16,34762.67,167730.2,0.62,4,4.3,91.3,90.4,47.4,1,1,14
1244.19,1995,3,88,8,48,0,1,1,2,0,0,0,2,65.9,27,73.1,72.2,53.0,35.9,22098.19,14562.71,184513.38,0.34,17,5.7,94.8,98.1,0.0,0,10,5
1118.69,862,1,703,498,164,0,6,4,1,0,0,0,5,63.5,2,10.4,64.5,14.0,35.4,30490.44,19361.43,290768.1,0.39,15,2.8,58.7,56.7,0.0,1,10,2
1654.1,4642,3,1163,574,68,0,5,1,6,1,1,1,2,63.0,14,49.7,49.3,52.7,32.6,81309.66,51225.09,276331.08,0.64,15,4.0,38.3,69.9,0.0,1,9,6
668.21,1191,1,957,470,333,0,4,3,8,1,1,5,2,61.1,19,26.3,52.5,43.3,0.1,521.04,318.36,3928.66,0.66,9,3.0,41.8,53.1,0.0,1,2,13
724.72,1361,3,96,65,10,0,3,3,5,1,0,0,1,73.3,35,91.0,89.7,89.2,42.7,26672.48,19550.93,77435.87,0.52,5,5.6,70.4,63.5,0.0,0,13,3
565.47,1904,3,83,25,7,0,12,1,2,1,0,0,1,51.8,14,42.7,85.0,94.3,58.5,17340.61,8982.44,124947.17,0.35,15,4.2,74.9,73.3,0.0,1,14,11
1968.59,5000,5,33,89,37,0,6,0,4,0,0,0,0,94.8,0,53.0,98.6,96.2,94.0,56470.27,53533.82,566175.83,0.36,3,5.7,92.0,64.3,93.1,1,13,11
1224.57,1796,2,61,33,53,0,0,0,5,1,0,0,2,76.1,8,47.5,70.5,99.5,36.8,46891.99,35684.8,685387.19,0.46,7,4.9,92.6,85.7,0.0,0,13,2
1758.71,2588,0,545,117,66,0,10,2,6,0,1,6,0,51.1,31,40.8,52.9,43.7,19.0,66726.73,34097.36,238036.58,0.51,9,3.4,45.1,28.8,0.0,1,1,7
696.87,501,5,76,47,53,0,0,0,2,1,0,0,0,88.4,0,77.2,67.3,93.2,55.7,32347.46,28595.15,310913.09,0.35,3,7.0,67.7,78.0,75.2,1,7,9
1880.28,1534,3,975,210,113,0,12,5,6,0,1,13,1,67.4,19,88.9,56.6,12.1,30.4,56396.57,38011.29,163026.75,0.42,13,4.4,54.3,27.5,0.0,0,10,7
278.38,562,3,155,12,53,0,7,1,5,1,0,0,2,77.2,22,69.7,77.7,68.0,76.2,2152.65,1661.85,42709.41,0.49,20,7.1,93.5,62.0,0.0,0,2,3
1454.6,4437,2,59,15,17,0,5,1,2,1,1,2,2,84.5,0,69.1,62.9,57.7,72.7,32722.18,27650.24,135543.89,0.47,10,5.0,72.4,76.9,0.0,0,6,11
173.33,685,2,930,561,234,1,10,2,4,1,1,5,0,80.6,0,62.6,55.5,20.2,34.4,890.59,717.82,15343.9,0.4,14,3.6,16.4,28.8,0.0,1,11,7
838.09,1425,5,52,55,23,0,0,3,1,1,0,0,0,91.7,0,69.0,99.0,71.6,61.8,24921.62,22853.13,346055.84,0.39,12,6.0,64.8,73.8,89.2,1,0,12
1396.67,4014,3,28,29,2,0,4,1,0,0,0,0,2,92.9,0,46.2,71.0,97.1,55.0,23318.98,21663.33,458130.54,0.62,11,6.1,55.2,94.6,0.0,1,10,13
649.1,1807,2,139,241,286,0,8,1,6,0,1,1,8,63.0,8,34.8,63.6,31.2,33.6,11761.95,7410.03,187548.61,0.29,2,4.1,29.3,28.6,0.0,1,14,2
1171.23,4568,2,515,369,293,1,5,4,2,1,0,0,5,63.1,2,46.4,32.6,15.6,39.5,1401.71,884.48,15808.91,0.38,6,2.2,41.8,32.3,0.0,1,4,12
1333.21,1000,3,139,21,2,0,6,2,7,1,0,0,1,79.9,34,92.0,57.2,67.0,20.3,39234.12,31348.06,627882.87,0.49,15,4.3,95.0,60.5,0.0,1,8,0
456.61,1586,2,54,5,60,0,1,0,4,1,0,0,0,68.2,17,80.5,80.2,61.7,26.2,17681.21,12058.59,199021.21,0.32,13,5.9,67.1,84.0,0.0,1,13,2
781.48,2902,1,1079,129,88,0,8,1,6,1,0,0,0,63.9,36,45.0,30.0,23.9,15.7,13809.21,8824.09,84008.25,0.5,12,4.2,54.0,56.5,0.0,1,10,11
1838.58,5000,4,148,30,31,0,11,4,4,1,0,0,2,82.1,0,78.7,66.2,48.1,84.4,17014.01,13968.5,161725.12,0.64,31,5.5,92.1,83.1,42.8,1,2,1
1819.6,3910,4,109,85,56,0,0,3,3,1,0,0,2,55.2,17,70.1,71.2,98.6,60.3,77710.87,42896.4,908488.89,0.44,6,5.4,63.1,65.1,82.6,1,12,5
1751.19,5000,0,708,461,91,0,2,1,1,0,1,6,1,63.6,16,7.5,51.8,29.2,39.9,34810.49,22139.47,108906.98,0.58,12,2.8,11.2,22.4,0.0,1,12,10
1625.21,5000,3,125,44,21,0,7,0,4,0,1,8,1,96.5,0,53.3,59.2,70.6,72.7,41009.32,39573.99,809865.61,0.38,2,5.7,69.5,89.4,0.0,1,4,7
663.56,680,5,84,38,59,0,4,1,0,1,0,0,2,61.2,26,63.0,76.8,61.5,57.0,5025.01,3075.31,67257.88,0.56,17,5.4,59.0,78.4,65.0,1,12,8
1003.23,2234,5,49,59,60,0,3,0,3,0,0,0,2,56.6,34,88.0,78.2,47.6,55.4,38787.99,21954.0,194604.1,0.51,5,6.3,58.7,79.4,57.4,1,13,0
1564.02,5000,4,100,35,26,0,0,0,0,1,1,8,1,99.0,0,67.1,80.3,79.5,71.8,8973.78,8884.04,176461.7,0.45,8,4.8,79.2,93.8,66.1,0,3,5
847.04,3165,2,135,32,18,0,5,1,4,1,0,0,1,92.1,0,44.6,59.6,46.2,50.6,23861.57,21976.51,278074.44,0.71,12,5.9,59.6,82.3,0.0,1,11,13
471.23,1682,2,691,194,168,1,11,5,1,1,0,0,3,12.1,7,42.7,36.8,45.8,3.8,15002.55,1815.31,98082.95,0.65,10,1.5,55.0,47.6,0.0,1,13,6
585.89,1148,2,20,46,40,0,1,3,5,1,0,0,1,60.1,35,66.8,67.8,94.1,45.2,15936.2,9577.66,152326.62,0.53,19,5.1,86.0,72.4,0.0,1,10,10
1774.72,3397,3,85,1,24,0,0,3,4,1,1,3,0,58.1,16,96.3,81.5,93.3,60.9,19127.13,11112.86,60461.15,0.55,24,6.1,99.5,84.6,0.0,1,0,7
807.71,2695,4,18,86,12,0,5,2,5,1,0,0,1,80.5,0,75.2,97.1,63.5,55.8,3762.73,3029.0,64485.05,0.34,16,5.1,60.0,97.9,62.2,1,6,9
314.37,255,4,153,10,44,0,2,5,7,1,0,0,2,71.2,15,73.5,93.5,62.3,50.6,3223.18,2294.9,6904.02,0.44,15,4.4,85.7,82.0,72.7,1,8,7
616.62,407,3,81,49,10,0,3,0,3,0,0,0,1,74.1,36,50.1,73.2,99.4,34.2,11388.89,8439.17,188760.74,0.38,10,6.0,79.7,80.5,0.0,1,14,11
1391.35,2044,2,113,5,16,0,8,0,1,1,0,0,0,58.0,10,96.4,76.0,45.4,76.0,52142.08,30242.41,840329.13,0.41,7,7.3,71.3,78.6,0.0,0,2,3
1086.51,2242,2,106,40,11,0,5,0,1,1,1,14,1,63.1,35,66.2,79.4,76.5,31.4,29699.88,18740.62,506556.2,0.41,4,6.7,95.7,76.6,0.0,1,10,11
1693.43,3008,1,1085,182,55,0,9,1,2,0,1,10,3,12.0,32,30.3,59.7,42.9,19.7,68453.26,8214.39,635121.89,0.41,17,3.2,37.3,25.7,0.0,1,9,0
1583.59,4851,5,70,70,6,0,7,1,5,1,0,0,0,50.5,29,70.0,98.4,53.6,55.9,46438.92,23451.65,486375.04,0.65,11,5.2,68.7,65.4,30.9,0,8,13
1183.09,4438,2,25,20,17,0,1,2,5,1,1,11,0,89.9,0,72.1,63.8,80.7,77.9,43371.19,38990.7,329215.69,0.55,15,4.4,71.2,68.7,0.0,1,10,10
175.7,283,3,494,569,281,0,10,5,2,0,0,0,5,31.6,34,48.2,57.6,36.9,7.4,7092.34,2241.18,90197.06,0.51,6,1.8,24.3,54.6,0.0,1,1,10
1205.85,3201,2,757,481,365,1,7,1,4,0,0,0,3,41.6,2,53.6,42.7,13.3,13.6,58879.29,24493.78,131145.36,0.7,25,2.9,46.1,45.8,0.0,1,1,13
1507.75,3981,4,62,75,59,0,6,0,1,1,0,0,1,60.0,1,94.5,92.7,48.1,92.2,61964.0,37178.4,1091760.37,0.76,19,5.4,79.9,84.6,86.6,0,12,1
817.69,893,4,151,15,60,0,8,3,1,1,0,0,1,73.6,20,50.1,99.6,73.4,64.3,20820.34,15323.77,245712.15,0.63,8,5.3,59.6,61.3,68.3,1,4,8
25.7,94,3,129,58,16,0,7,3,2,0,0,0,2,61.6,16,67.2,74.4,71.5,27.2,1144.56,705.05,11518.13,0.57,27,6.0,94.8,61.8,0.0,1,12,0
559.82,1058,2,179,9,37,0,3,2,6,1,1,12,1,86.8,0,60.9,92.1,91.3,59.2,6242.67,5418.64,40884.52,0.4,14,4.9,88.5,86.7,0.0,1,10,3
1620.87,2090,3,177,7,23,0,3,3,3,0,0,0,0,81.0,0,85.4,97.9,67.7,74.0,30476.83,24686.23,411498.81,0.63,28,5.9,99.6,76.3,0.0,1,11,6
1002.72,2521,2,74,40,46,0,5,0,4,1,0,0,0,87.5,0,57.2,94.6,78.3,51.1,46276.21,40491.68,216487.31,0.62,19,7.0,55.6,62.5,0.0,1,2,14
757.82,1634,4,107,0,0,0,8,3,3,1,1,4,1,100.0,0,78.1,80.4,99.3,69.8,19640.07,19640.07,234712.34,0.56,13,7.1,79.6,99.6,89.1,1,3,0
786.91,1926,4,162,89,25,0,8,4,3,0,1,15,1,99.5,0,50.3,82.7,69.2,97.1,28980.69,28835.79,451282.14,0.41,6,5.3,58.5,84.1,78.8,1,13,3
223.26,329,2,84,46,18,0,3,0,0,1,0,0,1,76.7,15,78.2,74.5,56.9,44.5,6422.87,4926.34,43777.08,0.44,14,5.3,67.2,94.0,0.0,0,9,11
357.62,357,5,74,79,58,0,8,4,2,1,1,1,2,58.3,19,58.2,75.6,49.5,66.9,6644.49,3873.74,100790.64,0.52,9,4.9,66.9,68.5,40.5,1,4,12
438.8,1511,5,37,51,32,0,6,3,3,1,0,0,2,78.8,13,84.9,73.2,56.1,51.2,442.34,348.56,6340.78,0.47,16,4.7,71.9,98.6,61.3,1,14,11
59.56,173,3,1097,85,384,0,9,3,7,1,1,14,4,58.5,31,33.7,45.8,23.9,21.0,1431.76,837.58,23561.7,0.63,18,3.5,47.8,21.9,0.0,1,7,8
402.48,556,3,1075,406,206,0,8,4,8,1,0,0,3,37.4,36,58.5,48.4,40.3,26.7,9347.64,3496.02,46041.97,0.74,4,1.5,20.8,27.4,0.0,1,0,4
1651.07,2650,4,22,68,5,0,2,3,3,1,1,11,0,96.2,0,90.5,99.3,73.5,89.0,72749.83,69985.34,848401.76,0.44,18,5.6,62.4,69.4,41.3,0,2,2
1014.86,1550,1,803,282,161,0,8,5,1,1,1,4,0,63.8,29,55.4,34.0,29.6,33.9,47400.09,30241.26,206452.59,0.44,7,2.7,59.4,37.7,0.0,0,4,2
1110.47,2802,4,29,40,27,0,4,1,1,1,1,4,0,69.7,19,87.8,64.1,90.0,98.7,48137.98,33552.17,662268.35,0.61,17,4.8,97.9,65.7,42.3,1,3,6
1593.12,3066,3,199,530,238,0,3,4,7,0,0,0,4,20.4,11,32.8,27.0,41.5,24.6,63509.66,12955.97,735887.49,0.68,32,2.8,32.9,29.3,0.0,1,11,1
1980.71,2651,1,145,357,191,0,7,2,7,1,1,14,3,14.2,7,14.3,47.9,21.1,27.6,14804.04,2102.17,193527.96,0.77,6,2.0,39.6,31.0,0.0,0,13,13
997.38,3554,3,160,73,0,0,11,5,5,1,1,9,1,60.5,26,51.6,79.4,77.4,79.1,1645.42,995.48,6866.62,0.65,22,5.0,88.9,72.0,0.0,1,13,6
923.95,1495,1,103,219,49,0,2,4,6,1,1,6,2,57.1,7,48.9,17.8,28.5,15.2,26376.75,15061.12,131926.82,0.5,10,2.9,55.1,29.7,0.0,1,2,9
1031.31,819,3,65,41,11,0,3,3,0,1,0,0,2,79.8,12,89.6,96.5,54.7,31.5,9137.66,7291.85,86087.79,0.47,9,7.0,67.1,84.8,0.0,0,11,7
860.68,3418,3,169,27,42,0,5,3,4,1,0,0,0,69.2,33,50.7,85.7,75.4,66.6,35828.14,24793.07,431904.61,0.64,16,6.0,64.3,81.4,0.0,0,14,10
784.68,550,1,673,499,104,0,2,1,1,0,0,0,2,69.3,14,45.4,43.0,33.7,10.2,38610.8,26757.28,568642.56,0.41,6,3.1,26.5,53.8,0.0,1,11,9
1475.35,2302,0,342,250,319,0,12,5,7,1,1,11,3,39.9,15,36.2,16.3,41.4,2.5,61932.91,24711.23,155627.82,0.54,3,3.4,51.1,31.5,0.0,1,3,10
1873.84,2921,5,170,39,29,0,5,3,7,1,0,0,2,60.9,32,63.3,83.4,93.2,97.9,75635.47,46062.0,970898.5,0.4,3,4.8,67.3,97.9,79.8,0,1,12
1268.36,3531,4,110,81,16,0,7,1,1,0,0,0,0,71.4,33,67.7,80.6,84.8,76.1,34046.31,24309.07,129787.12,0.42,20,7.0,86.4,64.0,93.2,1,10,12
1864.85,3912,2,734,447,233,1,7,1,3,1,1,13,3,55.6,27,24.0,49.9,18.0,2.2,7048.29,3918.85,88257.37,0.54,11,1.9,23.1,40.8,0.0,1,8,9
311.36,334,1,1184,625,56,0,7,5,3,0,0,0,7,12.7,11,33.6,50.9,39.2,27.6,6241.47,792.67,35238.56,0.53,22,3.2,36.5,47.0,0.0,1,1,0
1362.5,1096,1,683,636,104,0,12,3,3,1,0,0,4,54.4,25,25.8,62.2,51.8,9.6,63786.93,34700.09,1022465.27,0.64,22,3.3,29.2,50.1,0.0,1,7,6
1359.26,4469,3,1185,519,99,0,11,3,2,0,1,1,7,67.8,10,44.7,54.6,17.6,5.4,18096.31,12269.3,99332.79,0.7,34,3.2,28.6,64.2,0.0,1,4,4
1699.66,2216,4,46,37,49,0,7,2,5,1,0,0,0,55.6,9,87.0,64.4,83.0,90.8,57251.98,31832.1,304338.16,0.29,14,7.3,70.7,99.9,93.0,1,13,2
977.91,3436,3,125,75,12,0,3,3,5,1,0,0,0,68.4,25,61.1,60.3,74.2,32.9,48726.2,33328.72,902737.53,0.47,3,6.2,93.7,99.7,0.0,1,11,10
1920.5,1440,5,39,5,47,0,2,3,5,1,1,9,0,72.1,34,77.1,66.6,80.7,60.5,71235.15,51360.54,1285409.92,0.48,7,5.5,66.3,60.4,34.7,1,1,2
1993.71,3967,2,113,48,13,0,5,1,0,1,0,0,2,96.3,0,69.1,99.5,45.2,22.4,47414.04,45659.72,208523.29,0.73,13,5.4,91.0,68.0,0.0,1,6,1
1561.42,5000,5,115,83,57,0,1,2,1,1,0,0,2,66.7,14,79.7,82.9,76.7,98.4,52042.18,34712.13,500903.23,0.49,8,5.2,80.5,74.1,68.9,1,4,0
1882.53,3430,2,1174,663,64,1,8,5,7,1,0,0,8,68.2,21,54.3,40.4,11.6,0.5,56421.55,38479.5,764870.27,0.61,28,1.9,28.6,61.6,0.0,1,2,10
947.26,3437,2,118,62,53,0,11,5,1,0,1,12,0,56.2,6,76.2,84.6,78.1,46.1,33632.11,18901.25,390596.35,0.51,25,4.7,76.7,76.9,0.0,1,14,5
1460.65,4284,2,1109,136,363,1,12,1,3,1,1,3,3,38.2,19,40.0,26.1,38.7,16.5,53799.12,20551.26,258223.11,0.78,39,1.2,17.8,69.6,0.0,1,13,4
1734.71,4309,5,87,84,36,0,0,2,5,1,0,0,0,94.0,0,85.2,97.9,85.8,83.0,41412.63,38927.87,634394.63,0.52,7,6.7,91.6,96.4,87.3,1,7,12
1542.21,1907,1,757,373,215,0,6,1,1,0,1,15,8,67.5,18,16.7,49.1,16.5,13.5,32956.37,22245.55,351038.22,0.53,19,2.4,40.4,25.0,0.0,0,3,3
863.06,1120,1,1053,214,170,0,3,3,4,1,1,2,6,51.3,16,31.0,46.9,37.5,5.3,8589.75,4406.54,166486.58,0.48,17,3.2,32.6,63.9,0.0,1,9,3
1784.62,2169,5,159,31,50,0,6,0,5,1,0,0,0,76.6,12,70.6,58.1,58.3,78.0,16974.49,13002.46,191501.22,0.44,8,6.7,81.3,80.1,98.7,0,12,9
1931.55,5000,5,107,58,9,0,6,1,3,1,0,0,1,89.2,0,65.7,58.3,70.5,51.2,18495.29,16497.8,112613.7,0.51,7,6.3,63.5,92.3,72.4,0,2,5
1536.21,4301,2,447,119,142,1,2,2,1,0,1,15,7,15.8,26,59.7,36.5,41.8,19.0,56519.4,8930.07,484456.25,0.65,13,1.5,39.0,51.5,0.0,1,1,13
942.18,3609,2,45,55,22,0,7,1,2,1,0,0,0,69.7,15,74.6,56.8,50.4,42.5,5516.17,3844.77,60092.63,0.58,7,4.8,66.7,99.1,0.0,0,3,10
778.13,2134,0,932,468,274,0,11,1,5,0,1,9,6,31.8,34,21.1,19.1,44.9,1.8,12614.07,4011.27,68260.13,0.75,31,2.3,57.5,35.2,0.0,1,4,4
217.76,802,3,22,5,7,0,8,1,5,0,1,14,0,58.4,30,58.5,79.9,81.0,47.7,5089.22,2972.1,80390.13,0.48,14,4.3,71.7,69.5,0.0,0,11,12
140.09,551,4,166,56,15,0,6,3,3,1,1,4,1,87.8,0,89.2,57.6,91.0,83.4,6129.08,5381.33,51098.11,0.63,17,6.5,99.2,100.0,67.0,0,8,14
1018.27,1024,3,121,32,5,0,1,0,1,1,0,0,1,50.1,35,51.8,55.2,97.1,24.6,18352.16,9194.43,215534.27,0.42,7,6.6,86.8,77.5,0.0,1,4,9
1593.76,4570,3,50,81,23,0,8,5,8,0,1,5,1,57.7,1,74.2,88.3,78.7,68.9,63723.55,36768.49,1124975.18,0.35,14,4.4,93.1,76.6,0.0,1,4,5
184.37,223,1,1180,228,394,0,3,5,4,1,0,0,6,21.4,23,2.0,31.3,28.4,39.6,4768.53,1020.47,29620.3,0.4,14,2.3,17.2,40.0,0.0,1,7,9
1202.18,852,3,69,66,3,0,9,5,8,1,0,0,0,74.5,7,44.0,61.3,87.9,37.3,40810.85,30404.08,165463.02,0.67,26,4.6,65.5,87.1,0.0,1,0,1
753.49,1208,4,27,59,54,0,6,3,1,0,0,0,2,67.7,30,81.6,76.2,55.6,72.5,10153.66,6874.03,34943.0,0.53,10,5.9,70.1,62.3,72.6,1,2,12
1174.94,1770,3,44,3,29,0,2,0,2,1,1,4,0,54.5,7,92.5,71.0,52.5,59.5,4048.1,2206.21,28217.23,0.63,15,5.5,95.8,76.4,0.0,1,3,14
600.99,1942,2,1036,307,268,1,6,1,6,1,0,0,8,64.9,31,53.3,24.4,24.0,1.9,19073.45,12378.67,184038.4,0.38,13,3.1,43.0,42.5,0.0,1,9,9
798.99,1359,1,872,646,186,0,7,2,7,0,0,0,6,27.7,7,11.1,36.9,19.1,23.5,14085.74,3901.75,254310.55,0.56,8,3.2,50.5,27.3,0.0,1,2,6
247.14,899,3,118,70,44,0,0,0,2,0,0,0,0,94.4,0,52.2,96.1,99.7,72.3,8583.02,8102.37,75031.22,0.63,16,6.5,74.2,82.6,0.0,0,8,8
1935.04,4374,4,89,69,32,0,7,3,3,0,0,0,0,53.7,31,77.2,68.3,54.4,69.9,71982.26,38654.47,1198013.07,0.49,10,5.0,77.5,96.5,81.8,1,3,10
545.49,1910,5,69,37,23,0,5,0,0,0,0,0,2,53.8,5,45.4,69.9,81.8,63.9,10569.88,5686.6,144244.25,0.33,6,5.6,88.4,86.4,80.4,1,13,11
1788.36,1486,1,1097,704,248,0,8,1,2,0,1,5,2,74.1,32,17.6,45.7,25.9,11.0,15329.06,11358.83,177491.13,0.68,19,3.3,52.7,44.7,0.0,1,13,6
1448.03,2936,2,174,74,5,0,5,2,0,1,0,0,0,71.2,36,55.3,78.3,83.5,27.8,30444.35,21676.38,526790.45,0.55,15,6.0,66.0,97.8,0.0,0,8,10
1554.33,1006,2,174,21,42,0,8,1,1,1,1,2,2,70.5,24,83.6,73.7,83.3,44.8,6287.27,4432.53,98014.43,0.44,17,6.9,56.5,85.1,0.0,0,10,2
1577.17,3416,2,93,60,28,0,3,3,1,0,1,4,2,80.9,0,51.6,76.3,68.5,65.6,63452.74,51333.27,264866.1,0.42,4,5.7,69.9,68.8,0.0,0,8,12
889.0,1477,2,81,16,43,0,7,3,1,1,0,0,1,86.1,0,89.5,84.4,56.8,23.7,40883.05,35200.31,484334.93,0.33,12,6.2,58.8,72.3,0.0,0,3,11
346.33,824,1,669,160,60,0,6,2,6,0,1,11,5,65.8,31,18.7,48.0,16.8,25.7,1924.35,1266.22,11334.58,0.52,7,1.8,11.2,45.5,0.0,0,11,6
1809.51,1690,5,132,88,4,0,5,0,1,0,0,0,0,74.5,30,70.3,82.1,70.9,82.6,14623.81,10894.74,66980.39,0.51,6,5.1,95.2,67.5,70.8,0,0,0
493.5,1559,4,90,50,52,0,2,0,5,1,0,0,0,94.5,0,52.5,72.3,78.1,82.0,2144.6,2026.65,34062.41,0.55,17,7.3,83.4,96.3,71.7,0,10,0
1270.29,902,3,27,87,13,0,7,1,7,0,0,0,1,52.9,21,87.1,70.8,54.2,38.9,5190.56,2745.81,55322.16,0.55,18,4.5,87.0,87.5,0.0,1,5,8
1418.01,762,4,42,0,58,0,7,1,0,1,0,0,1,60.9,21,72.2,97.5,72.5,75.1,53954.4,32858.23,771708.96,0.52,3,6.9,80.5,60.4,78.3,0,2,3
1483.65,1333,5,42,35,17,0,10,2,1,0,1,5,1,90.4,0,90.9,87.7,64.6,51.9,12329.59,11145.95,65608.11,0.54,15,4.1,99.7,98.2,68.3,0,2,8
610.62,1357,2,67,73,45,0,7,3,0,1,0,0,2,55.6,23,92.6,79.0,73.7,27.0,10156.2,5646.85,120243.86,0.58,13,4.9,59.7,66.2,0.0,1,10,10
451.37,919,3,180,62,48,0,7,2,0,1,0,0,1,64.8,34,51.9,99.9,69.4,35.7,12121.05,7854.44,208047.54,0.49,17,4.7,63.9,90.2,0.0,1,11,5
897.05,3014,3,254,138,32,0,7,1,6,1,1,6,3,57.4,26,14.5,21.6,24.6,0.4,5803.9,3331.44,86412.29,0.63,15,1.8,34.2,32.4,0.0,1,2,8
1238.69,4192,4,157,73,20,0,5,3,0,1,0,0,1,88.0,0,86.4,63.0,72.0,65.1,10748.16,9458.38,31401.63,0.51,13,6.0,79.6,64.6,92.0,0,13,9
790.59,744,2,936,404,208,1,6,4,4,1,0,0,5,52.5,4,38.5,49.1,10.6,37.1,19722.1,10354.1,160833.18,0.81,4,2.8,33.8,20.4,0.0,1,12,1
1478.64,4988,1,993,249,48,0,5,4,4,1,1,1,6,58.7,1,4.4,23.3,13.5,14.5,5627.01,3303.05,68617.94,0.64,8,2.2,36.7,47.0,0.0,1,5,6
1700.95,1074,2,1090,234,343,1,4,4,3,1,1,3,2,78.7,28,29.8,36.0,53.9,16.7,31628.31,24891.48,129261.92,0.69,21,2.6,32.9,22.7,0.0,1,14,14
188.4,449,2,56,49,47,0,5,3,1,1,0,0,0,58.5,23,96.0,87.3,61.7,33.7,6110.76,3574.79,86172.42,0.41,14,5.1,99.7,90.4,0.0,0,1,9
341.58,896,4,12,21,31,0,2,3,5,0,1,9,2,75.2,12,75.4,81.3,72.2,68.3,8304.98,6245.34,119844.9,0.57,2,6.3,86.8,96.3,70.5,0,9,14
1219.45,651,0,213,271,86,0,7,1,1,0,0,0,0,52.5,13,20.5,36.1,30.8,9.6,33187.44,17423.41,89954.55,0.39,15,2.8,32.7,21.6,0.0,1,4,12
1749.37,2305,3,1167,482,193,0,2,4,8,0,1,8,6,25.6,23,43.9,17.1,36.7,19.8,6058.14,1550.88,29770.31,0.6,9,2.7,42.0,52.9,0.0,1,14,4
1343.48,1619,2,96,18,27,0,4,1,5,1,0,0,0,89.8,0,71.5,71.5,64.4,71.1,26196.17,23524.16,70130.12,0.5,16,5.4,99.2,81.6,0.0,1,4,11
1377.74,805,2,133,26,6,0,3,3,5,1,1,4,2,89.4,0,74.8,93.6,48.0,79.2,65880.54,58897.2,515410.36,0.53,17,6.0,61.0,84.2,0.0,0,5,12
1867.95,3369,2,160,29,52,0,8,5,1,1,1,2,0,88.5,0,76.2,63.0,71.9,22.0,21611.76,19126.41,263591.86,0.38,14,5.3,76.4,86.8,0.0,1,4,9
135.55,195,4,91,73,15,0,5,3,5,1,0,0,0,81.7,0,96.0,70.9,93.8,64.7,3259.13,2662.71,30553.15,0.69,27,6.4,87.3,66.5,94.2,0,10,13
502.48,1740,3,1071,114,332,0,3,2,2,0,1,12,8,26.8,18,47.5,55.7,28.9,5.7,13522.12,3623.93,176285.91,0.54,21,2.6,33.1,26.7,0.0,1,2,8
1415.96,2558,3,178,21,38,0,8,0,3,1,1,8,1,78.3,4,41.7,97.8,66.9,44.9,1484.03,1162.0,6439.72,0.43,19,6.4,76.7,75.3,0.0,1,6,9
209.42,512,2,112,57,35,0,5,2,2,1,0,0,2,83.8,0,58.2,65.7,62.4,28.6,5356.42,4488.68,24909.73,0.7,35,5.5,97.1,73.1,0.0,1,6,14
64.74,258,2,95,75,28,0,1,1,5,1,0,0,2,71.4,3,64.3,92.7,73.2,26.3,419.61,299.6,8124.73,0.65,7,7.1,69.8,70.1,0.0,1,13,14
1021.23,2190,3,268,221,276,0,3,5,2,1,0,0,2,72.0,36,55.4,27.7,12.6,16.5,42010.04,30247.23,503250.55,0.47,10,2.6,14.8,53.6,0.0,1,1,10
41.84,89,1,763,155,263,0,2,4,2,1,0,0,2,46.2,11,13.6,62.9,22.4,33.8,1827.69,844.39,17921.74,0.59,25,5.0,59.1,56.3,0.0,1,5,10
1229.12,3996,3,92,87,34,0,3,3,1,1,1,10,1,97.4,0,59.1,78.3,83.6,54.2,30931.09,30126.88,198762.0,0.64,12,5.0,97.6,94.0,0.0,0,8,10
222.75,686,2,139,27,26,0,12,3,4,1,1,13,2,98.7,0,97.9,97.6,75.1,27.6,4417.37,4359.94,19651.16,0.5,19,4.4,92.3,69.0,0.0,0,13,10
48.14,47,2,180,36,35,0,5,0,0,1,0,0,1,54.5,32,49.4,74.4,79.0,22.1,1323.28,721.19,8345.19,0.43,18,5.7,58.9,75.2,0.0,0,3,0
695.12,1395,1,737,688,32,0,3,1,2,0,0,0,4,27.3,2,27.5,18.3,24.8,11.5,4433.72,1210.41,51394.47,0.66,24,2.6,12.1,39.2,0.0,1,2,8
935.4,1505,3,390,682,218,0,6,3,6,0,0,0,5,63.4,36,18.5,19.1,20.2,29.0,6793.93,4307.35,114034.09,0.32,13,2.0,49.3,35.4,0.0,1,3,2
339.43,206,4,37,85,6,0,11,2,6,1,1,10,0,91.3,0,50.5,75.0,76.0,82.7,15199.56,13877.2,298961.25,0.64,24,5.4,93.8,74.5,61.0,1,0,13
1018.24,1015,2,84,8,20,0,4,0,0,1,1,11,0,75.8,5,94.4,80.8,81.5,37.4,42277.02,32045.98,736420.43,0.59,12,6.1,91.3,61.5,0.0,0,4,10
1130.32,4479,4,25,63,59,0,3,5,5,0,1,11,2,89.6,0,54.5,59.1,48.1,69.8,29297.92,26250.94,173347.78,0.39,7,4.8,97.4,82.3,65.5,1,9,5
1497.64,2983,2,40,56,5,0,7,4,2,1,1,15,2,80.6,0,61.9,68.6,99.4,41.8,13098.24,10557.18,152697.92,0.59,8,4.2,69.3,86.3,0.0,0,0,0
852.49,1159,5,172,72,41,0,2,1,5,1,0,0,1,87.3,0,92.6,66.9,74.4,96.2,36421.12,31795.64,191301.49,0.68,10,7.3,86.9,76.3,71.0,0,2,14
440.39,1370,3,57,21,4,0,7,3,0,0,0,0,0,72.1,14,47.7,80.6,48.8,50.5,11050.11,7967.13,29584.85,0.44,11,5.3,98.4,97.8,0.0,1,0,2
673.59,422,4,104,85,58,0,4,1,4,1,0,0,1,83.5,0,65.9,72.0,62.8,78.9,4141.85,3458.44,16870.45,0.49,23,8.1,59.8,92.7,81.7,0,7,5
1999.18,3386,2,51,79,7,0,7,0,2,1,1,9,0,84.6,0,44.8,78.6,61.6,68.2,44508.13,37653.88,472517.21,0.55,5,5.0,58.1,80.0,0.0,0,0,8
133.92,80,1,774,238,324,0,12,4,7,0,1,11,7,54.5,6,56.8,24.2,45.8,18.8,4693.62,2558.02,79689.65,0.5,7,4.1,45.3,43.4,0.0,1,13,8
361.31,1371,2,153,59,10,0,6,3,3,1,0,0,1,70.2,32,51.0,98.5,94.0,21.9,9018.73,6331.15,91442.66,0.61,3,5.6,81.2,71.2,0.0,1,8,8
208.6,829,4,55,18,8,0,5,1,3,1,0,0,1,93.2,0,54.7,80.9,93.1,53.7,10003.67,9323.42,178678.24,0.52,7,6.2,71.0,62.8,93.4,1,3,14
1297.74,4966,2,134,16,10,0,7,2,2,1,0,0,1,67.3,14,91.1,68.3,83.5,61.5,10203.48,6866.94,54190.13,0.4,14,5.9,55.8,67.7,0.0,0,0,3
1409.71,3887,3,449,726,63,0,8,5,6,0,1,13,0,60.6,27,35.4,37.3,40.8,16.8,5908.5,3580.55,29172.33,0.62,3,2.3,11.7,50.4,0.0,1,1,10
1889.64,2590,0,92,536,342,0,12,1,6,1,0,0,2,72.6,15,13.7,24.6,43.0,7.4,5052.47,3668.09,72885.84,0.71,10,2.2,49.5,54.8,0.0,0,6,1
198.95,599,3,57,13,4,0,2,1,4,1,0,0,2,77.7,27,54.6,59.7,73.1,63.3,3904.11,3033.49,54240.71,0.47,15,5.7,69.6,72.5,0.0,0,2,7
1575.08,1203,2,35,48,37,0,2,0,3,0,0,0,0,90.9,0,75.1,96.6,85.8,57.7,71221.24,64740.11,971720.15,0.57,14,5.6,83.2,67.7,0.0,1,8,12
1675.82,3412,5,80,44,38,0,8,3,4,1,0,0,0,75.8,3,54.9,70.9,78.0,78.6,65323.06,49514.88,751915.91,0.54,3,6.3,75.7,97.2,83.1,0,9,8
546.08,1879,2,28,13,46,0,7,0,5,1,0,0,1,82.9,0,96.2,88.9,92.1,77.0,23713.95,19658.86,387989.47,0.59,29,5.7,56.8,78.4,0.0,1,8,10
826.63,1041,3,982,74,348,0,3,2,5,0,1,7,1,45.5,34,15.2,39.6,37.3,14.1,7008.05,3188.66,29581.64,0.46,17,3.2,28.8,26.5,0.0,1,4,0
340.14,664,5,147,1,9,0,7,3,0,0,1,11,2,56.1,8,82.6,87.7,94.6,59.9,15062.98,8450.33,161776.24,0.65,32,5.4,70.0,81.1,69.5,0,0,14
1747.47,4464,5,10,73,3,0,1,2,3,1,0,0,0,87.4,0,66.7,64.5,87.6,87.1,74745.04,65327.16,1091676.26,0.42,9,6.1,91.8,87.1,48.8,1,5,11
450.58,532,1,852,657,156,0,2,2,4,0,1,7,1,26.9,2,14.8,38.5,27.3,30.2,4342.56,1168.15,18323.85,0.54,4,3.4,31.0,57.1,0.0,1,4,7
765.59,1137,1,213,571,325,0,2,5,3,1,1,13,1,29.8,9,53.8,16.3,10.5,24.1,19287.71,5747.74,117742.0,0.52,15,3.3,38.1,63.3,0.0,1,10,6
1880.03,4600,4,105,85,43,0,3,2,2,1,0,0,0,86.5,0,61.2,74.3,45.9,54.8,36225.32,31334.9,229288.85,0.29,1,6.7,70.0,83.7,60.0,0,12,2
1253.96,4672,4,154,47,40,0,5,3,5,0,1,15,2,62.3,35,59.1,66.1,86.9,88.8,33491.87,20865.44,360119.53,0.33,10,5.2,87.0,64.2,92.6,1,8,2
453.66,848,4,161,16,4,0,5,3,4,1,0,0,2,71.0,31,59.9,77.2,71.5,67.3,16948.66,12033.55,183539.58,0.5,16,5.4,56.5,69.3,89.5,0,0,11
413.57,954,2,592,379,283,1,7,5,4,0,1,5,7,23.3,33,4.1,38.6,30.1,23.3,11804.84,2750.53,223113.85,0.69,9,2.9,50.4,55.9,0.0,1,8,1
1414.78,1400,2,95,68,58,0,5,1,1,1,0,0,2,96.4,0,56.5,86.5,48.3,68.7,22474.11,21665.04,208411.24,0.58,11,5.5,67.4,73.1,0.0,0,14,10
1968.91,5000,3,203,164,44,0,9,4,5,0,0,0,4,11.1,8,4.3,61.9,46.6,6.0,14625.8,1623.46,50050.8,0.35,2,3.2,29.2,23.4,0.0,1,13,11
1562.64,1344,1,454,667,178,0,5,5,6,0,0,0,4,68.5,36,42.1,44.0,43.9,16.0,59272.9,40601.94,408436.86,0.51,11,2.4,25.1,31.6,0.0,1,0,10
1120.36,1807,5,21,26,20,0,6,4,7,1,1,3,2,76.1,9,52.8,97.8,62.6,65.8,43768.02,33307.46,200956.34,0.58,2,5.0,62.3,98.7,34.7,1,13,6
1692.31,2667,3,43,26,56,0,2,0,4,1,0,0,0,81.5,0,93.8,69.4,87.6,60.3,81054.97,66059.8,831691.61,0.42,9,7.8,56.8,72.4,0.0,0,12,7
904.94,1970,3,1116,385,324,0,7,5,6,1,1,1,8,32.1,13,55.2,20.9,17.2,23.3,11767.79,3777.46,126696.48,0.56,10,2.1,47.7,54.3,0.0,1,12,12
246.88,255,2,498,350,230,1,7,1,2,1,1,13,6,31.5,2,56.8,27.4,19.0,35.6,9786.28,3082.68,103896.71,0.54,12,1.8,36.2,20.3,0.0,1,5,14
1619.39,3041,3,64,58,49,0,7,3,1,1,0,0,2,74.7,9,92.0,85.2,60.6,28.8,65081.56,48615.93,1236367.18,0.4,6,7.6,66.5,74.8,0.0,0,12,12
1707.17,1914,0,575,654,391,0,11,4,3,0,1,4,1,70.0,21,57.5,46.0,54.0,7.2,59384.68,41569.28,879984.95,0.63,28,3.3,38.2,44.4,0.0,1,10,1
1140.57,1520,2,64,4,37,0,1,3,1,1,0,0,1,59.7,16,57.5,69.7,73.2,51.1,19510.89,11648.0,313815.18,0.71,8,4.4,92.5,89.7,0.0,1,0,13
378.91,1423,2,484,694,284,1,5,4,7,0,0,0,7,24.4,30,27.4,43.6,41.3,15.5,14854.56,3624.51,62106.91,0.63,14,2.3,21.9,38.4,0.0,1,14,4
382.51,973,3,420,571,112,0,2,3,2,1,1,3,1,18.2,13,38.6,38.7,26.5,35.8,11188.18,2036.25,144159.08,0.68,21,2.2,20.1,50.5,0.0,1,0,13
1948.26,2572,5,164,76,31,0,5,2,2,1,0,0,0,86.2,0,58.7,79.1,47.9,60.0,5943.95,5123.68,47898.95,0.65,21,5.0,76.1,97.1,35.3,0,2,14
394.07,1151,2,209,635,40,1,6,4,1,0,1,11,1,94.9,0,61.5,93.6,47.8,10.7,5131.12,4869.43,74716.65,0.48,6,3.1,52.1,62.8,0.0,1,13,5
1734.16,3001,5,50,57,44,0,7,3,4,1,0,0,1,66.8,10,60.1,98.6,64.3,67.3,23377.96,15616.48,186825.6,0.75,15,7.1,81.6,88.6,62.5,1,6,13
79.25,174,2,898,152,399,1,11,1,1,0,1,13,4,62.3,35,28.9,61.4,21.1,7.7,746.3,464.94,3113.83,0.4,19,2.5,45.7,33.9,0.0,1,0,0
867.54,3386,3,409,170,37,0,9,4,2,0,1,5,2,68.8,29,58.4,44.8,32.1,23.1,30091.67,20703.07,245672.01,0.42,20,2.6,37.6,61.6,0.0,0,13,11
894.11,2091,3,729,582,95,0,12,2,2,0,1,14,7,49.0,4,59.6,52.2,28.4,29.1,41519.93,20344.77,784304.83,0.53,25,2.9,47.0,41.9,0.0,1,0,8
274.47,875,3,48,53,19,0,1,1,0,1,0,0,1,97.1,0,57.1,71.6,59.6,48.8,1265.13,1228.44,11459.6,0.61,21,7.0,79.7,70.7,0.0,0,5,8
517.77,1209,1,1091,491,188,0,8,5,2,1,0,0,0,51.7,16,64.3,55.8,42.3,34.6,11568.13,5980.72,161019.13,0.65,16,4.0,14.6,50.5,0.0,1,8,8
688.12,492,1,1050,242,197,0,7,4,3,0,0,0,4,30.1,9,27.6,23.5,22.5,29.4,5370.78,1616.6,21686.72,0.58,27,2.9,51.8,61.5,0.0,1,8,12
1730.3,3038,0,1044,367,192,0,8,5,2,0,0,0,8,64.3,30,17.9,33.7,50.5,26.0,33256.83,21384.14,265159.99,0.43,7,2.5,45.6,47.6,0.0,1,13,12
1604.87,2240,2,79,27,26,0,1,3,5,0,0,0,0,70.6,14,58.6,79.3,74.6,66.7,3411.56,2408.56,34241.3,0.5,22,6.9,80.6,66.5,0.0,1,11,7
711.97,811,2,923,302,99,1,2,2,5,1,1,3,5,54.4,27,28.4,31.2,54.7,37.2,4490.9,2443.05,25676.81,0.8,38,2.9,55.9,52.0,0.0,1,13,1
38.89,32,2,152,6,23,0,4,2,0,1,0,0,0,79.1,1,53.8,98.4,98.3,71.5,1735.11,1372.47,8754.06,0.57,20,6.9,61.3,69.5,0.0,1,10,0
1642.79,972,4,98,32,27,0,4,3,1,1,0,0,1,54.4,32,87.8,74.6,60.2,59.6,44337.16,24119.42,437419.94,0.36,2,4.8,73.4,75.2,43.2,1,1,7
1845.49,5000,2,45,8,42,0,3,0,1,1,0,0,1,82.2,0,97.1,94.5,51.4,30.9,16957.11,13938.74,155466.1,0.81,27,6.9,88.3,89.8,0.0,1,10,1
397.85,1259,3,96,17,29,0,2,1,3,1,0,0,0,82.0,0,65.2,91.8,94.8,45.1,6412.67,5258.39,23972.81,0.56,10,4.2,74.8,62.7,0.0,0,3,14
1723.89,5000,2,138,56,59,0,1,3,3,0,0,0,2,71.5,22,76.4,91.6,50.0,38.3,21408.95,15307.4,258725.8,0.51,21,5.5,60.1,72.8,0.0,0,0,0
1885.83,4525,5,96,35,50,0,4,1,4,0,0,0,1,79.0,32,99.1,92.2,83.8,59.4,94152.48,74380.46,426327.1,0.4,6,6.5,98.2,63.6,99.5,0,2,12
1781.09,4949,1,976,622,260,0,2,4,7,0,1,10,6,62.8,7,34.2,54.2,40.7,25.6,16547.6,10391.89,52969.76,0.81,20,2.5,27.6,56.4,0.0,1,14,1
555.17,1092,5,71,12,9,0,0,1,4,1,0,0,0,82.1,0,70.0,63.0,89.7,90.4,20002.82,16422.32,184014.45,0.5,17,6.3,84.6,70.3,62.6,1,9,5
1737.94,5000,0,1037,344,60,0,8,3,2,1,1,8,7,20.0,32,52.9,56.4,10.3,39.4,53821.46,10764.29,1036270.55,0.33,8,1.8,44.4,63.9,0.0,1,1,5
1639.06,1746,5,105,46,39,0,6,2,1,0,0,0,1,88.4,0,71.6,57.3,62.5,74.4,11001.39,9725.23,131657.29,0.77,21,5.6,86.9,61.0,53.4,0,6,1
1141.29,3032,4,26,83,18,0,6,3,5,0,1,11,2,70.9,18,86.7,69.7,51.4,78.0,22341.1,15839.84,358720.79,0.5,7,5.2,65.6,63.8,89.2,0,4,0
294.76,721,2,43,30,38,0,12,4,4,1,1,10,1,77.1,18,94.9,81.1,71.8,53.3,11564.4,8916.15,173555.2,0.68,15,5.1,56.4,81.1,0.0,0,6,4
953.31,1265,4,152,41,30,0,6,1,4,1,0,0,0,91.6,0,72.2,71.5,65.3,52.5,18079.5,16560.82,193254.57,0.54,3,6.6,73.1,89.5,86.3,1,1,9
205.01,674,4,117,20,23,0,6,1,7,1,0,0,1,79.2,3,80.5,58.8,77.2,74.8,7163.28,5673.32,103256.13,0.31,4,4.5,90.4,84.1,59.0,0,7,11
1864.54,5000,2,1053,333,185,1,9,5,4,0,1,11,4,26.9,14,14.1,34.7,52.3,17.0,88634.19,23842.6,255900.67,0.44,15,1.7,48.7,24.8,0.0,0,0,0
1009.7,1873,3,84,28,59,0,8,2,2,1,0,0,0,68.3,35,54.6,88.1,46.3,53.4,4243.21,2898.11,38210.04,0.43,21,6.7,85.7,88.6,0.0,1,6,11
1222.37,1564,5,42,67,12,0,4,1,8,1,1,5,2,94.5,0,80.6,70.9,47.7,81.7,1277.54,1207.28,18593.77,0.54,15,5.0,70.5,88.7,45.6,1,0,0
1233.23,3702,3,712,561,121,0,10,2,4,1,0,0,7,17.6,14,30.9,22.0,37.6,7.5,52825.57,9297.3,417977.57,0.53,9,1.5,52.6,45.9,0.0,1,4,8
949.44,1295,2,539,444,158,1,5,3,6,0,1,15,3,51.6,33,40.7,39.1,12.7,30.3,27334.51,14104.61,512849.95,0.31,4,1.7,28.0,35.9,0.0,1,2,11
1127.46,4162,3,837,225,138,0,2,1,1,1,0,0,4,48.6,27,3.7,55.0,28.8,12.6,16306.02,7924.73,184163.1,0.38,13,3.0,20.3,36.8,0.0,1,11,9
1534.05,1845,2,74,23,29,0,7,2,1,1,0,0,1,52.8,12,60.0,60.0,48.9,78.7,6882.3,3633.85,92431.36,0.36,7,5.1,56.6,99.6,0.0,0,5,2
96.31,176,0,379,189,386,0,11,3,7,1,1,4,4,61.4,25,39.3,35.5,42.7,4.0,1662.74,1020.92,24087.97,0.43,15,2.6,28.8,53.2,0.0,1,1,11
1166.43,3951,2,817,408,230,1,7,1,6,0,1,15,2,72.5,26,18.9,18.0,51.3,6.5,49245.01,35702.63,104808.26,0.44,3,2.8,35.1,63.7,0.0,1,6,2
464.5,1127,3,905,95,337,0,12,3,2,1,1,11,0,41.2,15,32.8,27.3,53.8,7.0,22393.04,9225.93,142552.76,0.63,11,2.7,38.0,67.0,0.0,1,0,4
1618.82,2369,2,35,50,15,0,12,4,6,1,1,9,2,84.3,0,75.6,99.6,97.5,48.1,54939.89,46314.33,913878.69,0.46,11,4.3,78.9,69.3,0.0,0,4,2
1086.6,2232,5,146,1,49,0,1,2,3,1,0,0,0,88.8,0,81.8,83.5,61.4,87.2,36755.83,32639.18,178348.93,0.62,27,6.6,84.0,74.9,62.2,1,3,14
1314.18,931,3,95,13,28,0,0,0,1,0,1,11,0,66.0,12,80.6,81.5,94.7,50.2,24304.74,16041.13,50820.02,0.4,2,5.9,99.0,68.1,0.0,1,11,11
1752.6,5000,3,85,49,9,0,7,2,1,1,0,0,1,66.2,26,86.3,75.8,87.0,42.2,75904.56,50248.82,1446169.91,0.44,14,6.5,59.3,87.5,0.0,0,4,5
99.5,54,5,176,80,33,0,5,1,1,1,0,0,0,66.4,19,41.7,90.2,76.7,92.3,4468.72,2967.23,29048.93,0.4,12,6.2,58.0,79.2,61.0,0,13,11
930.83,3330,3,11,65,25,0,2,1,3,1,0,0,1,71.3,22,40.9,78.1,67.1,59.3,41703.35,29734.49,353271.5,0.34,11,5.4,70.8,81.5,0.0,1,6,11
122.97,153,3,73,33,49,0,1,3,0,0,0,0,1,55.3,12,41.5,60.4,99.5,45.8,3778.94,2089.75,33961.68,0.77,29,6.0,68.1,93.2,0.0,1,0,1
776.44,2708,3,116,29,41,0,8,1,5,1,1,6,0,65.8,12,76.0,74.5,79.0,33.7,23460.55,15437.04,83083.29,0.69,9,5.8,93.7,84.6,0.0,1,14,13
1541.88,4953,2,903,595,66,1,3,4,5,1,0,0,4,20.3,23,56.6,42.9,24.6,21.5,27977.3,5679.39,270734.41,0.51,7,2.9,19.8,68.3,0.0,1,11,0
1227.84,867,3,168,22,48,0,5,1,0,1,0,0,1,92.1,0,98.4,59.7,68.4,33.2,10964.9,10098.67,208751.19,0.28,12,7.1,96.9,81.3,0.0,0,6,2
1670.12,2931,3,915,452,361,0,4,4,8,0,1,8,8,57.3,8,2.5,16.0,39.1,2.8,18251.54,10458.13,135175.5,0.75,4,1.6,53.5,62.0,0.0,1,1,13
331.7,994,4,139,10,13,0,7,0,5,1,1,14,2,72.8,5,65.0,89.9,61.4,95.3,13502.53,9829.84,206946.84,0.45,22,5.9,55.8,86.6,77.0,1,6,2
1456.04,1141,1,228,240,178,0,7,1,2,1,1,10,1,73.0,24,43.5,60.7,24.1,2.1,8383.3,6119.81,44565.37,0.54,12,4.6,26.7,25.3,0.0,1,2,10
139.28,390,0,1108,602,233,0,6,3,4,0,1,14,1,74.3,10,41.8,34.7,16.4,25.7,1968.88,1462.88,31538.34,0.58,15,3.0,59.2,27.5,0.0,0,5,12
1713.09,5000,1,151,180,196,0,4,4,7,1,1,8,1,65.4,18,11.5,19.4,25.5,16.9,30170.84,19731.73,62600.03,0.49,14,2.2,58.5,58.0,0.0,1,3,5
1328.58,4472,3,259,68,165,0,2,3,2,1,1,2,5,14.7,9,47.2,33.1,53.3,22.9,31201.59,4586.63,512602.61,0.61,11,2.6,42.6,47.0,0.0,1,13,8
540.16,271,5,32,62,16,0,2,0,4,1,0,0,0,67.1,35,84.4,77.2,84.4,95.4,26435.9,17738.49,420006.94,0.4,14,5.7,89.7,81.0,66.0,1,10,3
1245.1,3768,5,404,637,236,0,11,4,3,0,1,10,2,67.4,14,82.7,79.1,49.9,54.1,49401.44,33296.57,371303.74,0.72,15,3.9,22.3,37.9,46.6,1,13,4
981.41,3142,3,637,203,56,0,8,2,7,0,1,13,7,11.5,36,48.6,36.8,46.7,17.3,45376.09,5218.25,627070.2,0.53,2,2.0,28.4,59.8,0.0,1,14,12
486.68,437,0,561,691,276,0,7,4,2,0,0,0,6,28.8,23,24.7,53.6,24.4,37.3,13016.45,3748.74,257425.9,0.33,5,2.0,58.2,61.9,0.0,1,1,5
760.93,1997,2,79,45,39,0,2,1,4,1,0,0,1,87.8,0,66.1,97.6,79.5,44.9,21100.43,18526.18,408413.52,0.55,8,7.0,77.4,92.0,0.0,0,13,12
1301.0,3524,2,61,44,35,0,6,3,1,1,0,0,1,79.7,11,44.5,84.9,79.5,77.8,26630.53,21224.53,357261.57,0.41,14,5.5,70.8,87.5,0.0,0,12,2
1887.35,5000,1,256,147,258,0,4,1,6,0,1,10,1,55.1,24,50.6,48.0,39.0,38.6,40275.54,22191.82,737398.66,0.42,15,2.5,51.2,60.1,0.0,1,13,7
1424.4,5000,5,436,479,108,0,9,4,2,1,0,0,0,58.5,16,92.6,87.2,48.8,92.4,35661.4,20861.92,480984.42,0.61,29,4.0,23.6,37.5,43.4,1,8,4
1746.8,5000,0,635,246,198,0,3,4,4,1,1,1,7,39.0,18,37.1,19.9,43.9,12.4,52700.45,20553.18,416409.39,0.46,4,1.5,27.7,69.9,0.0,1,9,10
118.45,376,3,133,26,15,0,4,1,3,0,0,0,0,56.4,3,50.2,88.6,98.3,29.5,5047.37,2846.72,89794.06,0.43,12,6.1,82.1,96.3,0.0,0,14,5
1131.82,1998,1,764,662,86,0,3,3,5,1,0,0,5,46.8,26,45.6,16.4,54.0,9.8,43364.17,20294.43,424564.56,0.72,28,1.9,55.0,62.2,0.0,1,10,4
973.23,2452,3,865,112,107,0,6,4,5,1,0,0,4,13.8,12,54.4,64.3,18.5,39.3,30753.3,4243.96,395814.96,0.44,11,3.8,10.1,23.3,0.0,1,7,3
865.72,2168,3,746,318,108,0,8,1,5,0,0,0,8,65.9,5,37.7,31.8,27.9,13.3,30562.57,20140.73,187816.74,0.45,15,3.9,52.3,51.5,0.0,1,5,2
755.71,1603,1,974,320,34,0,8,4,5,0,0,0,0,69.9,25,40.7,30.7,21.2,22.4,11748.05,8211.89,161637.44,0.61,10,3.8,22.3,53.6,0.0,1,12,4
1410.83,3041,2,692,439,256,1,10,4,4,1,1,4,2,81.3,0,99.7,59.7,49.6,1.3,12703.15,10327.66,57731.91,0.45,13,3.7,40.9,38.0,0.0,1,10,2
1978.69,5000,0,836,717,365,0,4,3,3,1,1,1,0,62.7,3,18.4,21.6,26.8,33.5,90598.97,56805.55,483958.83,0.53,19,2.2,48.3,46.1,0.0,1,8,3
1550.58,2918,1,1166,240,354,0,5,3,7,0,1,1,5,63.0,8,25.6,64.7,10.3,7.2,46566.93,29337.17,695363.8,0.49,3,3.7,33.4,61.4,0.0,1,8,9
378.49,1322,4,131,66,37,0,4,2,2,1,0,0,2,83.3,0,67.7,96.8,56.1,96.7,8561.82,7132.0,92518.05,0.48,22,5.3,91.5,83.7,73.5,1,14,10
1136.73,1209,2,99,631,158,0,6,5,7,0,0,0,6,67.2,30,12.5,26.4,17.3,18.4,52156.17,35048.95,672768.38,0.43,16,1.9,55.7,31.0,0.0,1,13,12
1386.04,1282,4,19,43,20,0,3,3,4,0,0,0,1,100.0,0,88.6,75.7,46.6,88.4,16798.58,16798.58,210714.25,0.46,6,7.2,95.8,63.5,70.6,1,13,3
365.47,737,3,176,65,48,0,2,2,5,1,1,11,2,70.9,27,50.1,82.6,57.4,26.7,9837.31,6974.65,31537.53,0.48,4,5.4,86.6,87.0,0.0,1,8,2
987.8,3704,5,85,81,49,0,3,2,5,1,1,1,1,90.3,0,68.4,96.9,71.6,95.3,14893.14,13448.51,116473.46,0.51,21,4.9,91.8,94.4,45.5,0,6,5
1287.27,3310,3,121,186,188,0,4,2,2,0,1,2,6,58.5,5,33.7,25.5,37.0,24.6,55133.75,32253.24,737787.63,0.55,24,3.2,12.2,26.0,0.0,1,8,12
807.16,1518,2,319,607,111,1,11,5,1,1,1,15,3,69.3,31,29.3,44.8,24.0,9.3,19697.54,13650.4,359642.03,0.7,23,2.5,10.4,42.1,0.0,1,3,13
31.24,53,1,238,151,208,0,11,4,8,1,0,0,7,12.0,34,15.9,20.9,45.1,7.3,1486.45,178.37,12209.84,0.59,17,2.6,45.6,57.3,0.0,1,5,4
1050.31,1758,4,118,78,20,0,4,1,5,0,0,0,1,87.7,0,62.3,83.1,72.5,94.8,48368.14,42418.86,675767.61,0.5,12,6.7,94.3,62.8,92.0,0,8,3
135.91,435,2,31,88,60,0,3,3,6,0,0,0,2,93.2,0,63.8,80.9,45.6,31.9,1459.12,1359.9,19738.11,0.82,40,4.2,56.0,86.8,0.0,0,0,1
412.99,1187,3,55,77,44,0,7,2,1,1,0,0,1,85.6,0,58.6,76.3,97.9,26.2,12811.55,10966.69,40973.3,0.59,7,4.9,76.2,87.4,0.0,1,4,14
935.25,2830,5,24,68,45,0,2,2,2,1,0,0,0,75.0,34,61.9,74.2,77.9,95.4,17641.02,13230.76,196550.73,0.32,10,5.9,70.3,85.0,78.7,0,13,11
1956.87,5000,0,327,166,117,0,10,1,7,1,0,0,5,55.6,14,25.5,22.6,26.5,9.1,2193.61,1219.65,16741.88,0.64,5,2.7,24.4,44.6,0.0,1,9,8
702.11,649,4,11,28,16,0,1,3,0,1,0,0,0,82.1,0,46.5,99.1,94.6,72.3,27946.75,22944.28,447409.28,0.51,8,6.3,85.9,86.4,68.8,0,10,3
1998.93,3749,2,126,42,9,0,6,3,7,1,1,13,0,63.0,25,57.1,83.9,85.1,71.0,94870.76,59768.58,1525635.32,0.54,19,4.6,78.6,77.9,0.0,0,1,7
1738.53,1263,1,1199,406,267,0,7,5,5,1,1,1,2,14.0,19,4.7,50.4,15.8,13.2,46268.51,6477.59,661370.08,0.72,3,2.7,28.3,69.1,0.0,1,0,1
1633.29,5000,5,116,45,36,0,7,0,0,1,1,3,0,94.3,0,59.6,90.8,93.8,92.3,9005.92,8492.58,161714.64,0.68,27,7.1,77.4,61.5,73.1,0,0,8
1458.78,3375,2,28,70,42,0,0,2,0,0,0,0,1,70.0,9,97.4,66.3,67.3,58.0,55957.77,39170.44,175115.68,0.55,13,7.5,98.0,88.6,0.0,1,8,6
322.02,272,2,467,246,97,1,8,1,3,1,0,0,5,66.4,32,43.8,49.2,55.0,9.2,3583.56,2379.48,26188.29,0.5,14,2.0,18.1,65.1,0.0,1,3,3
894.53,1903,0,840,383,202,0,8,1,7,1,1,6,1,68.4,30,7.7,32.0,42.2,26.0,31279.29,21395.03,109904.28,0.57,7,2.5,42.2,44.3,0.0,1,3,10
1406.33,4136,4,10,39,25,0,8,1,1,1,0,0,2,90.0,0,69.0,74.1,66.8,73.5,21933.09,19739.78,424261.84,0.44,4,6.0,79.9,99.8,74.3,0,0,7
550.22,2078,2,175,38,47,0,6,1,5,1,1,13,2,53.9,29,80.7,89.4,52.4,73.8,13252.06,7142.86,89102.13,0.4,19,5.4,57.7,93.0,0.0,1,2,11
630.64,2087,1,336,441,206,0,11,1,6,0,0,0,5,43.4,1,36.8,41.3,50.4,4.9,3069.01,1331.95,45830.02,0.64,24,3.0,34.4,48.1,0.0,1,11,6
1075.93,907,3,969,197,47,0,7,3,2,1,1,12,8,17.6,12,34.6,33.3,52.8,17.7,22089.15,3887.69,123271.3,0.76,7,2.3,59.5,65.4,0.0,1,5,1
1140.14,4088,1,463,695,184,0,6,2,3,0,1,6,7,49.2,28,42.6,38.2,29.2,7.0,14419.84,7094.56,158411.05,0.59,17,1.4,36.0,50.7,0.0,1,14,6
711.42,547,1,296,252,363,0,12,2,1,1,1,1,2,81.9,0,83.8,56.7,36.9,13.1,31793.19,26038.62,474107.56,0.76,9,3.9,59.0,24.6,0.0,1,14,4
1859.94,4597,3,645,108,310,0,9,4,4,1,1,1,2,54.0,27,23.3,35.2,18.9,33.0,90199.1,48707.51,596886.76,0.71,16,3.4,56.1,42.8,0.0,1,12,14
298.91,998,3,843,356,55,0,11,3,4,0,0,0,4,26.8,3,3.4,37.9,33.8,38.7,986.84,264.47,12304.04,0.55,14,3.0,22.2,67.1,0.0,0,9,10
837.46,3293,4,21,5,50,0,5,3,3,1,0,0,1,72.5,12,43.1,94.4,72.5,53.7,41689.27,30224.72,220879.07,0.67,28,4.8,66.4,88.1,65.2,0,2,1
454.15,934,2,601,194,342,1,4,4,8,1,0,0,1,84.5,0,94.0,70.2,46.8,1.7,9803.29,8283.78,110530.53,0.73,7,3.2,17.5,63.4,0.0,1,12,13
671.83,1165,2,35,62,35,0,3,2,4,1,1,9,2,70.9,1,41.7,62.4,56.8,67.8,17963.51,12736.13,153420.44,0.48,21,5.9,94.8,90.3,0.0,1,5,10
621.17,988,0,363,303,330,0,11,2,1,0,0,0,6,57.5,22,41.8,43.5,10.8,25.4,5121.55,2944.89,44931.91,0.53,18,2.1,34.3,57.7,0.0,1,11,8
322.79,1047,1,870,577,269,0,10,4,8,1,1,9,2,64.6,2,16.7,47.7,16.4,12.6,3819.96,2467.69,51182.35,0.57,28,2.9,22.7,43.1,0.0,1,12,6
954.17,2259,2,118,58,53,0,9,3,4,1,0,0,2,79.5,16,95.7,88.1,87.0,65.4,25619.0,20367.1,284830.67,0.72,15,4.1,69.9,90.1,0.0,1,13,13
1066.63,1984,5,53,57,56,0,0,2,4,1,0,0,0,83.4,0,60.3,86.8,96.5,73.5,36994.91,30853.75,616823.86,0.46,13,5.3,68.4,86.5,73.3,0,14,9
153.69,202,3,83,35,33,0,8,0,4,1,1,7,2,71.8,1,55.9,61.0,93.9,75.5,2049.07,1471.23,29973.92,0.39,12,5.7,99.7,69.1,0.0,1,13,3
1792.77,5000,2,800,198,348,1,9,1,3,0,0,0,4,68.5,23,34.3,44.4,17.2,27.9,52990.8,36298.7,253312.39,0.65,13,3.1,34.5,36.2,0.0,1,8,6
165.11,368,4,161,52,43,0,2,3,4,1,0,0,0,53.0,9,60.5,61.8,51.9,70.7,5982.11,3170.52,73113.33,0.4,10,6.7,73.9,73.6,80.6,1,4,9
1183.06,2399,1,539,171,51,0,11,3,2,0,0,0,6,51.9,23,26.6,64.8,32.7,16.6,49715.91,25802.56,387518.52,0.73,10,2.6,35.7,24.8,0.0,1,7,1
873.58,2731,2,106,134,378,0,12,2,1,1,1,12,0,94.6,0,52.7,76.8,49.1,3.2,10731.17,10151.69,37594.29,0.31,6,5.5,17.2,56.1,0.0,1,6,11
513.94,550,4,105,45,36,0,0,2,5,1,0,0,2,88.1,0,77.2,95.8,81.7,73.9,16121.76,14203.27,121931.68,0.73,23,6.6,65.3,72.8,77.0,0,8,13
1992.03,5000,3,521,253,125,0,11,4,8,0,1,2,6,54.9,30,32.8,51.9,16.7,11.6,24059.9,13208.89,384601.61,0.66,16,1.5,48.7,38.5,0.0,1,14,4
1352.25,2027,3,168,447,35,0,8,4,7,1,1,4,6,38.9,31,1.6,40.1,38.3,35.4,16727.74,6507.09,211334.95,0.66,13,2.6,30.6,46.8,0.0,1,2,6
1596.38,4274,4,40,63,32,0,2,3,5,1,0,0,1,87.9,0,64.0,80.3,91.5,67.4,29305.51,25759.54,483904.13,0.42,18,7.0,75.8,83.2,94.6,1,6,12
1391.17,5000,0,605,557,179,0,7,2,5,1,0,0,4,30.8,6,50.3,40.0,53.2,12.6,11968.8,3686.39,194224.44,0.45,6,4.0,44.1,47.8,0.0,1,10,5
1704.41,5000,5,165,41,42,0,7,0,4,1,0,0,0,88.1,0,61.4,70.5,48.4,77.1,9798.4,8632.39,49395.69,0.34,9,6.3,75.7,69.4,64.2,1,14,11
251.57,834,1,1199,664,154,0,10,3,4,0,1,9,5,19.7,29,1.9,32.5,47.8,30.6,468.11,92.22,3527.58,0.63,21,2.1,35.4,49.7,0.0,1,1,1
1293.14,5000,1,1007,510,41,0,9,4,5,0,1,9,1,39.4,23,42.5,29.3,20.7,25.9,33270.0,13108.38,507633.02,0.67,12,3.0,24.0,26.6,0.0,1,4,14
243.18,645,4,20,65,54,0,6,2,2,0,1,6,0,80.1,0,53.8,82.1,87.3,88.0,2559.69,2050.31,5832.36,0.43,13,5.1,62.7,97.6,57.6,1,13,11
1036.3,1724,1,487,121,143,0,4,4,6,1,0,0,5,46.9,4,16.5,22.7,44.5,5.6,43800.33,20542.35,222237.43,0.73,21,2.2,45.6,51.5,0.0,1,5,13
1547.52,1291,4,41,19,60,0,1,0,0,1,0,0,1,78.7,29,80.1,66.7,72.0,68.5,18497.12,14557.23,154903.66,0.53,24,6.2,81.4,67.4,68.0,1,3,9
978.12,957,1,242,179,326,0,8,4,1,0,0,0,5,14.6,3,56.3,47.9,35.0,22.7,22980.94,3355.22,382994.27,0.65,3,4.2,38.6,22.3,0.0,1,2,1
1822.11,978,4,108,82,15,0,6,2,4,1,1,12,0,70.4,5,72.9,66.1,86.9,81.4,41270.14,29054.18,181452.65,0.48,15,5.9,75.9,86.7,86.5,1,4,9
1764.76,4397,3,979,432,93,0,8,3,6,1,1,7,6,37.2,33,26.8,39.4,54.6,13.3,61394.82,22838.87,240378.95,0.6,24,2.7,20.6,60.1,0.0,1,1,4
1353.01,2030,5,111,77,26,0,8,1,4,1,1,14,2,86.7,0,53.4,60.4,60.5,92.7,12676.99,10990.95,34113.79,0.41,15,5.0,60.6,70.2,33.5,1,7,9
1551.85,3637,2,75,41,6,0,3,3,1,0,0,0,0,71.2,16,56.4,92.6,55.7,42.6,68799.23,48985.05,246572.78,0.76,37,5.1,56.6,61.2,0.0,0,0,4
919.02,2344,2,97,9,42,0,8,3,3,1,0,0,2,69.8,2,63.0,94.7,74.0,33.7,6940.26,4844.3,89165.28,0.33,8,6.5,97.4,93.2,0.0,0,2,11
1327.08,3749,3,108,31,11,0,8,1,5,1,0,0,1,88.4,0,62.2,76.2,61.3,29.4,23501.67,20775.48,83274.29,0.64,16,6.4,67.5,71.5,0.0,0,0,8
1687.28,1141,3,114,45,19,0,7,0,5,0,1,10,0,90.8,0,99.5,69.9,69.0,67.6,43615.64,39603.0,530514.48,0.55,7,4.5,88.7,78.1,0.0,1,6,8
123.35,219,1,639,259,371,0,9,3,8,0,0,0,7,68.1,31,26.5,52.9,35.2,26.9,4278.98,2913.99,32176.33,0.61,22,1.4,36.3,53.2,0.0,0,7,14
499.71,769,5,65,29,3,0,7,4,5,0,1,5,1,89.0,0,40.6,93.6,58.4,96.8,7027.75,6254.7,118112.06,0.49,3,4.3,82.1,72.3,60.2,1,12,10
1543.0,1376,3,529,299,104,0,7,5,7,1,1,13,5,35.7,30,49.5,36.6,13.7,39.7,69493.1,24809.04,158243.75,0.59,4,3.1,52.2,68.2,0.0,1,1,4
14.13,10,3,352,315,200,0,8,4,4,1,0,0,0,69.2,31,53.3,85.7,49.8,1.2,258.47,178.86,1192.7,0.41,3,5.5,57.8,47.4,0.0,1,6,11
1596.08,4339,3,63,27,7,0,0,1,3,1,0,0,0,56.0,35,83.1,65.8,63.8,21.0,25972.15,14544.4,244593.8,0.54,15,5.4,87.0,82.6,0.0,0,7,7
1733.29,2435,2,601,695,349,1,3,2,5,1,1,2,0,91.5,0,47.6,19.0,11.7,31.2,44316.89,40549.95,389821.53,0.48,2,2.6,11.4,33.1,0.0,1,8,9
1442.92,4478,5,601,301,74,0,10,2,4,0,0,0,2,62.5,16,97.0,73.2,47.3,55.9,5058.3,3161.44,79104.06,0.43,15,5.1,34.2,57.2,49.9,0,2,2
386.64,596,4,130,75,46,0,5,3,1,1,1,14,1,80.8,0,53.4,76.3,55.0,67.3,12446.23,10056.55,163699.11,0.56,12,6.4,72.2,84.9,47.6,0,6,3
1219.81,2490,1,852,147,241,0,8,2,1,1,0,0,0,61.2,34,98.0,56.2,13.9,32.7,53499.87,32741.92,253798.66,0.64,4,4.0,22.4,41.0,0.0,1,14,1
1226.48,1279,0,492,592,112,0,5,2,1,0,1,14,0,57.4,32,46.1,57.4,30.2,28.5,11737.06,6737.07,50906.48,0.45,7,4.5,22.3,41.5,0.0,1,6,0
1086.06,3087,1,661,186,237,0,6,5,8,1,1,4,7,65.2,12,4.0,21.8,18.9,36.6,16701.82,10889.59,203721.08,0.48,18,3.5,18.4,47.7,0.0,0,4,3
499.87,1242,4,29,77,32,0,0,1,4,0,0,0,2,73.5,20,44.6,83.6,67.3,54.7,9926.28,7295.82,146673.59,0.45,3,5.0,65.7,64.6,70.4,1,4,12
1685.45,4145,5,28,16,16,0,0,1,1,1,0,0,2,76.6,19,80.4,57.6,80.8,99.4,64772.34,49615.61,675358.79,0.35,8,6.1,76.4,68.7,30.1,1,7,9
1115.55,680,3,33,74,18,0,3,2,5,1,0,0,0,92.2,0,58.3,78.4,67.0,79.1,29501.07,27199.99,242802.2,0.48,4,6.8,75.2,98.7,0.0,1,14,10
1813.04,5000,3,73,13,48,0,6,1,1,1,1,3,2,92.8,0,77.7,95.6,79.9,40.0,12570.67,11665.58,249217.4,0.45,8,5.0,68.0,86.9,0.0,1,11,7
1725.69,5000,1,158,109,227,0,9,5,5,1,1,14,2,40.8,26,16.8,27.8,19.8,22.2,53287.51,21741.3,565402.09,0.75,17,3.5,58.7,59.5,0.0,1,5,13
242.07,234,4,15,0,4,0,8,3,8,1,0,0,0,50.2,36,94.9,88.0,49.1,84.1,3809.21,1912.22,42738.83,0.58,6,4.4,90.3,69.6,68.3,0,1,10
1828.73,2759,1,661,184,99,0,12,1,8,0,0,0,4,31.4,14,38.8,25.8,49.3,13.6,81602.76,25623.27,1607146.46,0.44,20,2.3,19.6,51.8,0.0,1,13,3
158.06,450,3,121,67,18,0,2,0,5,1,0,0,0,86.2,0,64.6,74.8,62.1,64.9,7768.1,6696.1,47074.21,0.63,25,7.4,72.8,90.5,0.0,0,7,8
1252.21,818,2,812,117,131,1,10,4,7,1,1,3,3,51.9,8,54.8,39.3,53.7,27.5,57372.12,29776.13,1036777.8,0.82,12,2.3,39.2,50.1,0.0,1,1,1
1028.91,1531,0,1197,423,313,0,11,4,6,0,1,1,5,59.5,3,46.5,27.0,24.5,34.8,13556.83,8066.31,188025.79,0.75,30,2.3,39.9,63.8,0.0,1,8,4
1484.17,4098,3,233,260,183,0,8,5,5,0,0,0,2,71.8,15,78.2,57.5,49.9,13.9,58603.5,42077.31,716476.88,0.34,16,4.7,26.5,42.0,0.0,0,5,11
638.08,1709,2,1093,570,319,1,12,5,7,1,0,0,3,48.8,6,13.3,33.5,49.8,21.6,29259.0,14278.39,193519.73,0.37,12,2.8,34.9,20.8,0.0,1,0,9
1645.38,2980,0,232,647,283,0,2,2,6,1,1,14,4,41.0,25,1.9,57.7,52.6,27.0,11049.79,4530.41,141666.29,0.54,12,1.6,55.2,52.5,0.0,1,1,14
171.17,235,1,677,531,150,0,9,4,1,0,0,0,1,53.0,34,4.4,60.1,40.1,31.3,1883.8,998.41,15471.42,0.46,22,4.0,46.7,32.5,0.0,1,1,12
866.94,1723,1,503,72,90,0,6,4,8,0,1,4,5,52.2,23,1.6,36.7,53.0,33.2,28393.33,14821.32,229887.9,0.4,18,2.7,56.4,54.1,0.0,1,13,7
1765.9,3916,0,1073,238,236,0,5,5,6,0,1,15,6,17.8,24,34.2,35.1,45.0,16.0,16796.77,2989.83,77796.32,0.76,9,1.9,44.7,55.8,0.0,1,10,4
1939.37,4265,1,93,445,79,0,11,2,8,0,1,1,0,53.4,22,7.8,34.3,12.7,38.9,45937.38,24530.56,123627.41,0.53,24,3.8,46.2,30.0,0.0,1,10,12
1858.86,5000,3,140,270,250,0,2,4,6,1,1,6,0,70.7,13,33.3,39.5,52.9,5.3,80337.57,56798.66,649208.51,0.61,5,2.7,46.9,66.8,0.0,1,0,14
1969.28,5000,3,517,94,193,0,2,1,7,0,1,7,4,11.1,9,41.1,30.7,20.0,3.2,79035.15,8772.9,253016.18,0.79,22,2.0,35.7,66.9,0.0,1,0,13
836.0,1897,2,102,21,54,0,1,1,5,1,1,14,1,84.5,0,67.1,76.2,53.0,21.7,15213.12,12855.09,245303.64,0.53,23,4.9,87.0,89.2,0.0,0,1,7
1441.06,4024,4,40,72,45,0,2,2,4,0,1,12,1,97.4,0,64.5,63.3,51.3,77.9,17939.7,17473.27,46618.57,0.48,5,5.4,65.3,68.5,41.0,1,2,10
1920.91,3949,4,121,89,51,0,4,1,0,1,0,0,1,66.3,27,96.3,80.3,52.5,83.0,22620.81,14997.6,448703.46,0.53,25,6.9,83.7,75.4,87.6,1,12,8
1441.24,3505,1,1126,492,70,0,12,1,3,0,1,14,1,98.1,0,41.1,28.0,48.3,17.0,37952.22,37231.13,448459.98,0.68,30,2.8,37.8,37.0,0.0,1,8,1
23.53,50,5,98,12,59,0,8,0,4,1,1,2,0,81.0,0,97.2,79.8,95.8,62.9,566.84,459.14,5909.31,0.44,7,5.8,65.4,86.7,91.7,1,10,2
1667.21,1580,0,540,113,154,0,6,1,1,0,1,5,7,13.9,27,17.8,63.5,36.1,35.3,66873.05,9295.35,540070.91,0.76,22,2.8,54.5,27.5,0.0,1,13,4
56.08,123,4,77,70,33,0,1,2,0,1,1,12,1,94.0,0,83.8,73.1,76.7,58.9,2675.36,2514.84,48439.21,0.56,3,5.5,58.3,63.8,70.3,0,0,12
136.58,382,5,33,86,45,0,5,2,2,1,0,0,1,68.0,24,78.1,97.8,55.6,68.6,5576.06,3791.72,17579.03,0.61,25,5.7,66.5,89.6,87.9,1,12,10
1424.87,2128,2,129,78,44,0,8,1,2,1,0,0,2,53.5,24,67.4,70.4,47.1,34.0,35942.34,19229.15,198857.97,0.74,11,5.3,75.6,81.1,0.0,1,14,13
384.67,1163,5,96,47,40,0,12,3,1,0,0,0,1,96.1,0,88.2,66.3,76.0,74.6,12630.45,12137.86,78177.81,0.53,8,4.0,77.1,77.2,58.7,1,13,10
386.8,1251,2,780,704,246,1,5,5,1,1,0,0,8,49.5,22,11.4,18.8,34.0,32.4,14943.23,7396.9,243255.42,0.48,24,3.2,45.8,37.1,0.0,1,3,9
407.38,1234,2,651,182,141,1,11,3,2,1,0,0,7,28.4,28,51.6,50.0,27.0,9.6,9330.86,2649.96,53816.35,0.67,26,2.1,37.6,67.3,0.0,1,13,1
233.61,645,2,792,640,38,1,7,5,8,1,0,0,6,37.3,36,16.9,26.4,14.0,39.2,8496.31,3169.12,25354.53,0.76,38,3.1,19.6,58.7,0.0,1,7,13
1535.16,4849,1,1155,519,370,0,6,3,5,0,1,5,3,14.3,4,42.4,21.9,41.4,23.1,65761.35,9403.87,956554.71,0.55,18,1.7,46.6,41.7,0.0,1,9,12
390.92,908,3,49,6,54,0,9,1,4,1,1,8,2,91.7,0,81.8,68.5,70.5,79.9,3713.66,3405.43,15603.02,0.66,33,6.1,65.8,72.7,0.0,0,2,1
71.26,60,2,151,24,51,0,4,3,5,1,0,0,0,72.2,33,84.2,94.1,58.9,68.0,2284.24,1649.22,9321.29,0.41,6,7.2,76.4,80.5,0.0,0,11,7
171.39,554,2,560,679,400,1,12,2,4,1,0,0,6,60.5,25,39.5,45.3,32.8,24.7,6334.77,3832.54,100787.74,0.41,7,3.1,12.7,29.1,0.0,1,13,0
353.26,227,2,43,75,37,0,4,2,0,1,1,4,2,68.5,22,62.0,69.1,97.0,66.5,13471.72,9228.13,128933.26,0.37,17,5.1,60.7,79.2,0.0,1,8,5
648.1,1500,2,118,42,50,0,5,4,3,1,1,11,0,90.2,0,65.2,72.0,45.1,42.1,21122.26,19052.28,88731.21,0.66,32,5.5,84.8,90.0,0.0,1,13,13
941.85,2308,5,138,75,52,0,0,1,3,0,0,0,2,87.6,0,97.1,93.3,58.6,80.6,40472.31,35453.74,555063.21,0.53,18,7.6,62.0,60.3,92.0,0,10,9
374.14,1087,5,71,68,60,0,4,1,2,1,0,0,2,69.5,11,87.1,87.2,90.1,59.0,14457.53,10047.98,86791.79,0.69,6,6.6,90.6,70.5,65.7,0,11,13
116.96,108,2,767,272,167,1,7,5,5,1,0,0,8,58.0,31,9.5,55.9,18.4,34.7,4497.98,2608.83,62895.46,0.43,12,3.3,48.6,37.0,0.0,1,9,3
82.46,276,2,169,610,342,0,10,2,5,0,0,0,7,51.3,31,12.3,36.1,38.5,39.3,1327.79,681.16,16233.28,0.61,28,2.3,31.8,28.6,0.0,1,0,13
1467.35,1812,2,169,77,7,0,7,5,4,1,1,1,2,51.3,9,46.1,75.8,48.6,53.6,7017.41,3599.93,131967.47,0.41,11,5.8,55.2,60.0,0.0,0,13,5
932.85,1955,3,49,84,10,0,3,0,1,0,0,0,2,79.0,25,76.9,55.6,45.3,38.2,15486.67,12234.47,101203.54,0.48,12,5.2,85.3,85.7,0.0,1,6,10
830.54,1020,4,156,64,56,0,6,1,3,0,1,6,2,51.2,13,95.0,78.1,85.0,70.4,28918.63,14806.34,233033.31,0.66,28,4.1,68.5,72.8,60.7,0,8,4
1983.02,5000,2,313,600,97,1,4,2,5,1,1,8,8,27.6,2,39.1,60.9,42.9,38.8,5404.75,1491.71,103836.04,0.52,19,3.5,50.6,21.5,0.0,1,0,12
1904.25,3845,2,1079,642,266,1,11,1,2,1,1,11,0,68.8,35,25.6,59.0,35.7,21.6,25590.73,17606.42,443956.52,0.38,12,2.1,32.5,23.6,0.0,1,0,11
517.59,2049,4,55,31,6,0,5,3,5,0,0,0,1,52.1,13,62.4,80.7,89.6,80.5,6105.7,3181.07,62901.49,0.68,14,5.6,96.8,81.3,46.5,0,10,14
1207.45,1079,5,170,19,30,0,7,1,4,1,0,0,2,74.8,25,51.9,75.5,62.4,69.3,8250.05,6171.04,146239.99,0.55,24,5.8,71.0,60.5,85.8,1,12,3
656.43,350,2,174,74,48,0,7,1,3,1,0,0,1,52.8,2,51.6,57.6,92.7,29.0,16686.11,8810.27,174655.64,0.48,14,6.0,57.2,93.7,0.0,0,4,5
1394.24,5000,1,555,79,78,0,2,3,3,0,0,0,4,53.8,13,39.9,31.8,24.7,4.4,26923.32,14484.75,280775.63,0.65,3,2.1,16.9,36.3,0.0,1,10,4
1294.95,3759,0,573,356,230,0,4,1,1,0,0,0,4,49.0,29,11.0,27.7,45.4,23.4,29585.67,14496.98,457138.35,0.58,4,2.9,41.0,56.0,0.0,1,0,6
1084.04,854,4,130,13,59,0,7,1,1,1,0,0,2,89.0,0,77.6,74.0,70.4,98.1,51004.69,45394.17,253337.07,0.4,2,6.9,95.9,80.6,98.6,1,5,2
1548.67,4168,2,433,597,308,1,12,4,1,0,0,0,4,61.4,26,54.1,59.3,26.8,12.7,59816.66,36727.43,1040346.46,0.55,15,1.6,58.2,28.9,0.0,1,10,8
119.26,316,1,790,257,171,0,2,5,4,1,1,10,1,63.3,30,6.7,30.5,32.2,3.3,1228.68,777.75,14340.0,0.67,10,2.3,20.0,58.0,0.0,1,3,6
1374.84,3890,3,127,10,2,0,3,4,3,1,1,2,2,62.9,3,52.8,57.2,51.0,25.8,65186.31,41002.19,519353.33,0.37,1,5.2,98.8,66.7,0.0,1,12,5
123.93,159,2,1179,434,132,1,9,4,8,0,1,13,8,48.9,31,49.3,21.9,49.5,35.2,3214.66,1571.97,10283.95,0.37,18,2.1,52.3,62.0,0.0,1,3,5
1149.28,3508,3,157,17,0,0,2,0,4,0,0,0,0,94.1,0,73.1,75.5,66.8,54.2,48741.0,45865.28,256195.19,0.73,5,6.0,86.6,75.5,0.0,0,13,13
359.64,452,0,222,167,173,0,5,5,8,1,0,0,2,69.8,13,31.8,31.9,43.1,14.2,6572.29,4587.46,58318.01,0.46,11,3.7,54.1,37.3,0.0,1,10,5
289.78,597,3,21,3,11,0,1,2,0,1,0,0,2,51.2,3,66.5,63.1,48.0,20.9,2705.02,1384.97,25943.08,0.58,19,5.5,77.3,88.1,0.0,1,13,6
258.49,729,0,1191,464,331,0,5,2,2,1,0,0,4,42.2,34,52.9,29.4,37.4,2.1,12730.99,5372.48,59136.42,0.79,38,2.6,37.2,43.4,0.0,1,2,1
442.68,1060,2,90,55,17,0,4,3,3,1,0,0,1,82.3,0,90.6,69.4,99.3,27.3,16634.33,13690.05,118698.02,0.7,11,7.0,81.5,82.7,0.0,0,5,14
1588.56,3606,4,109,85,32,0,7,3,4,1,0,0,0,54.1,9,69.4,55.2,75.7,71.6,77740.07,42057.38,552748.87,0.39,17,6.7,79.3,91.6,91.1,1,6,2
1167.5,4094,3,1104,643,64,0,4,1,6,1,0,0,6,33.1,19,48.3,64.7,21.3,24.9,31076.41,10286.29,232484.66,0.62,26,1.4,23.4,69.8,0.0,1,1,14
173.15,335,3,539,304,253,0,2,1,3,0,0,0,1,57.7,20,46.1,38.2,52.4,8.5,8311.54,4795.76,21712.69,0.33,13,3.7,32.0,33.2,0.0,1,4,2
632.97,2455,0,516,502,101,0,9,4,7,1,0,0,8,60.8,28,18.0,37.0,54.3,36.5,4050.36,2462.62,80754.28,0.76,21,2.9,31.1,32.3,0.0,1,9,13
482.56,1718,3,1099,399,114,0,12,2,5,1,0,0,8,54.7,23,25.4,32.9,50.2,35.8,13685.23,7485.82,82954.91,0.46,16,3.3,52.1,51.2,0.0,1,7,3
1325.1,2741,4,34,78,16,0,6,1,3,1,1,2,2,79.9,11,91.4,94.0,49.7,53.3,21745.24,17374.45,70909.23,0.72,27,6.2,69.9,100.0,72.6,1,7,4
222.19,834,2,178,10,57,0,5,0,2,0,1,15,0,74.4,33,84.9,77.4,95.2,21.7,2675.37,1990.48,25402.92,0.4,3,6.3,70.9,90.2,0.0,1,9,2
1827.82,1022,2,135,63,15,0,1,2,4,1,0,0,1,90.6,0,60.0,92.3,47.0,65.7,52670.11,47719.12,217124.56,0.69,29,6.0,57.0,68.7,0.0,0,9,1
220.09,723,2,482,161,101,1,2,1,3,0,0,0,2,68.7,30,11.1,41.9,49.4,25.4,2847.44,1956.19,16928.78,0.77,29,1.6,54.7,60.8,0.0,1,0,13
560.29,1903,3,136,266,93,0,10,5,8,0,1,5,1,64.1,24,24.2,17.3,18.4,39.4,24977.21,16010.39,110801.19,0.52,24,2.6,35.8,51.6,0.0,1,7,8
1662.72,3136,5,47,79,36,0,2,0,2,1,1,3,1,61.2,36,72.3,89.2,60.5,90.3,17503.33,10712.04,175375.24,0.36,16,4.9,59.9,60.8,94.2,1,13,11
1154.96,1517,3,43,89,0,0,6,2,2,1,1,9,0,51.5,31,98.6,70.1,86.5,35.5,42960.33,22124.57,107296.91,0.41,9,6.1,55.2,67.0,0.0,1,0,0
330.74,955,0,294,611,277,0,6,4,3,1,1,6,6,56.2,31,45.0,22.3,23.6,39.8,4150.97,2332.85,12906.33,0.48,21,2.0,58.5,59.4,0.0,1,0,2
900.23,1724,2,158,0,25,0,9,5,3,0,1,8,1,90.8,0,52.2,55.9,69.9,24.3,12247.89,11121.08,43211.38,0.4,14,5.0,78.4,88.8,0.0,1,1,3
286.99,1104,1,373,669,317,0,2,4,6,0,1,6,2,72.8,13,2.0,55.7,13.2,19.1,12179.91,8866.97,69240.35,0.51,9,2.2,48.8,30.9,0.0,1,9,6
968.23,951,2,122,5,35,0,8,1,2,1,0,0,1,62.9,33,95.3,59.7,94.5,72.0,36013.7,22652.62,181324.34,0.34,9,5.9,75.0,78.6,0.0,0,6,5
424.02,718,4,139,62,7,0,1,2,3,1,0,0,1,63.9,12,64.1,99.5,99.8,60.6,18959.31,12115.0,256633.63,0.54,20,7.1,82.9,87.7,94.4,0,10,10
1393.78,4669,3,674,241,256,0,3,2,4,1,0,0,0,51.2,16,49.2,60.6,31.8,23.5,23629.4,12098.25,55220.91,0.37,15,4.6,42.2,40.2,0.0,1,9,9
7.64,16,2,168,10,25,0,3,1,5,1,1,11,0,68.2,3,77.1,89.6,67.7,49.9,295.7,201.67,1484.27,0.76,12,6.4,75.6,60.1,0.0,1,2,13
36.45,97,4,57,31,35,0,7,3,0,1,0,0,0,79.5,3,70.1,89.8,84.6,83.8,1705.25,1355.67,26289.21,0.63,26,7.3,55.4,83.9,74.4,0,14,8
356.01,486,0,1190,310,35,0,6,5,6,1,1,1,5,34.1,2,32.6,62.2,32.7,0.5,3466.24,1181.99,7263.85,0.45,9,3.2,40.4,62.3,0.0,1,12,3
503.01,1900,4,149,14,12,0,3,0,0,1,0,0,2,82.7,0,69.2,86.4,99.5,98.6,16277.65,13461.62,187582.13,0.53,19,5.9,60.7,94.9,95.6,0,6,10
704.18,868,2,92,78,7,0,8,1,5,1,0,0,0,66.9,3,96.2,62.9,95.9,42.9,25323.32,16941.3,238522.16,0.47,20,6.4,86.2,68.0,0.0,1,14,9
1105.26,3003,5,22,50,47,0,0,2,1,1,0,0,1,93.0,0,92.5,91.9,54.3,74.9,22462.86,20890.46,266974.41,0.44,18,5.8,57.6,89.7,65.6,0,13,11
262.23,324,1,986,718,357,0,10,5,2,0,1,14,8,69.6,21,12.4,53.6,41.5,13.4,8954.97,6232.66,143620.43,0.71,21,3.0,56.3,68.3,0.0,0,2,4
1781.81,5000,2,137,13,24,0,8,1,2,1,1,11,0,78.5,32,65.0,79.5,58.1,67.7,54904.48,43100.02,311833.73,0.46,9,6.1,93.1,90.0,0.0,0,8,10
1377.57,2841,3,95,43,53,0,1,2,4,1,0,0,2,76.2,7,75.8,60.5,87.8,63.8,18994.43,14473.76,139067.68,0.54,22,7.0,79.2,70.8,0.0,0,12,8
709.06,2426,4,167,29,55,0,1,0,3,1,0,0,2,83.0,0,86.1,88.2,80.9,84.4,14557.25,12082.52,225533.98,0.45,8,6.2,85.7,99.1,94.1,0,0,2
1504.32,4968,3,823,288,73,0,6,5,6,1,1,4,2,54.0,20,32.7,55.7,51.8,8.5,15300.56,8262.3,209602.39,0.52,18,4.2,24.5,42.2,0.0,1,1,7
1982.83,5000,3,138,63,3,0,3,3,0,1,0,0,2,73.8,17,63.7,67.4,72.8,50.5,89725.29,66217.26,1119990.55,0.29,2,6.2,94.5,69.1,0.0,1,13,2
631.73,2438,3,104,510,135,0,9,1,2,1,0,0,4,37.2,5,18.6,38.7,51.6,29.4,3437.33,1278.69,32673.35,0.69,14,3.4,13.7,53.9,0.0,0,8,4
407.69,536,4,157,26,35,0,1,1,1,1,1,13,0,95.5,0,63.1,64.9,95.1,78.9,3755.05,3586.07,14688.15,0.5,15,5.9,78.3,74.0,82.4,0,14,7
1842.15,5000,0,1049,433,178,0,6,3,1,0,1,14,3,24.0,19,5.3,38.2,53.7,29.2,63573.7,15257.69,220633.33,0.44,5,3.2,27.0,44.0,0.0,1,0,3
49.86,94,3,618,301,88,0,4,2,1,1,0,0,3,62.4,4,43.4,46.9,34.6,7.1,57.92,36.14,654.13,0.54,2,4.1,45.1,41.6,0.0,1,9,8
1189.47,2969,3,1129,196,374,0,2,4,6,1,1,13,5,26.7,1,33.3,18.4,47.5,37.0,24004.0,6409.07,240297.27,0.52,8,3.1,22.2,69.2,0.0,1,11,6
1492.16,4139,4,76,67,2,0,7,0,0,1,0,0,1,98.2,0,65.3,96.7,87.0,79.7,13465.21,13222.84,116752.67,0.53,12,6.1,75.0,66.3,84.0,1,0,7
1883.9,1818,5,70,52,6,0,8,3,5,1,0,0,2,65.1,30,76.6,89.1,81.3,75.0,12466.4,8115.63,131192.76,0.4,15,6.3,68.1,91.5,93.4,0,10,11
1701.19,2645,5,66,52,40,0,1,1,5,1,0,0,1,90.9,0,99.4,84.4,87.8,50.8,41681.35,37888.35,706710.65,0.53,10,5.4,83.7,94.3,72.4,0,12,9
1646.22,4100,0,330,242,201,0,5,5,7,1,1,9,3,13.2,4,47.2,33.8,12.6,33.5,37312.21,4925.21,497476.08,0.49,17,3.9,26.6,46.9,0.0,1,14,11
1366.31,3717,2,240,160,39,1,4,5,4,0,0,0,5,62.1,11,44.4,24.4,20.6,2.5,54608.34,33911.78,315345.64,0.56,25,3.0,40.8,51.0,0.0,1,9,10
407.46,1457,1,970,704,116,0,6,4,1,0,0,0,6,21.3,23,1.0,30.1,13.4,5.9,15780.78,3361.31,83673.37,0.6,30,2.6,37.5,30.2,0.0,1,1,6
606.45,623,3,514,103,390,0,12,5,7,1,0,0,6,31.1,31,24.9,63.1,49.1,37.6,9759.51,3035.21,22752.68,0.81,34,2.1,50.6,20.5,0.0,0,1,1
1051.79,1237,2,90,342,345,0,3,4,6,1,0,0,3,60.0,35,25.3,57.8,36.8,33.4,28721.88,17233.13,125823.49,0.41,20,1.8,33.0,57.3,0.0,1,6,5
1714.54,5000,3,77,47,32,0,4,3,5,1,1,7,0,83.5,0,59.2,74.3,60.0,44.2,23969.28,20014.35,323260.37,0.47,19,5.1,96.7,91.8,0.0,1,2,5
889.56,2865,3,388,71,240,0,7,1,4,1,0,0,6,35.8,16,59.2,51.4,38.4,30.4,16160.48,5785.45,184316.63,0.46,11,3.3,27.9,30.0,0.0,1,3,2
1319.93,1900,2,118,86,13,0,0,1,2,1,1,3,0,89.9,0,60.7,79.0,63.6,54.4,11760.12,10572.35,120195.3,0.55,11,5.8,93.9,85.6,0.0,0,2,12
126.64,300,4,36,23,13,0,6,0,4,1,1,11,1,93.9,0,75.8,65.9,72.4,94.7,6116.47,5743.37,20352.25,0.5,22,5.2,78.2,73.0,92.9,0,7,7
1094.17,3258,0,1105,208,213,0,4,5,3,1,0,0,1,68.0,7,42.2,32.4,40.8,3.5,22633.87,15391.03,346623.02,0.55,3,3.3,49.9,30.2,0.0,1,4,3
1790.17,4572,5,127,5,52,0,5,0,3,1,0,0,1,83.0,0,60.7,69.8,51.0,83.5,86073.81,71441.26,388691.52,0.4,14,5.7,94.2,60.1,78.8,1,9,2
361.04,569,3,157,13,45,0,8,3,0,1,0,0,0,98.2,0,68.0,79.6,66.8,78.3,16882.44,16578.56,281039.37,0.52,3,5.3,77.0,63.3,0.0,1,14,8
1547.77,4168,2,75,54,50,0,5,3,1,1,1,12,0,87.3,0,75.8,79.3,73.9,74.6,73879.31,64496.64,1179726.79,0.34,12,4.9,77.3,71.5,0.0,0,10,2
1666.13,1864,3,31,67,44,0,7,3,3,1,0,0,0,76.5,8,98.0,58.6,92.7,29.1,68196.12,52170.03,1219292.94,0.63,5,6.1,78.3,89.9,0.0,0,13,14
1683.88,4479,5,29,56,1,0,6,1,5,1,1,4,2,62.3,16,97.8,94.6,86.9,59.7,17153.14,10686.41,91184.12,0.58,10,5.6,91.8,89.8,45.9,0,12,12
1646.67,5000,2,38,65,5,0,5,0,3,1,0,0,0,69.5,20,84.7,67.4,82.9,29.6,29857.51,20750.97,471187.2,0.43,16,4.7,87.4,71.4,0.0,0,7,9
1421.86,5000,3,98,16,10,0,3,1,1,1,0,0,1,84.0,0,92.8,67.2,57.5,61.6,48844.41,41029.3,809901.86,0.28,5,6.1,90.3,97.5,0.0,0,3,2
1973.75,2657,3,54,60,50,0,5,2,4,0,0,0,0,88.9,0,83.9,70.3,97.5,64.6,77883.24,69238.2,1544093.64,0.3,14,6.5,89.7,73.8,0.0,0,3,2
999.78,926,2,653,349,196,1,8,5,8,1,1,7,7,61.7,35,12.4,59.3,22.5,3.3,38838.85,23963.57,614628.3,0.65,14,1.6,21.8,29.4,0.0,1,8,10
1281.07,771,2,54,42,40,0,6,1,0,1,1,1,2,75.1,8,77.4,77.4,88.0,70.0,58004.86,43561.65,729918.56,0.64,19,5.9,92.6,77.7,0.0,1,5,6
1840.16,2640,2,86,85,32,0,0,1,4,1,0,0,1,79.2,35,81.0,61.9,90.7,60.8,22939.04,18167.72,438925.56,0.42,19,7.3,95.7,74.1,0.0,1,11,3
1385.02,1614,2,86,40,24,0,3,1,0,1,0,0,1,87.4,0,75.1,94.4,96.3,64.4,15849.01,13852.03,129158.44,0.63,30,5.1,88.0,66.9,0.0,0,11,6
219.3,528,3,101,48,8,0,8,2,5,0,0,0,2,50.4,3,90.5,58.0,60.8,56.4,6721.8,3387.79,62124.32,0.58,15,6.2,89.9,98.3,0.0,0,13,10
164.33,136,1,508,77,364,0,8,1,2,1,1,13,7,33.3,27,22.2,18.0,29.1,22.8,4957.53,1650.86,14362.36,0.37,18,3.9,16.9,37.6,0.0,1,2,3
1192.61,1126,4,152,12,30,0,9,5,7,1,1,7,1,55.3,26,68.1,87.7,63.0,61.5,25236.32,13955.68,262796.92,0.54,25,4.2,75.9,69.5,41.9,1,12,0
52.68,182,5,164,45,30,0,0,1,1,1,0,0,1,76.6,7,47.5,70.6,57.0,99.6,1760.03,1348.18,34187.41,0.51,24,7.3,63.2,93.1,82.7,0,9,10
1090.35,2439,5,62,79,13,0,2,0,2,1,0,0,1,96.1,0,53.4,82.9,97.6,59.3,25851.9,24843.68,477918.53,0.43,2,6.3,77.1,74.2,72.3,1,14,2
146.83,240,2,359,683,32,1,10,5,6,1,0,0,7,44.6,28,21.5,37.9,21.1,3.1,4137.5,1845.33,10699.95,0.78,24,3.1,56.3,26.4,0.0,1,14,1
133.31,171,0,735,154,247,0,7,2,6,0,1,1,7,30.6,25,43.6,56.1,51.7,30.5,1684.2,515.37,11986.6,0.6,21,4.2,22.6,52.9,0.0,1,11,8
300.77,749,1,680,410,202,0,10,3,7,0,0,0,7,38.9,17,9.6,32.7,20.5,38.2,13615.22,5296.32,39771.27,0.34,8,2.1,10.9,27.1,0.0,1,1,9
1868.84,2602,5,46,35,23,0,4,3,8,1,0,0,2,93.9,0,69.6,91.5,71.1,74.1,30778.51,28901.02,473163.38,0.43,10,4.6,90.7,94.6,57.8,1,1,0
482.53,769,4,159,12,40,0,0,2,2,1,1,3,1,95.2,0,63.6,66.9,75.3,66.6,1874.44,1784.47,27019.66,0.64,22,5.9,67.0,70.6,79.2,1,2,10
1898.85,3406,3,118,57,11,0,7,5,5,1,1,6,0,86.0,0,95.0,93.4,86.9,74.0,35436.29,30475.21,528180.28,0.62,16,5.2,82.4,95.8,0.0,1,13,8
1534.1,5000,0,707,547,327,0,2,2,1,1,1,10,6,39.9,32,8.5,23.6,15.2,10.0,23735.08,9470.3,161305.63,0.77,37,2.1,19.9,55.7,0.0,1,7,4
513.4,1575,3,391,603,134,0,7,3,8,1,0,0,1,54.3,29,5.2,21.5,40.5,25.5,24446.92,13274.68,453793.9,0.65,31,2.6,36.5,39.6,0.0,1,2,1
1381.76,4312,3,100,37,20,0,7,2,0,1,0,0,2,62.1,4,77.8,72.3,93.3,58.5,29123.46,18085.67,219115.03,0.55,19,5.0,64.5,60.2,0.0,0,14,12
1659.58,4939,1,689,63,126,0,9,2,4,0,0,0,7,60.3,15,29.4,28.0,14.9,33.4,51449.08,31023.8,786978.11,0.49,5,2.8,40.1,36.7,0.0,1,13,0
409.93,900,5,128,42,59,0,1,2,2,1,0,0,2,69.3,3,42.9,84.4,49.9,54.9,380.9,263.96,1655.94,0.37,15,6.2,87.1,86.9,36.1,1,0,9
436.05,244,3,928,528,334,0,7,3,1,1,1,6,2,56.1,6,46.5,49.2,43.2,0.9,9701.44,5442.51,77319.26,0.53,2,4.4,10.3,58.3,0.0,1,8,6
1264.38,2528,5,170,29,44,0,8,2,0,1,0,0,0,64.9,7,47.8,84.5,77.1,59.5,4661.15,3025.09,71889.18,0.55,6,5.9,81.5,95.5,33.3,1,7,6
1253.35,1602,2,34,57,18,0,11,1,6,1,0,0,2,75.8,32,98.4,79.9,70.3,46.6,28156.79,21342.85,267411.45,0.39,2,4.8,70.6,79.0,0.0,1,13,12
654.6,435,2,122,489,91,0,5,1,3,1,0,0,6,32.7,33,47.9,64.3,25.0,27.9,7147.62,2337.27,102696.38,0.61,18,3.4,42.6,39.1,0.0,1,13,6
471.46,1577,0,948,60,32,0,11,3,8,0,0,0,1,67.8,27,30.1,34.4,52.4,36.1,5613.87,3806.2,87359.86,0.45,4,3.5,36.7,57.4,0.0,0,0,3
630.0,1550,3,60,0,46,0,8,0,4,1,0,0,0,89.6,0,56.7,80.8,75.9,58.3,7903.66,7081.68,50087.18,0.66,5,6.6,92.9,78.9,0.0,1,13,8
1497.48,2823,3,63,52,42,0,6,1,3,1,1,8,1,66.5,12,85.3,84.7,69.9,59.5,54589.29,36301.88,485042.3,0.66,13,6.3,81.4,67.3,0.0,0,4,4
424.44,764,2,95,86,26,0,5,4,2,0,0,0,2,64.1,10,92.0,82.5,59.4,73.8,518.6,332.42,6555.59,0.66,30,5.2,73.7,79.9,0.0,1,13,4
1470.15,1335,3,111,582,134,0,10,2,8,1,1,13,2,59.2,18,42.3,19.2,27.5,25.6,63349.46,37502.88,542644.2,0.46,10,4.1,38.6,36.4,0.0,1,7,10
807.21,1306,4,115,82,1,0,7,1,5,1,0,0,2,76.1,27,69.1,60.9,70.0,58.5,17939.63,13652.06,355262.79,0.42,15,5.5,91.6,94.5,50.6,0,13,0
443.9,379,1,188,215,91,0,8,5,7,1,0,0,6,49.3,34,37.7,59.4,23.1,33.0,16669.52,8218.07,324621.33,0.61,23,2.1,54.9,55.7,0.0,1,5,13
1974.57,5000,4,123,82,18,0,4,1,0,0,1,3,2,73.4,26,72.0,75.2,92.2,92.2,32812.75,24084.56,172729.12,0.42,5,5.7,84.9,64.7,67.5,0,12,7
1101.71,1599,1,1119,200,185,0,5,1,8,1,0,0,5,38.5,17,42.6,50.8,44.0,20.4,603.54,232.36,6418.08,0.41,6,3.0,37.8,32.0,0.0,1,10,3
1053.01,1192,2,23,30,33,0,5,1,0,0,0,0,2,53.5,31,53.9,85.5,64.0,75.8,34633.09,18528.7,578875.65,0.42,7,5.4,63.6,93.7,0.0,1,7,3
1708.91,5000,2,224,583,137,1,4,2,2,0,1,10,0,57.4,13,30.8,29.2,21.2,1.8,22217.02,12752.57,348761.19,0.69,24,2.9,55.0,41.7,0.0,1,0,4
48.82,112,1,733,254,60,0,7,4,2,0,1,13,2,71.6,35,50.5,51.5,17.3,25.1,465.38,333.21,1082.24,0.48,23,3.1,57.9,69.7,0.0,1,1,9
645.3,1537,0,537,221,245,0,12,5,7,1,1,5,7,16.5,28,3.9,41.6,19.3,15.6,6658.69,1098.68,90400.47,0.67,33,2.8,55.6,29.2,0.0,1,6,13
316.78,819,5,112,87,44,0,2,3,5,1,1,6,1,98.7,0,58.9,73.4,80.0,78.1,10819.68,10679.02,94168.69,0.39,14,5.4,78.9,66.6,52.7,0,10,3
242.62,330,2,21,89,32,0,7,0,2,0,1,13,0,61.4,10,82.1,78.0,76.0,39.7,5467.94,3357.32,99741.32,0.37,9,5.8,79.9,75.3,0.0,1,7,7
78.71,303,3,179,6,8,0,7,0,0,1,0,0,0,91.0,0,90.6,95.9,94.5,43.2,3241.11,2949.41,40396.42,0.45,17,5.0,96.2,72.2,0.0,1,5,2
1007.57,2738,3,291,713,322,0,7,5,7,1,1,15,8,68.5,27,19.7,24.3,14.3,25.8,33229.69,22762.34,106820.0,0.7,10,3.3,58.4,53.0,0.0,1,0,13
835.07,2576,3,130,10,60,0,4,1,0,1,0,0,1,71.7,30,80.0,62.0,62.2,60.8,11130.45,7980.53,32214.27,0.45,13,6.9,76.0,86.5,0.0,0,9,12
1667.4,2369,1,330,114,128,0,3,5,4,0,1,5,8,61.6,23,9.0,28.4,38.4,10.9,13347.56,8222.1,214363.48,0.44,4,3.2,14.8,51.3,0.0,1,0,5
847.38,1048,0,226,407,242,0,7,5,6,1,0,0,6,11.8,17,36.9,27.2,23.6,1.2,28761.59,3393.87,572313.88,0.46,7,1.4,14.1,62.7,0.0,1,5,7
513.99,1275,2,78,67,35,0,1,3,5,1,0,0,0,52.3,14,65.1,91.2,64.9,68.7,10645.82,5567.76,159521.39,0.39,13,6.7,56.1,74.0,0.0,0,14,5
858.02,1982,3,30,40,6,0,4,3,2,1,0,0,0,64.5,11,68.9,93.7,98.8,20.3,20475.28,13206.56,245448.68,0.36,1,5.4,69.1,88.7,0.0,0,12,5
1204.43,1445,3,57,89,25,0,0,3,1,1,0,0,0,95.5,0,44.4,99.4,74.4,23.9,21717.52,20740.23,125030.01,0.46,2,5.3,92.2,86.2,0.0,0,1,7
968.55,1221,0,481,468,104,0,12,2,1,1,1,12,7,68.3,30,25.4,61.4,39.3,31.6,47252.89,32273.72,281773.59,0.63,14,3.4,16.1,43.0,0.0,1,11,4
810.43,1048,5,69,85,44,0,0,2,1,1,0,0,2,59.0,4,79.2,90.2,58.4,76.0,32103.11,18940.83,327485.4,0.47,16,6.7,91.1,83.8,63.1,0,6,0
966.2,2648,1,1155,331,261,0,3,1,7,1,0,0,1,76.2,27,45.8,58.4,37.6,5.1,47981.36,36561.8,622048.65,0.54,5,4.6,52.8,25.1,0.0,1,4,0
1161.73,4633,0,1071,295,224,0,3,3,4,1,1,13,1,73.9,27,30.0,38.9,54.2,30.4,34598.52,25568.31,617373.32,0.62,23,3.3,34.6,68.3,0.0,1,1,6
1059.75,1902,0,128,669,212,0,7,2,1,1,1,9,0,68.9,18,55.8,50.5,34.8,11.1,45252.06,31178.67,166822.54,0.4,6,3.0,51.9,39.8,0.0,1,7,3
1911.92,2713,0,402,420,65,0,11,3,4,1,1,9,1,77.1,14,0.5,57.5,23.7,2.5,14639.31,11286.91,104293.79,0.38,2,2.0,10.4,41.3,0.0,1,4,5
1938.72,2487,3,513,722,209,0,12,2,1,1,0,0,2,57.8,5,23.3,41.3,15.7,1.3,32410.98,18733.55,548248.0,0.67,26,3.2,43.7,38.8,0.0,1,13,4
1240.37,3983,2,26,58,26,0,2,3,5,1,0,0,0,53.6,36,67.8,85.4,83.8,61.9,56570.58,30321.83,1115266.39,0.67,7,5.8,85.5,95.3,0.0,1,10,6
1058.66,3299,3,128,79,32,0,4,3,4,1,0,0,2,72.3,10,89.4,73.3,89.9,75.5,17080.14,12348.94,340145.73,0.36,6,5.9,72.8,89.1,0.0,1,12,7
1392.64,3722,3,59,81,59,0,2,3,0,1,0,0,1,73.4,17,42.7,83.5,50.0,58.5,22800.87,16735.84,378864.07,0.45,12,5.6,97.7,94.0,0.0,0,12,12
1362.96,1508,0,824,85,201,0,7,1,5,1,0,0,0,66.5,7,45.7,59.0,29.5,6.1,4491.36,2986.75,86756.7,0.74,19,3.5,31.9,41.8,0.0,1,2,4
1199.53,3971,4,163,82,6,0,3,1,3,1,0,0,1,96.7,0,50.5,82.6,97.3,72.5,24007.98,23215.72,444690.54,0.43,2,6.6,85.7,95.7,70.3,1,8,12
1772.06,4057,1,445,309,282,0,9,4,2,1,1,3,2,65.9,3,32.7,17.1,24.4,29.6,34479.03,22721.68,407251.42,0.61,14,1.8,57.1,61.1,0.0,1,10,6
1871.55,1090,2,1002,80,136,1,5,5,3,1,1,15,2,96.0,0,84.2,80.6,48.8,23.1,64255.57,61685.35,621907.24,0.42,5,3.3,31.4,69.4,0.0,0,2,2
1645.25,5000,4,26,89,8,0,3,1,4,1,0,0,1,88.5,0,95.5,63.1,94.7,94.2,65323.79,57811.55,845951.12,0.74,11,7.3,71.1,96.4,76.1,0,10,1
1311.43,2304,0,1179,651,287,0,2,4,4,1,1,12,6,58.5,20,9.1,43.5,19.5,11.9,13055.94,7637.72,185824.59,0.46,16,2.1,36.3,27.9,0.0,0,2,9
854.03,2772,5,176,86,18,0,4,2,4,0,0,0,0,56.6,30,69.3,91.4,90.3,81.4,34496.27,19524.89,632408.12,0.58,27,5.7,86.9,76.6,30.2,0,3,10
1126.37,1182,3,685,374,153,0,10,4,1,0,1,15,1,53.7,35,20.8,32.1,18.4,17.3,39156.13,21026.84,185864.91,0.43,8,2.7,19.3,54.8,0.0,1,1,0
1641.93,3125,3,884,120,338,0,4,2,8,0,1,13,2,12.6,7,11.8,51.3,15.3,33.8,4560.25,574.59,90572.83,0.74,11,2.3,53.5,58.2,0.0,1,2,13
778.33,2397,2,167,73,27,0,8,3,0,0,0,0,2,62.4,1,83.1,81.4,93.3,61.8,32294.79,20151.95,261718.31,0.45,17,8.0,69.3,92.5,0.0,0,12,2
91.38,363,3,1160,709,393,0,11,1,6,0,0,0,3,66.3,31,60.0,21.5,20.1,16.1,609.52,404.11,9495.46,0.65,24,2.3,41.9,47.9,0.0,1,6,4
1456.1,2032,2,841,185,183,1,9,2,2,0,1,14,1,44.8,2,40.1,17.9,22.7,10.8,65779.28,29469.12,547294.41,0.52,17,2.8,34.9,42.4,0.0,1,0,14
417.84,244,3,86,38,39,0,0,2,5,1,1,6,0,93.1,0,61.1,70.8,74.6,48.9,2211.23,2058.66,7651.48,0.44,4,5.1,79.4,60.0,0.0,1,12,7
1420.45,1941,5,42,34,49,0,6,0,5,1,0,0,1,63.8,32,44.1,66.3,68.9,74.7,33623.52,21451.81,463279.45,0.36,6,5.7,86.7,68.7,43.3,0,8,11
1741.68,3929,4,164,1,25,0,1,0,4,1,0,0,2,93.3,0,54.0,55.6,92.8,77.4,85991.17,80229.76,558923.58,0.34,3,6.6,62.9,93.8,56.4,1,2,5
319.43,822,3,590,548,297,0,9,2,4,0,0,0,4,20.1,35,39.5,50.9,21.4,30.3,7088.68,1424.82,49073.77,0.78,25,2.8,21.3,34.4,0.0,1,7,13
1930.29,3587,2,493,596,274,1,11,2,2,0,0,0,0,50.9,30,40.8,43.7,11.8,25.8,28417.81,14464.67,376889.84,0.47,10,3.6,32.7,48.9,0.0,1,1,12
1663.68,5000,0,205,361,148,0,9,1,3,1,0,0,5,25.5,20,48.4,50.1,43.8,0.4,56423.7,14388.04,558656.55,0.46,21,2.4,13.0,66.2,0.0,1,9,0
1360.58,3653,5,23,86,35,0,3,2,3,1,0,0,0,83.7,0,75.5,77.8,87.8,82.5,2043.22,1710.18,38876.59,0.46,7,5.3,63.7,87.7,88.2,0,13,3
1651.61,1875,3,414,701,89,0,10,4,3,1,1,5,4,12.9,22,52.2,24.0,25.7,21.2,42421.01,5472.31,628345.19,0.53,4,1.9,53.7,39.1,0.0,1,10,6
969.56,2569,3,291,98,168,0,11,4,4,0,1,11,8,66.1,32,16.1,55.8,54.9,25.3,551.08,364.26,5926.03,0.59,10,3.2,39.7,67.4,0.0,1,7,6
1012.05,3658,4,144,35,44,0,3,3,2,1,0,0,2,81.4,0,56.6,79.4,99.0,75.4,38557.97,31386.19,746965.65,0.51,20,6.6,61.9,65.2,87.2,0,7,5
622.02,568,3,150,16,2,0,9,2,6,1,0,0,0,70.0,20,60.6,73.2,47.9,27.1,21335.56,14934.89,192360.11,0.46,17,4.5,99.7,73.3,0.0,1,8,2
1629.43,3418,0,778,258,45,0,6,1,6,0,1,13,3,14.4,12,31.6,54.0,35.4,31.8,14403.13,2074.05,140695.25,0.51,11,3.8,26.9,51.5,0.0,1,13,10
613.31,817,1,266,376,320,0,3,4,1,1,1,6,0,16.1,16,47.8,60.0,34.4,33.7,1914.45,308.23,36165.96,0.6,17,2.0,27.3,65.0,0.0,1,5,4
1868.1,5000,4,142,55,7,0,8,0,2,0,0,0,1,90.8,0,70.6,98.4,60.0,83.3,40187.36,36490.12,398125.14,0.44,13,5.6,57.2,90.2,66.8,0,6,0
206.89,407,0,910,583,391,0,11,1,2,1,0,0,4,16.5,16,37.1,21.0,16.2,5.6,7080.76,1168.33,53433.08,0.51,21,2.3,55.1,63.5,0.0,1,5,9
1264.1,2016,2,849,78,353,1,7,4,6,1,1,10,6,32.5,8,22.8,31.3,31.5,31.5,38551.62,12529.28,363901.86,0.5,4,3.2,57.4,59.5,0.0,1,4,7
1079.2,970,4,116,38,23,0,11,5,6,1,0,0,1,55.5,24,40.4,85.1,79.0,88.8,53277.39,29568.95,250342.79,0.63,5,4.6,97.5,95.9,81.4,0,6,14
108.56,157,4,102,79,44,0,1,1,1,1,1,10,2,94.8,0,67.0,91.3,90.2,72.9,4321.89,4097.15,28531.67,0.43,8,5.9,66.0,79.4,89.2,0,0,5
1578.19,2788,2,50,27,60,0,3,0,5,1,1,15,0,53.9,17,51.9,56.7,52.9,48.4,24752.55,13341.62,256332.11,0.47,4,6.0,67.2,95.2,0.0,1,14,9
1588.2,4453,1,214,159,360,0,8,2,4,0,1,5,0,15.2,14,41.6,47.8,53.3,12.6,51079.05,7764.02,145144.82,0.52,5,3.1,50.0,29.5,0.0,1,8,8
1163.66,3279,1,354,679,379,0,11,5,4,1,0,0,4,41.2,3,50.7,37.3,48.1,19.6,31491.56,12974.52,524989.43,0.6,4,3.4,44.3,59.3,0.0,1,3,0
722.85,411,5,40,73,59,0,7,1,4,1,0,0,2,62.5,36,60.7,71.0,47.6,85.7,6631.61,4144.76,19340.16,0.51,3,6.2,97.1,70.8,77.3,1,11,12
103.4,246,2,305,674,63,1,3,4,2,1,1,9,8,46.3,2,29.4,36.9,33.5,24.0,4655.15,2155.33,78443.15,0.59,14,2.1,56.3,36.7,0.0,1,5,14
740.88,2843,1,384,628,231,0,12,2,8,0,1,11,5,30.9,31,48.6,27.5,43.3,5.1,29082.56,8986.51,389822.57,0.43,17,2.7,45.9,54.7,0.0,1,11,9
120.84,255,0,665,106,268,0,8,2,1,1,1,12,0,42.3,14,11.5,51.2,47.9,7.7,2948.55,1247.24,32592.07,0.57,9,3.0,40.7,60.5,0.0,1,12,14
720.78,1126,4,112,51,22,0,2,0,5,1,0,0,2,95.7,0,73.8,98.7,45.8,56.1,7160.13,6852.24,99294.37,0.38,19,5.9,82.2,73.1,33.5,0,13,3
955.8,2644,4,12,33,29,0,3,3,4,1,0,0,2,81.1,0,53.3,65.2,52.3,51.0,13368.76,10842.06,83752.75,0.52,6,6.8,59.5,84.5,99.1,1,7,12
289.28,776,5,94,57,14,0,8,0,3,1,0,0,2,90.3,0,72.9,59.0,97.3,59.9,6755.32,6100.05,123032.25,0.41,18,6.5,62.2,88.0,84.2,0,8,7
1392.4,5000,2,713,105,145,1,3,3,6,1,0,0,7,39.1,23,20.2,41.4,17.1,29.6,11686.59,4569.46,178472.08,0.64,13,1.9,59.7,48.1,0.0,1,5,4
36.02,64,4,130,14,20,0,3,1,5,1,0,0,2,85.9,0,98.8,74.3,82.4,91.2,970.15,833.36,17627.85,0.55,25,6.1,70.3,70.3,70.3,0,4,7
1270.28,3103,5,162,29,17,0,8,0,3,1,1,10,0,82.2,0,50.0,73.5,60.4,70.5,11791.4,9692.53,103028.84,0.66,31,6.1,59.1,86.4,67.3,1,14,8
457.3,1447,2,118,635,228,0,7,1,8,1,1,11,2,68.9,29,10.8,57.7,18.9,5.1,9666.28,6660.07,154275.6,0.5,18,2.3,55.6,38.6,0.0,1,5,8
1072.85,4153,3,402,160,50,0,5,1,5,0,0,0,5,56.8,26,33.8,23.5,35.5,21.9,23608.6,13409.68,356204.42,0.52,23,2.1,23.4,67.1,0.0,1,5,5
1082.14,4052,0,219,282,90,0,8,2,2,0,1,15,8,34.4,8,46.7,21.1,29.9,31.3,39709.37,13660.02,722069.9,0.8,19,2.2,24.2,39.4,0.0,1,11,1
1296.29,3994,3,120,729,34,0,5,5,3,0,1,10,3,49.8,28,25.9,29.8,31.0,6.9,34231.72,17047.4,123663.21,0.65,29,2.4,43.1,31.7,0.0,1,3,1
468.12,406,3,52,34,58,0,3,1,1,1,0,0,2,86.9,0,57.5,81.3,76.9,69.1,19027.65,16535.03,154907.44,0.42,5,6.6,56.9,85.5,0.0,0,6,9
1201.38,4199,4,148,77,48,0,0,1,5,0,0,0,2,65.7,18,78.5,61.4,67.3,93.2,36342.7,23877.15,337580.89,0.64,21,6.3,80.6,66.9,38.3,1,2,4
1786.89,5000,2,418,185,322,1,9,1,3,0,0,0,5,47.6,21,51.1,43.3,46.3,8.5,77701.34,36985.84,355908.87,0.68,10,3.1,25.4,22.7,0.0,1,8,14
481.27,1175,3,819,192,277,0,4,5,6,0,1,11,4,20.8,13,18.4,57.1,30.1,7.7,10460.68,2175.82,29145.64,0.57,10,2.9,44.8,50.2,0.0,1,5,6
1985.07,4842,5,79,5,60,0,1,0,5,1,0,0,2,99.9,0,59.5,74.4,58.3,88.3,67980.33,67912.35,1353831.42,0.37,11,7.2,56.5,75.3,99.3,0,8,11
1237.02,1502,4,35,85,30,0,6,2,3,0,1,10,0,69.5,10,69.5,82.6,94.6,98.4,40840.56,28384.19,790127.75,0.75,33,5.3,70.5,60.6,84.1,0,8,4
1047.36,3570,0,920,674,157,0,6,3,5,1,1,12,2,50.1,14,10.9,58.4,54.0,12.5,14831.03,7430.35,60738.55,0.67,12,4.0,16.3,44.5,0.0,1,10,4
1108.76,3661,3,1003,292,334,0,9,2,7,1,0,0,3,28.5,23,3.7,27.5,24.9,24.3,39596.42,11284.98,561295.39,0.54,26,2.7,26.1,29.1,0.0,1,4,6
481.64,1099,2,60,49,2,0,6,2,5,1,0,0,1,51.6,5,62.1,62.4,81.9,47.2,15243.01,7865.39,58060.25,0.64,5,6.6,98.9,78.0,0.0,1,10,10
1631.23,4483,3,81,40,11,0,2,1,1,1,0,0,1,95.6,0,46.4,83.9,88.8,44.9,5383.44,5146.57,77183.87,0.61,17,5.8,75.7,76.3,0.0,0,3,8
1173.04,2529,5,69,48,37,0,0,1,1,0,1,6,0,98.5,0,60.9,55.2,78.6,81.4,12430.37,12243.91,118811.14,0.58,8,5.2,71.7,99.8,40.8,1,11,14
719.35,789,1,492,438,203,0,9,3,7,1,0,0,4,36.3,36,50.6,29.6,19.5,23.4,3729.02,1353.63,48871.76,0.77,17,1.6,46.0,32.9,0.0,1,12,13
1117.79,1301,4,25,76,59,0,5,5,7,1,0,0,0,69.9,23,41.6,82.8,76.1,85.5,41794.56,29214.4,636668.68,0.54,12,5.3,86.3,67.7,53.0,1,2,6
571.15,2084,4,12,86,26,0,4,3,2,1,0,0,1,83.5,0,82.3,80.3,91.3,69.7,16189.09,13517.89,58617.2,0.5,9,5.4,76.7,78.7,60.7,1,9,8
956.87,3669,2,161,10,58,0,8,1,2,1,0,0,1,97.3,0,71.3,72.8,95.5,24.2,15977.76,15546.36,239827.23,0.47,14,7.0,74.9,90.6,0.0,0,1,2
614.66,1359,2,520,605,105,1,5,3,7,1,1,13,7,44.7,24,31.2,58.2,37.8,3.9,5699.88,2547.85,97511.91,0.76,36,2.9,13.3,36.5,0.0,1,13,1
586.8,1410,3,716,312,166,0,11,4,2,0,0,0,8,38.0,33,20.8,22.8,49.2,32.1,17674.49,6716.31,61344.7,0.37,8,2.4,22.5,51.9,0.0,1,7,9
901.76,1600,5,42,24,30,0,0,3,5,1,0,0,2,63.4,27,59.2,72.3,50.8,78.8,7496.05,4752.5,102313.03,0.49,13,6.0,60.0,62.9,97.1,1,11,0
21.28,66,3,762,68,234,0,8,1,1,0,0,0,4,19.0,35,10.4,17.8,24.4,21.8,180.84,34.36,2532.92,0.63,8,1.7,10.2,63.3,0.0,1,7,14
499.66,922,5,72,56,25,0,3,2,1,1,1,5,2,80.3,0,75.9,78.8,60.3,50.1,7660.26,6151.19,41736.06,0.64,32,5.2,61.7,90.5,71.9,0,14,1
1470.89,2708,1,1022,391,237,0,10,4,6,1,1,6,6,22.3,29,43.6,37.8,17.9,4.9,56108.64,12512.23,1019672.28,0.69,27,3.1,57.4,21.9,0.0,1,5,1
284.78,952,0,172,452,268,0,5,3,2,0,1,6,3,10.7,5,11.0,35.3,19.6,37.6,6772.3,724.64,101595.02,0.46,3,2.2,54.0,27.8,0.0,1,5,11
424.35,1043,5,68,6,33,0,5,1,5,0,1,3,0,68.6,31,60.3,63.1,80.2,86.8,11139.81,7641.91,103105.0,0.35,8,6.7,67.9,60.3,62.1,1,9,2
627.84,572,1,493,353,63,0,12,5,1,0,0,0,2,52.0,35,46.6,58.8,14.7,24.9,15305.32,7958.77,221192.29,0.45,6,4.6,32.0,66.9,0.0,1,3,0
609.0,1799,1,685,207,199,0,2,1,7,1,1,11,5,68.3,35,20.6,45.1,26.2,15.2,22499.21,15366.96,229776.31,0.68,12,3.0,56.2,33.4,0.0,1,3,13
1810.15,1558,3,183,325,354,0,12,5,4,1,0,0,1,65.0,28,42.7,72.7,45.9,34.7,65704.16,42707.7,640968.97,0.42,13,4.9,26.7,51.4,0.0,1,10,0
325.3,964,4,80,51,31,0,2,2,1,1,0,0,0,55.1,23,58.7,96.9,92.4,69.3,3034.42,1671.97,9619.94,0.45,17,5.8,94.2,97.0,40.9,1,1,3
1606.12,3311,1,963,68,316,0,12,4,1,1,1,3,2,88.4,0,40.5,35.2,40.4,21.5,21392.78,18911.22,296231.29,0.36,11,3.3,17.6,49.7,0.0,1,13,5
828.16,2556,3,110,36,15,0,4,0,2,1,0,0,0,66.7,34,79.2,77.6,73.2,77.6,30616.42,20421.15,512171.77,0.49,8,6.2,86.9,60.5,0.0,0,0,5
1478.85,3465,5,99,89,24,0,5,2,0,1,0,0,1,80.9,0,94.1,70.1,48.8,92.5,61653.68,49877.83,384262.08,0.6,25,6.6,65.8,70.5,66.8,1,3,0
1893.36,5000,2,1166,240,218,1,5,3,3,1,0,0,6,65.3,17,17.1,31.7,51.6,22.8,8214.06,5363.78,159252.57,0.39,5,2.6,51.6,30.8,0.0,1,7,7
997.49,3315,1,604,141,131,0,9,3,4,0,0,0,0,46.2,8,48.7,22.4,53.3,1.4,44028.63,20341.23,720040.72,0.65,21,2.5,40.3,47.1,0.0,1,5,14
706.66,580,3,65,37,10,0,2,3,3,1,0,0,0,74.4,26,56.3,59.5,82.0,78.0,22389.6,16657.86,278086.97,0.52,21,5.0,76.6,75.2,0.0,1,3,7
1191.11,1493,5,51,15,37,0,5,1,2,1,0,0,1,68.9,26,79.6,58.1,82.8,92.6,35086.81,24174.81,532030.01,0.57,15,5.9,64.7,69.9,45.9,1,12,10
1041.55,2123,4,168,62,46,0,3,3,0,0,1,1,1,66.8,7,51.3,72.1,61.9,89.2,11851.05,7916.5,153796.71,0.59,20,5.6,95.1,82.1,42.4,1,8,4
175.07,459,1,992,543,71,0,3,5,6,0,0,0,8,67.7,11,4.6,15.8,29.8,4.2,5006.62,3389.48,81262.73,0.67,10,2.5,14.1,27.7,0.0,0,3,6
69.72,55,1,135,130,36,0,12,3,3,0,1,11,4,35.1,9,18.1,55.0,50.7,21.3,1865.67,654.85,31417.31,0.41,8,4.8,58.9,64.1,0.0,1,1,12
1070.09,3186,3,106,57,40,0,4,0,0,1,1,6,0,68.6,7,60.9,82.7,99.6,26.6,24581.71,16863.05,300209.91,0.45,10,6.5,68.7,92.2,0.0,0,10,11
645.66,595,2,80,49,52,0,9,3,8,1,1,7,0,79.4,7,60.5,71.5,83.7,56.6,30287.91,24048.6,288431.17,0.54,20,5.7,80.2,61.0,0.0,1,14,14
15.64,50,2,33,45,39,0,9,1,3,0,1,3,0,58.8,33,95.8,83.0,87.6,51.0,529.36,311.26,8241.05,0.71,27,4.1,92.8,72.6,0.0,1,11,4
1496.14,1387,2,54,26,8,0,3,1,0,0,0,0,1,55.6,27,76.7,78.2,89.2,48.6,20195.64,11228.78,201691.56,0.46,15,5.3,58.8,92.4,0.0,1,8,0
1131.39,4098,3,484,319,221,0,7,2,1,0,1,3,3,22.8,20,4.4,23.3,45.9,37.8,7221.99,1646.61,36109.26,0.5,15,1.7,36.1,42.8,0.0,1,4,10
115.44,239,2,96,125,125,0,2,1,2,1,0,0,0,76.6,16,43.9,49.9,52.1,39.5,3380.22,2589.25,9537.49,0.52,26,4.3,31.8,45.6,0.0,1,7,3
464.43,1428,1,1015,376,41,0,7,3,4,1,1,9,2,95.3,0,42.2,26.2,47.3,6.0,3563.19,3395.72,17955.63,0.44,13,3.4,49.3,46.0,0.0,1,11,2
757.66,2362,4,70,25,50,0,8,0,2,1,0,0,2,81.9,0,60.6,88.3,61.4,55.3,37870.02,31015.55,721601.45,0.43,6,7.8,58.8,81.7,81.6,1,0,9
1545.43,2558,4,90,42,36,0,0,1,5,0,1,12,0,90.1,0,92.3,87.7,72.6,77.3,55945.19,50406.62,658812.93,0.47,5,5.5,90.6,87.4,64.9,0,6,9
394.08,1452,5,164,45,24,0,3,2,2,0,0,0,1,59.9,2,61.1,59.7,51.9,92.8,5154.77,3087.71,77196.07,0.35,15,4.9,63.5,92.7,82.8,1,8,11
983.46,3313,4,69,64,48,0,11,5,8,1,1,10,0,93.1,0,51.6,55.7,84.1,56.6,4902.26,4564.0,65497.66,0.44,17,4.3,81.0,94.9,79.4,1,14,2
196.98,516,3,17,50,16,0,0,0,1,0,0,0,2,62.6,28,79.2,80.7,72.7,26.5,2756.51,1725.58,51467.11,0.32,6,6.1,57.4,88.8,0.0,1,2,5
377.76,1212,4,144,83,13,0,3,4,6,1,1,3,1,80.1,0,40.1,92.2,72.8,70.3,17103.68,13700.05,117397.99,0.54,25,5.9,69.9,86.9,36.7,1,1,3
923.12,2504,0,90,173,132,0,4,3,3,0,0,0,7,32.0,30,4.0,33.8,34.2,30.1,7406.59,2370.11,144444.69,0.75,12,3.0,16.3,53.0,0.0,1,3,13
1411.65,2895,2,532,647,200,1,12,4,6,0,1,15,8,67.7,12,55.8,51.2,21.6,30.2,63076.31,42702.66,336409.76,0.43,9,3.4,36.4,20.8,0.0,0,3,9
67.62,162,3,91,67,39,0,8,2,0,1,0,0,1,73.8,36,88.1,57.6,88.6,30.2,3331.22,2458.44,39546.0,0.29,10,5.7,83.2,71.3,0.0,0,0,2
1104.49,3036,1,732,412,245,0,4,4,3,0,1,11,3,43.8,21,46.8,64.5,10.1,1.1,4143.0,1814.63,67022.01,0.31,15,3.5,42.5,46.4,0.0,1,9,11
481.64,1887,4,116,76,34,0,4,2,3,1,0,0,2,59.5,29,40.3,67.8,54.7,70.6,23370.23,13905.29,125623.52,0.33,6,5.8,77.8,70.6,98.8,0,7,11
217.61,639,4,117,44,18,0,2,1,5,1,0,0,2,94.1,0,57.3,77.2,99.9,93.5,4464.77,4201.35,11026.52,0.62,4,7.3,69.4,97.5,76.7,1,14,13
143.4,243,2,11,70,38,0,5,2,3,0,1,15,2,83.4,0,41.2,88.1,55.8,48.9,1987.65,1657.7,37062.67,0.52,20,3.9,56.5,97.0,0.0,1,14,6
266.61,559,1,360,296,258,0,11,5,4,0,0,0,8,52.0,3,57.2,32.4,36.8,2.4,9244.44,4807.11,146136.62,0.59,11,4.4,13.6,33.6,0.0,1,8,14
315.19,1010,3,39,87,24,0,9,4,8,0,0,0,2,70.6,29,92.2,79.2,59.0,28.5,4818.64,3401.96,93250.79,0.6,10,4.4,60.2,63.3,0.0,1,8,13
277.56,551,3,383,439,266,0,5,3,6,1,0,0,8,56.4,24,24.0,40.8,42.8,36.5,1815.22,1023.78,33911.69,0.51,3,1.4,36.0,58.0,0.0,1,8,6
806.26,687,2,102,34,39,0,2,0,5,1,0,0,0,91.5,0,70.5,62.4,75.4,37.8,40241.49,36820.96,647527.33,0.48,18,8.4,78.1,67.2,0.0,0,8,3
1526.05,3612,2,47,65,31,0,4,2,3,1,0,0,1,89.8,0,73.7,93.3,66.1,59.7,48697.82,43730.64,775525.84,0.62,20,7.1,72.0,76.1,0.0,0,10,8
1347.01,2118,3,40,77,37,0,4,1,5,0,1,12,2,63.3,12,42.9,71.0,83.1,29.7,49587.59,31388.94,499360.18,0.49,2,4.1,98.6,68.7,0.0,1,8,7
85.38,88,5,154,68,42,0,2,0,3,1,0,0,2,58.9,7,44.9,66.6,77.1,83.4,591.84,348.59,8383.54,0.66,9,6.3,67.9,97.8,61.9,0,14,8
1082.77,841,1,1155,706,309,0,9,5,7,1,1,11,3,50.7,14,42.7,28.0,18.1,21.1,50232.25,25467.75,592594.79,0.48,23,2.7,57.1,30.8,0.0,1,5,9
97.41,387,2,138,52,46,0,5,3,3,1,0,0,0,75.4,4,86.2,65.3,62.0,21.8,1927.47,1453.31,20846.08,0.48,19,5.8,81.0,60.8,0.0,1,12,8
1098.28,1505,0,702,227,62,0,9,4,4,1,0,0,4,65.9,14,32.4,24.2,12.2,16.3,2204.79,1452.96,18961.81,0.44,3,3.3,49.0,69.4,0.0,1,3,0
93.98,289,0,354,526,97,0,12,2,4,0,1,15,2,66.5,35,31.6,26.2,32.3,19.0,279.38,185.79,1650.58,0.66,9,2.2,30.5,68.8,0.0,1,11,13
891.7,1137,2,999,101,219,1,12,5,5,0,1,1,1,67.0,1,51.2,49.1,28.5,19.2,39391.99,26392.63,503916.44,0.29,4,3.4,19.5,35.6,0.0,1,13,2
1281.9,3340,4,73,35,57,0,5,3,0,1,0,0,1,85.9,0,97.5,76.1,72.2,94.1,22487.89,19317.1,101827.82,0.38,16,7.0,71.3,69.5,62.5,0,10,11
1264.69,2975,2,177,28,29,0,2,0,5,1,0,0,1,63.5,19,77.7,96.5,97.7,72.5,35938.81,22821.14,336593.98,0.43,9,6.5,92.7,69.2,0.0,0,13,0
392.63,1163,4,101,70,35,0,8,2,2,1,0,0,0,55.7,8,83.2,82.4,51.7,65.5,1220.24,679.67,12708.79,0.41,20,6.4,56.7,90.9,83.1,0,0,0
1996.89,5000,3,56,56,22,0,5,1,5,1,1,5,2,61.3,28,90.9,94.6,86.8,62.3,31854.72,19526.94,532431.97,0.59,24,5.7,73.8,89.7,0.0,1,8,6
736.04,1404,4,176,11,37,0,1,2,3,0,0,0,2,89.5,0,41.0,87.0,81.5,50.9,1000.35,895.31,17499.35,0.63,3,5.5,69.1,72.0,88.9,1,6,14
276.68,635,2,50,48,47,0,3,0,2,1,0,0,1,92.2,0,48.1,89.0,46.3,76.9,10571.71,9747.12,175431.67,0.58,26,5.2,95.6,91.5,0.0,0,13,0
245.05,199,0,839,424,388,0,3,4,4,1,1,5,1,57.0,17,10.9,34.3,25.6,5.4,1677.6,956.23,22189.28,0.54,10,2.8,22.5,48.2,0.0,1,12,14
1910.58,1380,0,1015,719,167,0,2,5,2,1,1,7,0,82.3,0,46.8,60.1,34.2,26.1,8564.04,7048.2,120606.1,0.48,11,3.4,18.1,36.9,0.0,1,6,5
1472.33,1202,2,33,46,53,0,8,2,2,1,0,0,0,73.5,4,41.7,63.5,71.3,24.8,56085.57,41222.89,954878.92,0.38,11,6.5,60.1,87.2,0.0,1,13,9
372.86,1176,1,879,657,220,0,12,1,5,0,0,0,6,43.7,31,17.0,43.7,24.1,26.4,9032.95,3947.4,85109.42,0.65,14,2.2,27.7,35.3,0.0,1,14,13
996.68,3981,2,139,8,33,0,4,3,2,1,0,0,0,94.3,0,89.6,81.3,58.6,58.8,44497.77,41961.4,91556.19,0.53,5,7.8,83.4,93.5,0.0,0,11,3
355.86,864,0,94,512,108,0,9,2,1,0,0,0,6,29.7,31,38.2,48.4,25.9,32.5,13818.56,4104.11,199431.53,0.59,4,1.7,28.7,64.5,0.0,1,2,14
397.4,580,1,881,468,391,0,5,1,2,0,0,0,7,37.4,26,53.4,24.9,25.7,13.8,1510.71,565.01,3793.72,0.47,20,3.5,54.8,43.6,0.0,1,0,0
863.55,3359,3,429,435,172,0,5,5,1,1,0,0,8,43.7,26,11.1,31.9,49.0,1.6,17957.35,7847.36,262079.83,0.56,23,2.6,58.6,38.6,0.0,1,3,8
1935.66,2174,0,1082,129,394,0,7,3,5,1,1,8,8,57.7,24,5.0,18.7,13.6,26.7,6144.35,3545.29,114956.99,0.49,16,2.0,33.0,43.0,0.0,1,1,0
1316.61,1534,3,28,12,58,0,6,1,0,1,0,0,2,98.4,0,75.8,96.7,75.2,38.6,56420.07,55517.35,977685.82,0.66,24,5.5,74.0,70.3,0.0,0,14,14
1223.69,2804,3,35,48,23,0,3,3,3,0,1,11,0,94.1,0,53.6,92.1,76.9,23.6,60830.99,57241.96,668052.79,0.47,4,5.8,85.2,64.4,0.0,1,7,9
1864.47,1082,0,651,377,380,0,5,3,4,1,1,4,6,15.6,10,9.4,23.8,30.1,3.4,16135.14,2517.08,290117.35,0.47,14,2.5,40.4,48.6,0.0,1,3,11
608.17,1186,3,21,50,54,0,7,3,2,1,0,0,2,71.9,35,95.8,66.8,72.2,61.8,3476.9,2499.89,59029.77,0.63,17,4.8,72.6,79.6,0.0,0,10,6
1324.15,4094,4,125,20,6,0,7,0,1,1,0,0,1,50.1,27,52.2,69.4,62.4,86.5,55300.59,27705.6,1059516.46,0.66,11,6.2,80.9,67.2,82.3,0,11,14
142.7,472,3,488,538,149,0,4,1,7,1,1,15,7,64.9,19,27.2,37.9,35.8,33.6,6755.5,4384.32,78610.71,0.49,24,2.0,48.1,34.7,0.0,1,9,3
1143.98,4060,4,83,71,47,0,1,2,3,0,0,0,2,78.4,2,65.8,67.1,94.8,82.0,20453.61,16035.63,244279.08,0.43,2,7.1,70.8,93.1,74.6,1,8,2
1893.7,3470,5,75,41,49,0,8,1,0,1,0,0,0,81.3,0,91.0,86.4,62.2,74.7,88313.91,71799.21,597650.82,0.63,23,6.2,81.7,70.5,67.4,1,11,4
1588.85,5000,3,56,77,32,0,5,0,1,1,1,7,1,68.0,20,75.0,77.2,92.8,71.2,53864.59,36627.92,797928.04,0.52,8,5.2,86.2,97.7,0.0,1,12,14
87.3,148,1,1025,319,103,0,5,5,6,1,1,10,1,66.0,26,54.9,59.8,13.6,0.5,1157.02,763.63,5438.08,0.57,8,4.1,53.2,37.7,0.0,1,1,10
1688.16,5000,1,1178,163,209,0,12,4,8,1,1,6,4,50.5,32,57.0,21.6,26.7,5.5,42616.9,21521.53,704529.15,0.47,15,3.1,24.5,62.3,0.0,1,0,0
328.41,654,1,241,477,187,0,7,1,6,1,1,5,0,71.6,25,31.9,21.9,30.3,1.5,15286.4,10945.06,41209.73,0.59,7,2.4,20.0,24.3,0.0,1,11,14
527.62,1982,3,58,63,50,0,6,0,1,0,0,0,1,53.1,10,55.6,91.2,64.6,69.2,12737.6,6763.67,226253.46,0.51,8,6.4,77.4,77.3,0.0,0,10,12
1020.31,2765,1,173,311,193,0,4,2,4,1,1,1,1,26.1,34,45.7,20.0,50.3,19.2,604.54,157.78,4913.24,0.8,25,1.9,28.9,41.8,0.0,1,12,13
1875.25,5000,4,121,82,53,0,4,2,2,1,1,7,1,98.3,0,52.3,96.9,61.8,99.1,7772.62,7640.49,135553.37,0.38,4,4.5,93.0,60.7,37.4,0,7,11
827.82,3030,5,83,75,35,0,1,3,3,0,0,0,1,94.9,0,50.2,96.5,76.5,93.1,30674.41,29110.02,511551.57,0.56,7,6.0,62.2,65.7,63.7,0,7,6
1519.67,2267,4,71,80,30,0,2,1,4,0,0,0,0,53.0,30,41.9,68.9,96.2,60.8,5111.84,2709.28,80573.18,0.33,7,6.6,89.3,76.2,87.1,0,14,2
1332.98,4704,3,116,725,123,0,5,5,6,0,1,4,1,75.6,20,8.8,30.3,40.1,23.0,46003.12,34778.36,101741.68,0.61,12,3.2,35.8,33.7,0.0,1,9,10
1793.36,4283,4,111,5,59,0,3,0,2,1,0,0,1,71.2,21,59.4,92.3,84.5,82.2,60961.95,43404.91,868019.14,0.44,15,6.5,76.2,65.4,93.9,0,8,12
838.31,1127,4,113,83,20,0,5,2,5,0,0,0,2,84.4,0,53.2,88.2,82.5,56.5,36805.84,31064.13,277966.34,0.36,6,6.2,63.6,94.4,99.9,1,4,7
1688.31,1811,0,705,488,140,0,10,4,2,0,0,0,7,13.5,2,31.4,56.7,44.3,12.5,24904.52,3362.11,183409.74,0.55,17,2.2,23.3,68.6,0.0,1,3,3
1595.39,5000,2,36,71,4,0,6,1,5,1,0,0,1,55.2,7,72.5,62.8,62.8,63.4,59279.56,32722.32,307051.99,0.62,19,5.0,94.9,85.7,0.0,0,3,1
1516.27,2929,5,89,66,1,0,12,5,3,1,1,7,1,91.0,0,64.1,57.5,94.1,72.1,36936.05,33611.81,590340.27,0.47,6,4.7,73.3,68.9,49.4,0,9,5
1070.68,2835,3,107,4,58,0,1,2,2,1,0,0,0,51.3,4,51.1,96.6,63.4,78.2,29185.83,14972.33,381495.3,0.44,16,7.2,71.1,99.1,0.0,1,0,9
186.5,98,5,64,62,7,0,0,0,4,0,0,0,1,96.0,0,44.7,80.6,94.2,95.6,1481.01,1421.77,17098.25,0.63,10,5.8,90.0,69.4,84.1,1,1,8
1706.3,4349,0,325,561,32,0,11,2,3,1,0,0,6,45.2,25,28.9,53.3,34.4,2.6,27685.5,12513.85,58529.93,0.74,19,2.5,58.9,37.7,0.0,1,11,13
1060.89,1571,4,34,16,16,0,6,4,3,0,1,2,0,60.7,11,61.0,86.6,68.4,89.5,24546.5,14899.73,280888.27,0.66,32,5.3,58.7,79.1,63.2,1,1,4
1511.68,4300,3,1090,627,185,0,4,1,4,1,0,0,5,46.6,26,17.9,36.4,45.3,5.8,2112.82,984.57,18654.32,0.58,2,2.3,21.3,42.8,0.0,1,5,6
696.47,1659,4,160,80,35,0,6,1,8,1,0,0,0,87.5,0,82.7,62.5,79.3,59.0,13935.94,12193.95,48461.14,0.6,6,4.6,92.0,82.2,35.0,0,4,6
1333.17,3987,2,1167,721,37,1,3,3,7,1,0,0,3,66.3,10,56.9,41.8,36.3,22.3,20781.17,13777.92,373794.16,0.64,8,1.6,33.4,57.8,0.0,1,1,14
175.09,287,0,469,303,298,0,5,5,6,1,0,0,4,58.6,14,16.0,35.5,44.7,39.1,7852.77,4601.72,147010.59,0.61,29,2.4,30.1,32.5,0.0,1,10,8
1430.82,1740,2,251,142,100,1,7,5,2,1,1,14,0,50.8,20,31.4,50.0,44.9,17.2,39909.42,20273.99,698655.4,0.63,21,2.3,44.5,54.4,0.0,1,9,14
735.19,2432,1,464,63,262,0,8,3,7,1,0,0,3,40.5,36,8.4,16.4,37.2,9.6,29315.25,11872.68,468522.24,0.61,5,2.8,12.0,58.5,0.0,1,14,8
584.76,1594,1,146,371,143,0,3,2,8,1,0,0,0,65.2,28,36.8,16.0,47.3,20.8,4732.83,3085.81,78909.82,0.58,24,3.2,21.7,30.7,0.0,1,13,8
1344.24,1824,0,367,333,315,0,10,3,2,0,1,8,0,46.4,2,44.2,39.9,44.3,20.3,59427.88,27574.54,507814.92,0.61,23,2.2,43.7,40.6,0.0,1,6,13
423.63,365,2,822,326,340,1,12,4,8,0,1,7,6,58.9,24,20.7,57.2,41.9,22.6,10045.83,5916.99,84970.52,0.64,28,2.5,33.2,35.3,0.0,1,7,1
1227.09,4524,2,625,491,313,1,10,4,6,1,1,12,5,34.7,9,52.5,51.7,45.9,7.2,53566.63,18587.62,877272.5,0.58,3,2.5,24.2,35.5,0.0,1,7,6
124.11,271,2,70,46,15,0,12,2,6,0,1,5,2,79.3,36,58.4,93.7,64.1,76.2,2603.31,2064.42,42320.38,0.5,21,5.2,75.9,72.5,0.0,1,4,8
541.52,704,2,997,207,176,1,2,3,5,1,0,0,0,78.4,34,44.5,49.8,15.8,33.5,19223.36,15071.11,376939.24,0.6,15,2.6,23.0,52.6,0.0,1,14,4
1002.18,3590,2,20,49,49,0,3,3,0,1,1,11,0,69.5,19,85.4,95.3,65.4,35.9,26045.41,18101.56,412375.6,0.76,35,5.5,92.3,98.9,0.0,1,11,13
1027.74,1406,4,102,12,37,0,10,1,5,1,0,0,1,90.7,0,68.7,80.8,57.8,62.6,46290.13,41985.15,534691.26,0.68,8,5.3,96.1,81.3,68.3,0,5,8
1277.03,971,0,489,270,190,0,2,1,7,1,1,10,0,76.5,15,32.0,44.4,17.8,12.7,46599.57,35648.67,879172.09,0.61,24,3.1,43.1,55.7,0.0,1,10,4
1004.25,3906,3,76,36,49,0,8,3,0,1,0,0,2,79.1,14,94.4,66.1,58.6,51.1,32731.45,25890.58,646653.05,0.41,9,5.8,90.9,81.1,0.0,1,2,2
87.52,214,1,927,276,239,0,12,3,8,0,1,9,6,63.2,11,2.2,49.9,25.5,8.4,3065.12,1937.16,28864.87,0.65,25,2.1,53.8,50.3,0.0,0,6,1
278.8,558,3,327,169,396,0,4,1,5,0,0,0,4,58.0,26,28.5,40.3,53.1,3.5,7038.81,4082.51,55556.98,0.57,11,3.6,42.8,60.7,0.0,1,14,3
33.91,70,1,951,555,249,0,10,1,6,0,1,15,1,47.7,35,48.5,30.6,34.0,39.3,211.1,100.69,1175.66,0.58,22,2.6,28.9,68.6,0.0,1,3,0
1888.21,5000,2,99,69,17,0,8,2,0,1,0,0,2,56.9,28,45.4,78.3,60.8,41.1,30615.03,17419.95,408543.01,0.45,20,5.6,60.3,85.2,0.0,0,7,9
467.85,1476,5,45,71,48,0,1,1,3,1,1,3,0,68.7,11,61.5,69.7,79.8,69.6,23214.06,15948.06,448950.43,0.45,17,6.7,89.4,74.7,45.4,0,12,0
1165.64,4129,2,161,44,9,0,6,4,3,0,0,0,1,69.9,13,63.3,89.9,67.0,31.0,4372.95,3056.69,37316.93,0.41,5,5.3,78.4,85.6,0.0,1,5,7
339.52,503,3,24,34,21,0,8,3,6,1,1,12,2,72.5,6,70.4,85.9,59.2,69.5,16209.75,11752.07,294848.38,0.44,14,5.1,93.6,85.0,0.0,1,10,11
327.05,1143,2,25,34,7,0,5,2,3,1,0,0,2,71.4,19,66.4,86.7,63.9,54.6,3220.13,2299.17,42735.14,0.75,6,6.1,89.5,73.9,0.0,0,12,1
312.97,487,1,603,534,396,0,2,3,4,0,1,3,2,29.5,20,4.0,22.8,46.3,16.0,6574.18,1939.38,113670.02,0.4,10,3.3,49.8,35.4,0.0,1,11,9
793.08,3125,3,88,73,25,0,7,0,1,0,0,0,1,76.7,33,46.8,60.5,92.7,73.7,31410.24,24091.65,457041.31,0.44,4,5.2,84.6,94.1,0.0,1,13,9
1831.57,5000,3,178,42,10,0,0,0,1,0,0,0,2,55.6,7,69.6,75.6,72.0,36.8,56783.74,31571.76,1085490.39,0.54,16,6.5,62.1,94.4,0.0,1,8,14
978.03,2761,4,73,70,53,0,4,4,8,0,1,7,1,95.4,0,82.5,98.9,56.0,94.0,25863.5,24673.78,376319.75,0.65,18,4.4,79.9,76.9,85.3,1,0,13
894.28,1736,2,855,201,201,1,4,1,3,1,0,0,3,59.4,13,22.4,40.7,47.1,39.8,18011.52,10698.84,123141.87,0.51,7,1.3,30.1,68.9,0.0,1,5,7
1494.16,5000,3,554,627,120,0,3,3,7,1,0,0,6,42.8,26,26.3,45.0,38.7,28.3,65517.23,28041.37,1195170.05,0.31,1,1.8,54.8,36.5,0.0,1,5,11
22.5,47,3,142,7,29,0,6,1,0,1,0,0,1,62.4,12,65.5,65.2,94.5,40.3,707.45,441.45,8783.31,0.6,9,4.7,93.9,80.0,0.0,1,9,10
1459.06,5000,4,180,65,33,0,6,1,1,1,0,0,2,78.5,24,82.2,71.5,50.6,92.9,66423.63,52142.55,878509.01,0.45,14,6.5,55.3,68.2,35.2,1,5,12
1171.6,4629,2,97,65,29,0,6,0,0,1,1,9,1,83.3,0,57.8,59.6,66.8,20.7,34448.46,28695.57,115231.68,0.41,6,6.5,74.5,62.9,0.0,0,2,3
1796.79,5000,5,179,1,50,0,0,2,0,1,0,0,1,87.8,0,82.6,61.7,84.9,91.4,76527.66,67191.29,697760.02,0.35,4,6.3,95.0,61.6,93.1,0,7,2
178.48,635,3,410,645,383,0,5,4,8,1,0,0,6,62.9,21,37.8,52.7,16.9,1.0,6597.44,4149.79,65433.02,0.54,21,2.9,34.0,50.3,0.0,1,0,14
282.14,264,3,150,13,31,0,6,0,5,0,0,0,2,72.2,5,79.7,98.7,94.4,60.7,5650.26,4079.49,60224.68,0.52,3,4.8,60.6,61.9,0.0,1,2,7
1068.41,1885,5,147,88,52,0,11,3,4,1,0,0,1,94.5,0,82.6,88.4,46.9,62.8,34013.09,32142.37,283466.77,0.38,7,5.5,59.0,74.4,53.7,0,0,5
646.42,611,2,137,21,32,0,3,1,4,0,0,0,0,88.4,0,59.3,66.9,81.2,32.1,24385.3,21556.61,215070.47,0.58,22,5.8,64.2,82.1,0.0,0,2,4
53.02,95,2,1191,109,37,1,11,1,1,1,1,7,4,52.9,21,27.7,59.2,52.8,32.9,2496.68,1320.74,15985.96,0.61,27,1.5,12.1,27.5,0.0,1,14,13
1037.42,1959,4,79,90,43,0,1,3,4,1,0,0,0,58.1,5,66.9,82.2,59.7,87.3,5118.8,2974.02,34539.47,0.57,9,5.8,63.2,81.8,72.3,0,3,10
1792.28,2648,5,143,42,16,0,8,3,3,0,0,0,1,66.6,1,62.9,84.0,59.1,94.6,66903.55,44557.76,284479.04,0.42,3,5.7,96.3,74.5,94.0,0,11,5
1275.9,817,5,54,55,59,0,2,2,0,0,0,0,2,98.4,0,87.1,65.0,50.3,68.5,41958.71,41287.37,381491.87,0.47,3,6.0,93.5,74.4,92.0,0,13,2
704.94,1919,4,18,30,26,0,3,1,4,1,0,0,1,70.8,33,80.3,74.1,73.0,61.8,11683.29,8271.77,204702.4,0.36,9,6.4,75.2,78.2,55.3,0,9,5
1634.76,1074,5,129,81,52,0,7,2,2,1,0,0,2,79.6,7,53.7,76.8,93.3,70.7,61346.32,48831.67,870666.16,0.32,15,6.0,83.7,78.5,60.7,0,11,2
912.47,1013,5,143,75,41,0,3,0,1,1,0,0,0,52.8,22,98.2,90.8,53.6,78.1,7331.13,3870.84,119476.4,0.45,5,5.6,92.5,92.1,73.2,1,0,2
133.7,505,0,346,145,301,0,4,2,7,0,0,0,7,54.3,11,29.2,41.5,23.4,18.5,6438.69,3496.21,25687.74,0.44,14,2.4,11.9,67.2,0.0,1,6,5
1093.27,1214,4,160,30,55,0,5,2,4,1,1,15,1,56.9,17,72.0,89.6,95.7,54.8,23528.35,13387.63,373018.2,0.66,7,5.5,91.5,87.3,51.0,1,0,13
740.47,1208,2,116,86,60,0,8,0,3,1,0,0,1,81.5,0,41.8,89.7,50.9,72.2,26927.69,21946.07,483578.96,0.48,2,5.9,76.4,87.1,0.0,0,7,7
1041.82,1137,4,76,46,49,0,5,0,3,1,0,0,0,76.3,21,65.6,76.5,78.2,68.1,15843.55,12088.63,67831.35,0.49,2,6.8,92.3,90.5,95.6,1,4,3
1734.28,5000,3,96,34,27,0,3,3,4,0,0,0,1,87.7,0,91.5,83.4,70.1,52.2,55342.13,48535.05,146380.67,0.34,15,7.2,94.4,67.9,0.0,1,14,2
1813.15,2289,3,866,728,73,0,4,4,1,0,1,1,4,11.1,2,19.4,54.6,29.5,37.0,40672.9,4514.69,488201.04,0.74,21,2.5,18.2,53.8,0.0,1,4,1
538.36,862,1,758,76,384,0,5,2,7,1,1,3,0,59.0,24,57.1,50.2,11.3,8.0,9023.44,5323.83,93355.23,0.47,8,4.8,10.7,35.1,0.0,1,4,2
1037.38,1652,1,379,497,175,0,2,5,4,1,1,8,5,36.1,36,57.5,41.3,13.2,31.3,49414.68,17838.7,298778.86,0.71,24,1.4,26.0,52.9,0.0,1,14,1
434.87,1093,3,77,51,41,0,4,3,6,0,1,8,0,79.0,25,63.0,96.9,68.0,48.6,15027.66,11871.85,58522.89,0.52,16,5.1,65.2,62.0,0.0,1,8,12
510.87,1260,1,367,378,302,0,2,3,6,1,1,5,5,59.5,6,25.7,38.0,19.7,11.8,18999.82,11304.89,213665.0,0.74,19,3.1,20.8,48.0,0.0,1,8,13
389.75,961,3,118,52,52,0,8,1,5,1,0,0,2,95.2,0,73.2,57.7,56.2,29.0,9991.13,9511.56,72567.1,0.33,12,6.2,93.2,74.1,0.0,0,5,2
127.26,166,2,993,281,234,1,11,4,3,0,0,0,7,26.6,31,24.5,51.9,41.2,25.7,3172.5,843.88,15116.17,0.64,7,2.2,14.1,59.2,0.0,0,11,8
971.08,3321,1,249,252,35,0,10,3,8,0,1,2,0,75.2,21,25.9,47.9,53.3,19.4,8259.82,6211.38,49167.48,0.54,10,2.7,33.4,44.3,0.0,1,5,6
1435.38,2067,5,42,36,20,0,7,2,4,1,1,6,0,65.5,3,65.5,61.7,81.2,95.1,44225.67,28967.81,858674.41,0.36,9,5.4,77.1,96.6,31.4,1,1,7
932.92,3320,5,170,55,27,0,6,2,1,1,0,0,0,92.4,0,60.2,94.4,89.4,82.1,21143.85,19536.92,109771.74,0.47,3,7.1,58.4,69.0,86.4,1,13,2
1011.57,1231,4,54,72,0,0,6,1,0,1,0,0,2,71.6,29,84.6,70.5,60.7,69.2,22285.36,15956.32,354729.52,0.6,27,5.2,81.9,75.9,61.7,0,14,8
259.08,132,2,141,2,53,0,1,3,1,0,0,0,0,54.0,5,64.1,74.2,72.5,56.8,10681.42,5767.97,209254.17,0.51,15,5.8,61.9,64.7,0.0,0,5,3
922.66,3616,3,149,3,57,0,5,3,3,1,0,0,1,69.7,21,93.4,82.7,83.5,65.1,2423.75,1689.35,36245.28,0.48,18,5.2,86.7,92.1,0.0,1,1,9
914.01,2287,4,145,60,35,0,2,3,1,1,0,0,1,66.2,12,91.4,61.9,63.4,89.9,33479.12,22163.18,548754.47,0.55,20,6.2,96.1,79.7,63.5,0,0,10
1207.61,4357,4,76,58,4,0,3,3,4,1,0,0,0,54.4,1,83.4,61.2,60.1,66.7,7094.56,3859.44,98019.27,0.36,9,6.8,58.4,77.8,89.3,0,4,2
1798.44,5000,4,133,41,19,0,8,0,3,1,1,8,1,59.7,30,95.2,93.3,94.6,96.0,5814.68,3471.36,59357.2,0.58,24,5.2,75.6,77.9,34.7,0,6,14
1397.43,5000,0,1054,653,98,0,8,2,6,1,0,0,3,40.9,4,10.2,15.4,52.2,39.5,22746.85,9303.46,454691.67,0.68,10,3.3,41.7,36.5,0.0,1,14,8
458.07,1547,4,147,61,2,0,4,1,7,0,0,0,1,79.7,27,47.1,69.8,48.7,95.0,8727.01,6955.43,39880.87,0.54,23,5.6,99.4,81.1,74.3,1,9,6
855.72,1233,0,576,615,203,0,6,3,8,1,0,0,4,52.1,21,8.2,56.3,15.4,30.4,23162.14,12067.47,195512.64,0.64,28,1.6,10.9,29.8,0.0,1,9,13
1097.81,2793,3,77,20,22,0,2,2,5,0,0,0,2,99.5,0,67.2,70.1,71.5,64.5,47969.57,47729.72,577513.41,0.53,18,6.0,92.8,70.2,0.0,0,3,12
5.1,10,0,705,179,347,0,12,1,6,0,1,15,3,51.5,14,2.9,56.1,25.1,27.1,139.11,71.64,2394.12,0.45,9,4.0,19.7,31.3,0.0,1,13,7
833.51,2265,5,94,66,35,0,1,3,3,1,0,0,0,59.4,18,59.3,79.3,89.4,76.1,11485.3,6822.27,207924.71,0.69,28,6.0,64.5,65.3,43.3,1,6,6
1860.28,4535,2,89,55,0,0,5,2,4,1,0,0,2,65.1,26,95.6,97.8,74.5,72.7,90032.81,58611.36,392070.0,0.39,5,5.0,90.0,88.9,0.0,0,14,3
1812.15,5000,2,132,75,267,0,3,4,2,1,0,0,0,54.0,31,53.8,36.7,22.5,32.7,52746.7,28483.22,169359.24,0.6,23,2.8,38.1,63.4,0.0,1,1,4
852.88,2656,5,22,24,39,0,1,1,1,1,0,0,0,57.2,9,76.2,82.9,92.8,80.9,37618.74,21517.92,247551.26,0.47,9,7.2,94.0,90.9,92.8,0,8,2
80.54,302,2,39,87,6,0,11,1,7,1,1,10,2,82.0,0,81.1,76.3,60.7,30.5,586.98,481.32,9517.95,0.54,5,4.5,87.0,69.4,0.0,1,14,12
547.46,653,3,41,66,48,0,4,2,4,0,0,0,1,96.8,0,78.8,65.2,67.4,53.7,9727.28,9416.01,72041.06,0.41,4,7.8,76.7,73.2,0.0,0,7,7
1699.82,1779,0,602,651,397,0,12,3,3,0,0,0,5,32.3,30,58.0,30.2,10.8,39.9,59716.93,19288.57,221853.32,0.79,24,1.2,58.6,49.4,0.0,1,3,13
49.51,154,1,375,181,321,0,8,4,6,1,1,9,0,30.7,15,28.0,52.2,26.7,29.9,2327.38,714.51,5582.54,0.69,26,2.4,50.5,46.1,0.0,1,7,1
393.76,475,5,101,66,28,0,7,2,2,1,0,0,1,57.6,20,51.6,93.2,94.5,77.9,17970.97,10351.28,122421.63,0.39,10,6.2,86.4,83.0,78.2,0,10,7
1161.99,2700,0,649,632,114,0,4,1,8,0,0,0,0,62.3,30,72.6,56.8,14.1,25.7,29176.1,18176.71,382918.1,0.53,10,4.5,54.7,55.0,0.0,1,14,12
905.88,2830,3,160,28,10,0,2,1,1,0,1,11,0,75.3,25,40.5,80.2,92.8,34.8,30667.76,23092.82,278359.39,0.42,13,4.8,93.2,68.9,0.0,1,12,7
1763.65,5000,2,266,475,379,1,6,1,2,1,0,0,0,57.4,31,2.8,19.5,42.1,35.6,82751.55,47499.39,664427.95,0.52,17,3.4,24.5,22.8,0.0,1,11,10
1475.45,880,4,48,9,45,0,2,2,5,1,0,0,2,72.7,34,85.1,89.6,64.5,95.3,28191.43,20495.17,363489.85,0.48,6,5.4,97.0,81.7,81.4,1,11,12
1207.45,4183,4,128,77,50,0,5,0,5,1,0,0,0,64.0,36,70.6,93.0,55.9,76.1,46009.39,29446.01,684223.31,0.52,21,5.6,95.5,61.1,87.9,0,12,9
97.32,202,2,244,239,351,1,2,5,7,1,1,10,3,36.0,14,59.9,44.8,42.3,14.9,4495.41,1618.35,66395.91,0.46,18,2.6,10.0,33.5,0.0,1,6,9
86.01,144,0,692,175,215,0,7,2,5,1,0,0,8,52.3,30,17.3,24.4,28.3,18.9,1964.13,1027.24,22440.33,0.39,19,3.7,59.5,50.5,0.0,1,13,7
360.76,657,3,98,2,47,0,1,1,5,1,0,0,2,68.3,23,61.6,77.5,49.3,23.1,314.61,214.88,6168.23,0.42,7,5.3,71.2,95.4,0.0,0,13,7
1603.28,1995,2,501,86,363,1,2,2,7,0,1,3,2,30.1,17,53.7,50.6,22.4,38.2,5041.87,1517.6,34587.29,0.38,16,3.0,11.9,57.1,0.0,1,13,2
471.65,708,1,676,721,71,0,2,3,2,0,1,7,0,16.1,12,52.7,57.8,11.2,10.1,23360.12,3760.98,389782.84,0.38,17,3.3,12.9,31.3,0.0,1,14,3
489.97,444,4,174,33,24,0,1,2,4,1,0,0,0,57.7,8,75.2,80.6,85.3,60.0,9154.62,5282.22,52835.99,0.52,2,8.5,92.9,94.0,65.7,0,12,9
268.98,617,2,297,595,169,1,2,3,4,0,1,12,5,26.2,25,43.6,62.0,22.1,29.3,338.75,88.75,2167.68,0.58,7,2.8,42.3,34.4,0.0,1,13,6
1901.93,1818,3,154,4,34,0,3,0,0,1,1,4,2,90.9,0,91.6,85.2,47.8,35.1,47880.31,43523.2,556269.27,0.69,20,6.2,90.6,89.2,0.0,0,12,6
412.6,1221,5,70,50,6,0,8,1,3,1,0,0,1,83.7,0,99.7,61.3,96.5,56.1,10501.81,8790.01,90132.37,0.61,15,5.7,56.8,92.8,77.0,0,4,4
1416.54,2174,2,43,44,18,0,3,1,2,1,0,0,0,76.7,34,75.5,91.8,51.6,26.6,35933.2,27560.76,311280.13,0.72,34,4.2,91.2,71.6,0.0,0,10,14
224.79,586,2,595,281,197,1,12,4,8,1,0,0,2,49.2,13,57.5,42.2,11.7,38.7,5865.71,2885.93,37402.4,0.78,20,3.6,45.8,65.5,0.0,1,7,1
1970.84,5000,5,157,48,3,0,2,1,2,1,0,0,1,74.2,22,52.4,61.6,84.0,94.3,11575.07,8588.7,151853.37,0.43,15,5.3,69.2,91.9,84.8,1,12,0
120.35,327,3,752,365,296,0,12,5,3,0,0,0,2,57.0,17,10.1,61.5,18.3,2.3,3995.26,2277.3,65200.21,0.58,22,3.0,12.8,68.1,0.0,1,12,4
729.08,740,3,918,230,79,0,9,2,2,0,0,0,4,29.6,11,19.1,34.7,42.8,21.7,15235.0,4509.56,78746.49,0.45,2,2.8,33.5,43.3,0.0,1,14,10
1315.75,2807,3,19,48,31,0,3,0,4,0,1,11,0,56.1,10,77.5,65.3,70.1,26.4,33102.27,18570.37,530811.34,0.38,8,5.1,71.9,89.0,0.0,0,9,7
347.73,429,5,126,7,17,0,6,3,2,1,0,0,0,51.2,26,84.7,81.6,95.7,83.3,13049.35,6681.27,37952.44,0.46,3,5.6,81.2,63.2,65.1,0,8,9
410.27,619,3,638,384,213,0,9,3,8,1,1,10,0,64.4,12,16.2,37.5,16.1,23.9,6697.91,4313.45,57647.66,0.69,17,2.3,59.3,68.2,0.0,0,10,4
944.74,3031,1,178,425,65,0,12,2,8,1,1,15,0,37.1,7,56.6,31.6,50.0,14.0,5828.72,2162.46,79212.97,0.6,19,3.9,49.2,66.9,0.0,0,9,6
172.52,603,4,108,69,53,0,3,1,4,1,0,0,1,64.7,12,42.5,92.5,93.8,80.8,1814.58,1174.03,8154.75,0.35,14,5.6,95.6,72.1,30.4,0,7,7
147.79,497,5,30,35,59,0,4,1,3,1,0,0,1,90.4,0,43.5,88.4,89.9,90.2,7149.24,6462.91,72263.89,0.49,20,5.5,72.8,87.6,85.1,1,6,7
685.27,1131,3,405,706,244,0,3,4,3,1,1,2,8,40.8,27,6.7,47.3,40.3,37.1,5018.34,2047.48,86364.75,0.39,7,3.1,28.7,37.7,0.0,1,9,11
1027.22,3205,3,490,304,262,0,4,4,2,1,0,0,6,69.6,18,52.1,55.7,51.2,27.6,29712.95,20680.21,108552.18,0.69,17,2.5,48.7,54.3,0.0,1,14,1
832.42,1423,3,478,639,200,0,4,4,1,1,0,0,2,88.0,0,44.1,81.8,49.2,35.2,21468.81,18892.55,158740.42,0.3,6,3.8,25.4,68.7,0.0,1,14,2
1685.96,5000,4,49,81,56,0,4,0,1,1,0,0,1,59.3,27,95.0,71.3,64.5,79.3,32122.66,19048.74,91762.1,0.5,18,5.4,93.2,97.4,60.9,0,12,9
1824.24,2705,1,800,357,50,0,8,1,7,0,0,0,4,54.9,10,50.0,60.6,25.2,4.1,60072.9,32980.02,1045322.43,0.62,8,3.4,36.2,58.2,0.0,1,9,13
1987.89,2396,4,83,88,46,0,2,3,2,1,1,1,0,94.5,0,58.9,57.5,99.1,77.8,20290.9,19174.9,155478.59,0.45,15,6.3,62.8,61.5,83.2,0,1,7
170.87,662,5,88,38,46,0,2,1,1,1,0,0,2,56.1,4,74.1,73.5,91.0,68.1,1181.65,662.91,8116.11,0.66,31,5.6,98.0,62.2,82.9,0,13,4
1859.03,5000,3,1010,659,308,0,10,1,7,1,1,3,1,85.6,0,48.3,35.2,29.5,34.6,89912.48,76965.08,317405.8,0.58,13,3.9,52.7,20.4,0.0,1,2,12
1171.42,4229,4,35,72,56,0,0,1,4,1,0,0,2,50.8,1,71.1,80.8,53.4,57.4,43244.22,21968.06,450253.2,0.61,13,5.3,87.1,87.6,34.1,1,8,8
487.28,1549,5,23,66,11,0,12,1,4,1,0,0,0,91.2,0,92.9,75.5,94.6,56.2,19869.44,18120.93,395829.0,0.46,17,5.9,67.1,99.5,66.7,0,13,3
247.91,620,2,165,48,51,0,5,3,1,0,0,0,1,71.3,3,48.8,67.3,52.2,23.9,9932.75,7082.05,173147.52,0.5,6,5.2,57.9,73.5,0.0,0,0,10
1220.71,3289,2,393,427,280,1,6,5,4,1,0,0,7,49.0,32,19.0,33.2,33.0,17.3,23020.67,11280.13,439854.18,0.64,14,1.3,39.6,29.2,0.0,1,8,6
1721.28,4257,2,120,10,53,0,7,3,4,0,0,0,2,57.2,24,92.6,63.2,56.6,47.5,28220.12,16141.91,496341.19,0.54,3,5.7,63.7,97.3,0.0,1,6,7
1238.06,3998,2,313,116,120,1,12,5,8,0,1,1,0,78.3,19,2.1,28.3,44.9,38.6,2251.35,1762.81,39176.3,0.43,12,3.4,39.3,48.9,0.0,1,4,12
1933.5,2928,0,345,485,274,0,4,5,5,0,0,0,8,39.3,34,0.2,21.4,25.5,17.1,39009.74,15330.83,120149.64,0.53,7,2.2,38.7,46.0,0.0,1,8,0
1772.24,4759,3,142,15,28,0,6,3,0,0,0,0,0,84.2,0,46.4,76.7,99.2,23.5,23054.21,19411.64,67915.41,0.51,25,6.8,78.7,99.5,0.0,1,4,9
626.21,2007,3,42,53,13,0,3,0,2,0,1,2,2,82.8,0,73.0,80.6,51.9,78.5,9704.27,8035.14,169495.02,0.57,7,5.3,80.8,63.9,0.0,0,5,12
945.39,2285,5,135,5,47,0,0,2,5,1,0,0,1,72.6,35,84.7,84.6,66.0,69.6,44510.79,32314.83,757929.57,0.77,11,4.9,83.4,86.9,45.8,1,7,1
1028.58,4048,4,57,3,53,0,0,2,4,1,0,0,0,84.3,0,97.4,72.7,73.7,94.9,9634.39,8121.79,94362.03,0.32,10,5.6,55.2,95.0,39.8,0,12,11
957.15,646,2,110,12,48,0,7,0,2,0,0,0,2,58.4,25,66.6,76.6,75.5,77.0,27574.42,16103.46,309822.31,0.53,15,5.0,66.3,77.3,0.0,0,14,14
1183.53,3877,2,75,69,28,0,4,1,0,1,0,0,1,96.8,0,97.8,73.6,46.5,65.6,26873.91,26013.94,201754.79,0.46,10,5.7,73.8,87.7,0.0,1,2,9
1419.17,5000,0,887,509,386,0,6,3,1,1,1,10,7,67.6,4,51.2,48.2,54.2,31.0,1459.96,986.93,11521.69,0.42,7,4.6,22.7,21.9,0.0,1,7,2
1229.6,2984,5,63,31,9,0,7,0,3,0,0,0,0,99.4,0,52.2,73.1,46.1,50.6,13081.62,13003.13,234795.69,0.49,4,6.6,58.4,93.8,69.8,1,11,3
1769.42,5000,4,158,57,35,0,3,4,4,1,1,1,0,55.9,19,96.2,98.6,82.8,73.2,32819.05,18345.85,149936.86,0.53,26,6.0,70.8,77.9,41.8,1,13,8
256.75,592,1,191,323,142,0,7,5,2,1,1,14,6,10.4,10,12.0,63.6,14.7,24.7,12375.85,1287.09,150878.6,0.54,21,3.6,27.4,44.4,0.0,0,10,3
392.27,1255,2,161,14,39,0,2,3,3,0,0,0,1,57.8,32,40.6,81.9,58.9,35.5,8285.84,4789.22,123462.06,0.48,8,4.8,70.7,93.4,0.0,0,10,10
552.35,1607,3,483,467,102,0,8,1,4,1,0,0,6,68.0,23,39.2,17.6,52.3,15.9,10737.97,7301.82,134791.41,0.71,26,1.8,17.2,40.3,0.0,1,5,1
826.08,2098,1,715,493,280,0,3,3,5,1,1,7,1,59.1,18,24.7,48.2,46.5,18.7,12240.04,7233.86,86793.3,0.37,4,4.1,19.3,49.0,0.0,1,0,3
1091.54,777,4,61,49,34,0,0,2,0,1,0,0,0,59.4,11,73.0,79.1,81.2,98.4,36992.71,21973.67,623829.66,0.79,14,5.5,82.9,93.2,76.7,0,0,13
1703.08,5000,2,69,13,44,0,7,1,4,1,0,0,1,87.6,0,76.5,94.1,89.0,68.8,9606.79,8415.55,65474.5,0.57,18,5.0,91.2,95.5,0.0,0,14,10
1148.94,4042,4,113,56,40,0,6,2,1,1,1,7,1,69.2,7,86.0,59.8,76.6,76.1,51027.31,35310.9,104982.03,0.63,14,5.5,70.6,79.8,33.6,0,14,13
477.57,778,2,177,88,50,0,5,5,6,1,1,5,1,83.2,0,63.8,69.1,99.1,26.0,15329.06,12753.78,159531.57,0.52,8,4.4,96.4,88.1,0.0,0,7,12
512.43,1600,2,79,70,46,0,1,1,2,0,0,0,1,79.2,9,87.7,83.7,98.0,49.3,353.45,279.93,5334.54,0.38,4,6.7,72.4,68.0,0.0,0,2,11
1508.88,3981,2,72,53,26,0,3,3,3,0,0,0,1,55.2,20,41.5,82.7,48.2,40.2,41153.38,22716.67,235454.79,0.52,14,5.3,70.4,95.6,0.0,1,13,8
244.31,927,5,48,63,53,0,2,2,1,1,0,0,1,96.7,0,53.5,57.8,77.2,70.0,2869.72,2775.02,43045.76,0.41,17,7.0,88.2,85.3,89.9,0,14,12
470.93,1066,5,89,75,19,0,1,1,3,1,0,0,1,91.2,0,75.4,81.9,92.9,73.5,11286.84,10293.6,29293.95,0.52,5,7.2,55.5,62.6,85.6,0,7,9
617.09,1388,3,106,17,41,0,3,2,5,1,0,0,2,60.2,36,87.8,95.1,60.6,68.8,1590.78,957.65,25960.45,0.5,5,4.5,91.8,63.6,0.0,1,2,10
586.64,1650,5,135,34,25,0,5,1,3,1,0,0,1,98.7,0,68.5,90.6,98.3,74.3,8219.03,8112.18,21585.83,0.66,15,6.8,69.1,80.3,75.2,0,9,8
1796.1,5000,1,571,594,76,0,7,3,6,1,0,0,8,27.6,4,5.1,17.4,39.2,38.8,10049.26,2773.6,59173.09,0.71,9,2.2,38.8,30.3,0.0,1,3,13
56.96,132,2,92,78,5,0,6,2,0,1,1,3,2,66.2,1,78.2,69.4,91.2,73.0,2689.64,1780.54,38666.41,0.61,3,6.5,88.6,82.8,0.0,1,12,6
1292.2,1243,3,70,81,0,0,12,1,8,1,1,5,1,83.7,0,92.8,57.3,73.7,74.8,21030.57,17602.59,413549.23,0.6,16,4.3,72.6,70.9,0.0,0,0,14
1838.91,3967,3,982,96,48,0,7,5,4,0,1,4,4,22.4,14,36.4,48.5,27.1,35.0,7780.28,1742.78,30002.21,0.69,16,1.8,36.3,55.2,0.0,1,9,1
603.02,2148,3,106,15,53,0,5,1,3,0,1,9,0,72.6,11,53.4,71.7,84.1,48.2,26128.43,18969.24,143229.21,0.54,5,6.5,65.0,95.6,0.0,0,2,12
1706.78,2799,5,129,50,4,0,0,0,3,1,1,11,0,93.1,0,88.1,62.9,88.3,57.6,72674.96,67660.39,1211987.79,0.36,14,6.4,80.0,80.8,66.5,0,7,2
585.45,1121,3,688,223,296,0,8,3,3,0,0,0,3,60.9,8,24.6,61.1,30.8,37.0,16448.15,10016.92,156619.03,0.62,16,3.9,47.3,50.5,0.0,1,2,4
1799.11,2664,4,115,36,3,0,4,1,3,1,0,0,2,57.5,11,92.2,86.0,87.8,51.7,65524.13,37676.37,585991.08,0.39,15,5.7,97.8,75.1,100.0,0,12,12
1603.32,3778,3,78,47,20,0,8,2,1,1,0,0,2,64.2,12,92.1,92.6,99.9,56.0,77380.76,49678.45,741596.53,0.35,10,7.3,55.5,85.9,0.0,0,10,11
481.02,1734,4,154,85,36,0,5,0,5,1,0,0,0,70.3,22,78.6,97.9,77.6,75.8,4727.91,3323.72,67433.72,0.56,12,6.3,85.3,73.2,99.6,0,12,10
1596.97,5000,3,983,615,235,0,10,2,5,1,0,0,8,30.4,35,53.0,18.9,38.4,14.6,47006.77,14290.06,629860.61,0.6,22,2.4,15.0,47.7,0.0,1,1,4
1601.21,4307,0,361,654,241,0,2,3,3,0,0,0,3,39.3,7,52.7,20.0,47.0,28.7,58033.51,22807.17,943905.49,0.52,10,3.8,12.9,62.7,0.0,1,7,8
879.94,1096,4,42,33,24,0,6,5,5,0,0,0,2,61.1,2,51.7,92.4,99.1,79.7,37512.82,22920.33,83571.14,0.52,25,5.3,95.1,99.1,94.4,1,1,6
740.2,413,3,54,33,20,0,7,0,1,0,1,15,1,97.9,0,74.8,74.5,64.4,21.6,32721.21,32034.06,305306.37,0.44,4,4.8,78.6,88.3,0.0,1,12,11
1994.07,5000,2,97,89,54,0,4,3,7,1,0,0,0,52.3,11,45.9,99.7,91.2,37.6,9328.62,4878.87,64265.41,0.64,17,5.0,97.1,72.7,0.0,1,10,10
1879.77,5000,2,760,501,330,1,3,1,1,1,1,1,7,16.4,8,30.5,34.5,52.4,25.3,71985.18,11805.57,700363.98,0.75,18,1.3,23.3,34.1,0.0,1,13,13
1449.22,4757,2,234,341,87,1,4,2,1,1,1,8,6,36.7,28,11.7,45.2,12.0,27.9,71029.54,26067.84,859521.01,0.52,4,1.9,26.0,31.4,0.0,1,5,3
1394.06,4713,0,730,496,94,0,9,4,5,1,1,7,0,92.7,0,47.0,58.6,43.2,28.4,11996.73,11120.97,42129.37,0.53,5,4.9,30.1,22.6,0.0,1,11,6
874.91,3261,0,313,319,280,0,3,2,3,1,1,6,1,51.1,32,50.2,59.6,32.1,20.4,41057.25,20980.25,694608.77,0.62,16,4.4,34.5,20.7,0.0,1,11,6
1801.0,5000,3,1158,178,312,0,2,4,8,0,1,11,2,95.5,0,49.3,23.3,34.1,3.8,5947.89,5680.23,94739.46,0.46,6,4.0,17.1,20.7,0.0,1,6,7
561.91,1343,5,375,240,263,0,5,2,5,0,0,0,2,57.1,19,46.8,77.0,46.6,57.0,23354.24,13335.27,253708.1,0.65,25,4.3,52.0,66.8,65.8,0,10,8
1187.03,4512,2,20,86,17,0,1,1,4,0,0,0,1,86.9,0,87.7,81.1,51.4,50.0,21497.58,18681.4,219428.68,0.62,4,5.5,71.4,67.5,0.0,1,11,4
424.07,1119,3,92,74,7,0,6,0,4,1,0,0,0,63.8,15,59.6,83.1,51.4,68.1,12238.32,7808.05,36462.97,0.34,12,7.0,76.6,82.3,0.0,0,6,9
1391.71,3805,2,124,88,15,0,5,3,2,0,0,0,1,63.2,24,44.3,78.5,82.5,52.5,56848.22,35928.08,485533.67,0.64,17,6.4,94.5,70.1,0.0,1,14,8
420.35,427,5,140,3,56,0,8,2,7,1,0,0,2,91.7,0,45.9,63.1,92.3,55.8,15879.66,14561.65,221781.07,0.38,17,4.4,66.4,72.5,82.1,0,2,11
974.55,1932,3,185,557,75,0,6,3,7,0,0,0,8,59.7,20,34.6,45.0,22.6,17.4,34929.47,20852.89,294800.22,0.68,6,2.5,58.5,34.3,0.0,1,4,4
1413.34,4807,2,122,69,30,0,0,3,5,1,0,0,1,93.1,0,79.2,91.0,66.4,22.2,42786.16,39833.91,182096.77,0.41,7,5.5,96.0,61.5,0.0,1,3,2
1719.91,964,4,90,28,43,0,4,3,5,1,0,0,0,72.4,6,69.5,69.4,51.3,54.1,52621.39,38097.89,948877.22,0.52,6,7.9,91.8,63.5,67.8,0,8,9
1344.37,896,2,61,58,10,0,4,1,2,1,0,0,1,83.2,0,61.3,62.6,52.3,36.3,16647.05,13850.35,67016.86,0.33,16,6.3,97.1,69.4,0.0,0,9,11
799.45,1974,4,120,16,60,0,6,3,1,0,0,0,0,65.9,34,53.8,78.5,88.3,79.4,930.12,612.95,5050.58,0.35,10,5.8,83.9,70.9,89.2,0,14,2
465.35,647,2,702,374,396,1,9,4,2,1,0,0,6,35.4,34,47.8,16.1,44.3,32.8,6606.85,2338.82,107394.26,0.3,6,1.6,21.9,21.1,0.0,1,7,2
1958.51,5000,2,107,47,5,0,0,3,4,1,0,0,0,65.3,1,75.9,80.0,89.2,68.2,65583.96,42826.33,1276798.92,0.39,3,6.4,82.5,71.1,0.0,1,6,2
754.21,2523,3,175,77,7,0,5,2,2,0,0,0,0,89.3,0,80.1,98.8,67.4,77.0,35327.53,31547.48,278989.53,0.5,8,4.5,81.2,80.1,0.0,1,7,12
1179.26,1291,5,170,19,19,0,2,0,2,0,0,0,2,97.1,0,66.4,76.3,58.1,54.2,7036.23,6832.18,134687.22,0.47,21,6.7,97.8,80.3,85.2,0,5,11
650.06,529,3,1076,358,205,0,11,4,6,0,1,8,1,12.6,25,33.3,15.2,47.1,22.1,27488.29,3463.52,172435.44,0.67,6,2.3,33.4,56.3,0.0,1,6,8
1294.38,4614,2,15,3,11,0,1,3,3,1,1,3,0,95.5,0,72.6,56.0,94.0,60.0,31181.63,29778.46,224063.49,0.34,12,5.3,95.2,87.6,0.0,0,10,2
1509.24,2836,0,753,305,388,0,4,5,1,1,1,3,2,65.2,3,24.4,34.1,43.3,24.5,66214.11,43171.6,353394.64,0.61,19,3.8,13.6,25.8,0.0,0,3,13
1597.47,5000,4,42,11,39,0,3,1,4,1,0,0,1,77.9,12,44.6,88.5,99.4,50.1,5204.44,4054.26,60992.34,0.51,20,4.4,70.7,70.2,84.7,1,12,8
1312.97,707,2,1200,140,351,1,9,4,7,1,0,0,4,60.9,5,41.0,20.5,19.1,23.6,53289.57,32453.35,730807.83,0.37,5,3.5,22.0,60.4,0.0,1,1,7
531.18,1139,0,211,554,360,0,7,5,4,1,0,0,6,22.5,27,51.8,29.3,39.0,32.5,12088.99,2720.02,101633.79,0.39,17,2.0,13.9,57.5,0.0,1,2,3
1130.32,3950,2,486,284,351,1,4,2,7,0,0,0,8,40.7,3,52.6,63.5,11.7,5.0,14561.12,5926.38,46291.9,0.75,12,4.0,54.8,40.5,0.0,1,10,4
1757.39,2976,2,411,571,264,1,5,5,7,0,0,0,3,29.9,9,12.8,20.7,31.9,31.6,36168.54,10814.39,456795.82,0.48,12,2.3,20.5,34.2,0.0,1,4,5
277.77,869,1,103,698,165,0,8,2,5,0,0,0,7,19.3,16,57.4,25.8,40.8,18.8,3089.45,596.26,30679.98,0.7,32,1.7,52.8,47.6,0.0,1,8,1
115.54,399,0,1178,501,215,0,6,2,7,1,1,14,2,31.2,31,52.4,56.4,10.2,9.3,1161.35,362.34,10894.61,0.64,19,2.4,45.2,52.2,0.0,1,4,8
1535.18,2051,3,1152,251,277,0,10,1,8,0,0,0,3,68.5,27,29.1,15.7,17.4,13.1,45599.13,31235.4,511032.11,0.53,14,3.0,11.3,43.2,0.0,1,10,0
62.71,159,1,822,198,66,0,5,2,2,0,0,0,7,65.7,32,41.0,49.4,49.3,8.5,1977.96,1299.52,9233.66,0.44,20,3.2,10.1,33.6,0.0,1,7,0
342.88,681,2,196,150,225,1,7,3,7,1,0,0,4,51.8,10,36.2,63.6,33.2,3.4,2295.04,1188.83,16368.33,0.73,24,3.0,29.5,35.4,0.0,0,4,4
800.53,2034,2,982,225,61,1,4,4,3,0,1,13,0,60.6,19,35.4,25.3,35.0,37.2,9040.27,5478.4,68477.09,0.32,13,1.4,55.7,29.2,0.0,1,4,5
551.48,720,4,71,25,44,0,1,0,3,1,0,0,0,68.0,17,96.8,80.6,98.3,50.2,25297.35,17202.2,361692.1,0.71,10,5.9,61.4,91.9,89.3,1,2,14
1819.74,1691,3,80,33,15,0,0,1,2,1,0,0,1,90.1,0,94.5,63.4,66.9,24.7,7748.01,6980.96,30258.18,0.69,16,6.9,65.8,97.9,0.0,0,12,1
815.46,2388,0,481,208,349,0,12,2,7,1,1,9,5,53.5,29,52.4,37.0,39.2,0.1,17910.95,9582.36,249461.74,0.68,25,2.6,43.6,46.5,0.0,1,13,8
577.89,1030,2,492,336,172,1,12,2,7,1,0,0,3,51.8,27,44.5,47.1,37.9,34.0,15552.0,8055.94,162339.19,0.49,5,1.5,12.8,49.5,0.0,1,3,10
582.07,1971,3,180,281,349,0,4,3,4,0,1,7,0,63.8,2,33.9,21.8,50.9,25.6,17649.85,11260.6,293110.29,0.62,24,2.6,25.8,36.3,0.0,1,9,4
1593.34,4825,2,628,301,138,1,10,5,6,1,1,7,4,21.5,18,23.4,16.0,40.6,32.2,8697.19,1869.9,37704.55,0.64,8,2.5,17.5,26.1,0.0,1,8,10
238.52,481,1,267,606,70,0,11,1,6,1,1,5,3,60.6,35,3.0,41.8,45.2,4.6,634.68,384.62,4894.35,0.76,8,1.3,47.8,61.0,0.0,1,1,13
1160.58,1446,1,363,140,376,0,9,2,2,1,1,11,4,48.6,24,18.1,26.9,24.5,10.9,45729.77,22224.67,909425.48,0.68,18,3.4,14.2,35.6,0.0,1,11,14
1943.69,4157,3,714,401,237,0,3,4,8,1,0,0,2,56.5,24,48.5,21.7,44.9,15.9,15218.07,8598.21,122827.92,0.59,20,1.6,26.5,26.2,0.0,1,8,4
1339.8,3941,5,173,51,22,0,5,0,1,1,0,0,2,66.3,5,69.9,58.6,66.7,71.7,38168.29,25305.58,149522.16,0.43,20,6.8,94.5,83.7,75.6,1,7,3
1530.3,4759,1,575,218,359,0,3,3,4,0,0,0,4,20.0,28,33.6,22.2,47.7,39.9,5422.91,1084.58,85578.66,0.5,4,1.6,22.7,36.7,0.0,1,7,5
295.28,482,2,98,8,24,0,10,1,5,1,0,0,2,62.7,19,59.5,65.4,68.6,76.5,7428.17,4657.46,56013.89,0.34,11,5.1,87.6,99.3,0.0,1,11,11
54.63,37,5,77,25,40,0,0,3,3,1,0,0,2,52.6,6,99.5,86.8,92.2,91.4,414.77,218.17,5219.69,0.51,18,7.0,66.7,98.9,68.6,1,14,0
969.92,3233,5,43,4,48,0,0,3,5,1,0,0,0,86.5,0,71.7,73.2,75.7,88.0,43420.25,37558.52,792524.48,0.45,22,7.4,73.0,87.3,82.3,0,13,12
1386.38,3953,4,60,40,31,0,11,5,1,1,0,0,1,57.3,22,90.3,62.1,94.5,92.0,53112.26,30433.32,918530.79,0.4,2,5.4,59.9,79.5,32.8,1,13,9
212.05,331,5,34,0,57,0,3,1,0,1,0,0,0,75.6,9,66.6,77.2,76.6,53.7,9566.23,7232.07,97486.88,0.65,12,6.5,55.0,88.1,75.1,1,10,10
1844.36,5000,3,57,33,58,0,3,0,1,1,0,0,2,78.1,6,55.8,80.1,56.2,64.0,23798.32,18586.49,271034.93,0.68,17,5.3,84.6,70.2,0.0,1,13,4
802.48,1023,0,1113,286,75,0,5,1,8,0,0,0,4,14.7,22,2.9,30.0,29.7,27.6,2597.97,381.9,15525.35,0.52,16,2.0,57.2,25.2,0.0,1,13,12
749.24,1207,4,27,71,58,0,0,3,3,1,0,0,1,81.7,0,99.6,96.1,69.5,72.1,2420.78,1977.78,40324.82,0.48,4,7.0,78.2,86.9,64.6,1,3,10
1492.14,3110,4,27,32,41,0,2,0,5,1,0,0,0,57.6,22,53.0,82.0,54.2,84.6,10807.12,6224.9,202857.26,0.45,12,7.4,56.3,76.5,71.1,0,12,2
1996.86,5000,4,162,46,19,0,2,1,0,1,0,0,2,95.8,0,56.8,62.6,45.1,80.1,31484.3,30161.96,145204.75,0.67,30,6.4,68.5,91.0,88.6,1,12,4
828.12,1780,3,776,533,312,0,4,5,2,1,1,5,3,24.2,29,24.3,44.8,13.3,18.3,31769.37,7688.19,311095.71,0.59,27,2.3,27.9,58.9,0.0,1,12,6
920.31,933,4,45,46,52,0,0,0,5,1,0,0,0,86.6,0,64.0,68.6,96.0,88.4,25252.92,21869.03,477020.94,0.49,16,6.5,59.8,85.0,64.1,1,13,8
334.66,725,2,154,84,49,0,7,2,4,1,1,9,2,60.4,4,71.7,68.9,61.0,54.9,3427.16,2070.0,46894.93,0.41,13,4.7,64.0,69.9,0.0,1,5,3
955.7,3208,2,878,115,94,1,11,2,3,0,1,6,6,13.2,1,32.1,36.9,31.5,11.7,32948.61,4349.22,540597.74,0.6,22,2.6,58.3,28.7,0.0,1,14,4
485.08,802,1,1098,337,161,0,2,3,5,1,1,10,2,63.8,10,98.0,55.7,41.7,35.9,15024.08,9585.36,159804.72,0.47,13,3.0,43.6,49.2,0.0,1,8,10
867.39,1444,1,955,482,209,0,8,5,8,1,0,0,2,33.2,32,38.8,36.7,50.9,16.1,17306.67,5745.81,280508.36,0.67,16,3.0,55.7,61.1,0.0,1,7,1
461.64,795,2,14,36,22,0,7,2,3,1,0,0,2,78.0,2,51.5,96.1,98.1,50.0,12911.17,10070.71,213706.83,0.41,18,6.0,72.9,82.7,0.0,1,10,7
1900.54,3234,2,18,40,33,0,4,0,2,1,1,4,2,81.7,0,81.6,81.9,57.6,70.7,70260.96,57403.2,391496.56,0.43,9,6.1,97.3,98.9,0.0,0,2,12
1814.66,3267,4,170,68,10,0,4,2,2,1,0,0,1,98.7,0,54.0,65.4,90.8,54.2,26110.64,25771.2,81936.12,0.64,19,4.4,80.3,63.3,34.1,0,4,8
343.26,938,0,658,525,323,0,6,1,1,0,1,2,6,38.2,1,16.5,29.5,19.7,2.7,13308.94,5084.02,172262.73,0.72,16,2.4,13.1,50.9,0.0,1,5,14
1802.35,5000,4,72,37,26,0,3,1,4,1,0,0,2,92.7,0,80.6,74.2,85.5,86.9,44043.31,40828.15,394225.67,0.45,19,7.4,93.4,82.8,95.4,0,12,0
1968.48,2657,1,1070,119,303,0,9,2,8,0,0,0,3,66.0,3,0.2,60.6,22.4,10.0,73762.79,48683.44,1405106.32,0.51,22,2.1,38.8,50.8,0.0,1,13,8
1241.66,1513,2,24,47,7,0,1,0,4,1,0,0,0,99.1,0,94.1,78.9,52.0,75.2,46105.14,45690.19,487153.08,0.72,13,7.0,98.0,67.5,0.0,0,8,4
90.51,55,4,84,89,54,0,5,0,1,1,0,0,0,73.4,1,84.6,62.1,54.8,76.0,3676.09,2698.25,56010.04,0.32,9,7.1,67.2,80.9,76.8,0,10,5
338.85,891,4,78,44,18,0,3,1,0,1,0,0,1,95.9,0,76.4,57.9,45.1,78.0,2941.92,2821.3,52940.58,0.56,7,7.0,56.8,73.6,70.1,0,2,3
1091.8,2331,2,140,174,112,0,2,2,6,1,0,0,1,53.8,13,40.9,21.8,13.9,6.0,36669.3,19728.08,500402.12,0.64,16,3.1,30.0,44.4,0.0,1,3,14
306.97,611,2,174,46,43,0,7,5,2,0,0,0,0,74.2,10,40.6,98.9,86.7,27.9,2948.38,2187.7,10243.71,0.34,16,4.9,68.1,63.2,0.0,1,1,5
727.06,2583,2,167,24,12,0,8,0,5,1,0,0,1,75.0,17,82.9,64.4,92.5,25.8,32698.73,24524.05,551138.65,0.52,26,7.2,80.9,74.6,0.0,0,8,0
1581.87,5000,2,380,536,292,1,3,1,7,1,1,14,6,37.5,3,45.8,17.8,26.1,16.9,17209.64,6453.61,287282.86,0.44,18,1.4,58.9,46.3,0.0,1,5,2
776.67,850,5,77,79,43,0,8,2,0,1,1,10,2,66.0,31,92.6,66.5,72.3,83.5,9208.72,6077.76,22436.54,0.36,16,6.8,90.3,96.5,45.0,0,10,9
1088.12,1820,3,1147,264,327,0,7,2,3,1,0,0,1,24.0,4,14.3,21.4,45.2,31.2,43995.68,10558.96,200726.44,0.52,7,3.5,14.1,63.8,0.0,1,2,0
898.84,1561,4,163,80,10,0,8,1,3,0,1,7,1,71.0,3,97.4,68.1,51.7,89.2,40046.56,28433.06,363265.68,0.64,30,5.5,74.4,91.5,31.6,1,6,14
136.5,373,1,1039,539,350,0,2,5,8,0,0,0,1,60.6,26,47.6,60.8,12.7,8.5,3591.29,2176.32,53896.52,0.47,9,3.4,53.9,25.5,0.0,1,3,10
930.71,519,3,52,45,41,0,0,2,2,0,1,8,0,81.5,0,97.4,93.7,97.1,67.0,32342.99,26359.54,497154.72,0.56,11,4.5,58.3,78.9,0.0,0,8,0
679.72,1038,5,129,32,27,0,7,0,1,1,1,9,2,87.3,0,71.4,72.5,54.7,82.2,2563.6,2238.02,31961.19,0.42,15,6.8,65.2,66.8,81.6,0,6,3
1907.66,5000,2,10,47,50,0,7,1,4,1,1,1,1,96.7,0,85.1,64.4,49.3,56.8,80088.82,77445.89,1568356.92,0.55,6,5.0,62.2,72.1,0.0,1,11,6
1838.31,1495,3,798,429,221,0,9,5,2,0,1,6,2,57.2,23,3.6,44.5,31.1,4.0,36345.19,20789.45,292207.72,0.63,11,1.8,42.3,40.2,0.0,1,0,6
717.41,2192,3,166,80,33,0,8,0,3,1,0,0,0,89.5,0,65.9,79.9,61.9,54.8,14014.95,12543.38,91782.4,0.45,3,5.5,70.3,98.9,0.0,1,10,5
1932.21,5000,1,992,655,229,0,11,3,1,1,0,0,6,49.3,19,42.7,35.6,15.9,34.1,88146.15,43456.05,1157388.96,0.55,22,3.0,15.3,35.0,0.0,1,10,8
1786.2,3399,4,936,645,285,0,2,1,5,1,0,0,0,72.6,15,47.2,94.1,45.7,64.7,19191.32,13932.9,154042.18,0.62,26,3.6,33.0,26.3,91.1,1,1,6
1328.13,3152,2,57,85,3,0,12,3,3,1,0,0,2,59.0,17,79.9,87.1,45.8,46.9,27939.78,16484.47,272523.68,0.55,2,5.9,86.1,95.4,0.0,1,1,12
471.08,749,4,161,46,4,0,4,1,0,1,0,0,0,54.0,28,51.3,67.6,53.1,88.8,1502.56,811.38,5717.92,0.59,6,5.6,81.7,96.2,52.1,0,11,10
810.98,2764,3,763,189,243,0,12,2,8,1,1,10,2,47.0,7,44.6,15.4,37.2,9.9,12534.97,5891.44,122087.88,0.54,8,1.3,46.6,52.9,0.0,1,5,14
1021.06,1162,0,445,215,184,0,8,1,1,1,0,0,0,56.1,18,58.1,53.3,36.2,24.9,12086.07,6780.29,127890.57,0.67,13,4.3,50.7,24.8,0.0,1,12,13
858.92,1102,4,19,61,16,0,8,3,4,1,0,0,0,95.6,0,64.0,71.7,81.5,99.7,24375.24,23302.73,103722.89,0.51,11,6.4,86.8,77.8,92.4,0,8,10
1673.61,5000,0,388,219,206,0,4,4,1,0,1,14,0,61.4,12,38.3,35.4,32.4,20.8,21837.25,13408.07,353976.55,0.5,8,3.5,23.8,58.9,0.0,1,2,10
712.74,487,1,1098,130,339,0,8,3,4,1,1,11,3,53.5,23,1.2,43.2,29.1,19.8,9269.22,4959.03,135630.81,0.42,21,1.8,54.8,48.2,0.0,1,6,11
1361.99,5000,2,47,16,14,0,2,0,0,0,0,0,2,65.8,12,59.8,78.1,66.0,49.7,51224.94,33706.01,398112.94,0.64,30,5.5,88.8,98.2,0.0,1,13,1
1972.88,4051,3,1173,551,171,0,5,3,5,0,1,9,8,68.2,35,39.6,36.1,16.2,34.8,2472.49,1686.24,46670.74,0.61,30,3.0,33.4,45.5,0.0,1,2,6
222.0,128,4,163,86,20,0,1,2,2,1,0,0,2,63.2,8,67.0,89.5,67.4,85.5,5476.18,3460.95,28010.04,0.55,19,6.6,98.6,91.2,64.7,0,14,12
454.84,807,1,323,198,162,0,5,4,7,1,0,0,3,44.5,35,49.3,37.3,25.0,8.1,11397.34,5071.82,86207.31,0.35,2,3.5,28.3,28.2,0.0,1,9,7
1187.36,1887,3,621,466,74,0,4,1,7,0,0,0,8,39.4,32,11.9,17.1,24.7,28.7,53517.42,21085.86,342802.49,0.75,33,2.2,29.2,67.2,0.0,0,10,13
1623.37,3328,1,707,460,58,0,10,1,1,0,0,0,6,20.1,3,15.1,50.3,47.5,13.6,22995.0,4621.99,156722.76,0.68,16,2.1,18.8,60.2,0.0,1,10,14
1345.94,4470,2,52,56,19,0,1,2,3,1,0,0,1,66.9,10,66.3,98.4,66.2,38.7,51628.75,34539.63,532017.86,0.64,19,7.6,87.6,87.7,0.0,1,8,1
649.71,1971,3,172,31,51,0,3,1,6,1,1,1,0,77.6,29,78.7,67.5,60.5,20.9,20037.45,15549.06,304613.25,0.62,6,4.9,76.5,61.6,0.0,1,8,6
314.29,719,4,574,513,193,0,6,5,4,0,0,0,1,58.4,22,78.6,90.0,45.1,72.3,963.2,562.51,8140.37,0.38,9,4.6,47.1,44.0,59.4,0,14,11
1621.08,4877,2,986,170,34,1,9,3,8,1,1,9,3,69.3,9,32.2,64.4,27.6,5.9,62452.82,43279.8,662081.48,0.64,27,4.1,49.4,32.2,0.0,1,10,1
833.31,3041,0,819,586,289,0,5,4,7,1,1,14,1,10.2,8,14.9,40.2,30.2,6.5,3153.54,321.66,54801.09,0.78,28,2.2,26.9,41.7,0.0,1,6,1
914.4,839,3,923,164,356,0,2,1,2,0,1,6,1,55.2,34,14.7,39.4,28.2,31.8,27529.8,15196.45,167826.52,0.34,3,3.5,47.5,32.6,0.0,0,14,11
1644.36,1397,3,15,72,43,0,0,0,3,1,0,0,0,96.4,0,45.9,81.3,46.2,50.6,29194.73,28143.72,515033.21,0.51,18,4.8,80.5,68.1,0.0,1,4,9
1313.51,4267,2,1053,488,249,1,12,5,6,0,1,14,0,61.1,20,22.9,53.2,31.2,34.9,12133.82,7413.76,43247.69,0.3,4,3.1,41.8,38.0,0.0,1,7,2
1431.28,2610,0,229,295,363,0,5,4,7,1,1,9,2,99.5,0,42.7,16.2,41.7,13.7,29260.79,29114.49,370107.51,0.31,12,3.8,36.1,25.3,0.0,0,14,11
1603.24,3339,2,93,56,44,0,1,0,5,1,0,0,2,64.9,14,79.2,94.6,77.7,40.2,40791.28,26473.54,687295.67,0.57,27,5.0,67.6,73.9,0.0,1,10,0
651.53,563,1,335,421,338,0,3,5,5,1,0,0,6,16.2,33,45.2,38.3,39.7,28.4,8691.73,1408.06,133938.26,0.78,15,1.5,47.8,37.1,0.0,1,11,1
1490.24,2564,5,76,65,56,0,2,3,3,1,0,0,1,78.7,10,78.3,96.4,59.9,71.0,70440.77,55436.89,731226.42,0.47,4,7.0,67.8,89.6,79.4,1,14,5
76.7,226,3,467,227,348,0,2,3,4,1,0,0,8,33.7,21,42.3,17.7,30.7,13.7,3762.24,1267.87,55305.62,0.8,16,2.8,59.7,24.9,0.0,1,8,1
430.84,987,3,941,384,206,0,8,1,2,1,0,0,4,14.2,15,31.7,43.8,21.1,35.5,9458.48,1343.1,26796.76,0.72,30,1.9,40.5,61.8,0.0,1,3,1
1444.31,4458,0,1133,178,357,0,12,2,8,1,1,15,0,77.3,23,41.8,56.7,32.4,22.6,40834.53,31565.09,682922.8,0.46,15,3.8,35.2,34.1,0.0,1,10,3
105.55,241,4,136,87,30,0,3,1,3,1,0,0,0,91.4,0,75.3,76.3,77.2,77.7,4187.74,3827.59,45533.45,0.45,17,5.7,94.1,97.1,71.3,0,13,2
705.05,1132,2,35,18,59,0,5,0,2,1,0,0,1,79.3,2,61.5,76.9,47.2,46.7,10744.36,8520.28,184578.03,0.38,6,7.5,88.1,74.9,0.0,0,11,9
92.38,70,4,173,47,58,0,3,5,1,1,0,0,2,63.5,28,80.5,58.5,72.9,80.4,3825.14,2428.96,31651.56,0.56,18,4.8,85.3,79.7,65.1,1,11,10
1898.77,4251,1,703,663,348,0,2,5,6,0,1,7,8,41.5,10,4.4,36.1,50.1,31.7,89899.07,37308.11,763910.97,0.71,26,3.2,47.2,57.5,0.0,1,2,13
307.78,674,4,63,13,9,0,1,1,4,0,0,0,0,77.9,7,40.3,82.1,55.2,64.4,14300.88,11140.39,182760.01,0.42,4,6.2,97.0,84.0,33.6,1,2,11
1731.83,5000,2,89,3,59,0,5,1,7,0,0,0,2,59.4,5,81.2,59.3,57.7,53.9,84009.78,49901.81,936408.04,0.45,17,5.3,91.2,64.2,0.0,1,6,2
382.62,919,3,266,632,172,0,8,2,3,1,0,0,2,58.8,33,38.9,33.9,46.6,7.0,2686.52,1579.67,40668.52,0.49,20,3.8,53.9,57.0,0.0,1,4,10
201.09,801,2,426,534,323,1,9,3,1,0,0,0,8,12.8,28,40.8,64.4,17.7,38.5,7772.92,994.93,109620.11,0.74,8,3.5,59.1,69.2,0.0,0,7,4
872.05,777,3,569,390,166,0,5,1,7,1,0,0,6,27.3,4,34.4,33.2,10.8,13.2,21897.31,5977.97,187073.03,0.75,12,2.5,33.3,37.0,0.0,1,9,13
1258.76,4441,4,38,70,0,0,8,0,4,0,0,0,0,97.3,0,54.6,75.7,65.1,67.7,53767.14,52315.43,500030.16,0.74,28,5.6,69.4,72.7,83.4,0,2,4
898.6,2884,3,42,49,40,0,5,1,4,0,1,13,1,79.0,10,87.4,88.3,77.6,63.2,9371.34,7403.36,18768.09,0.65,11,4.9,80.7,92.9,0.0,0,11,4
144.83,233,2,92,13,9,0,2,3,1,1,0,0,0,68.4,23,91.4,89.6,71.3,29.0,424.38,290.28,1205.72,0.32,6,7.4,79.4,92.9,0.0,0,2,2
462.05,1348,2,114,4,55,0,6,2,0,1,0,0,0,69.6,12,46.4,57.5,83.7,48.2,7312.51,5089.51,30727.87,0.5,8,5.3,96.4,64.4,0.0,1,4,12
1494.24,5000,2,710,367,83,1,5,3,5,1,1,6,1,36.1,30,26.0,58.2,39.7,39.2,46393.95,16748.22,220547.18,0.5,23,2.8,26.6,53.8,0.0,1,3,6
639.76,1880,2,86,11,48,0,1,3,2,0,0,0,1,61.3,6,66.4,98.0,61.1,29.6,19925.56,12214.37,59286.52,0.45,2,7.1,55.5,65.2,0.0,1,2,11
1179.25,2174,3,455,425,97,0,9,5,4,0,1,8,2,68.6,24,28.1,19.3,53.1,16.5,12006.43,8236.41,90642.06,0.54,21,2.6,50.0,34.9,0.0,1,6,7
754.01,1999,3,1084,657,263,0,6,4,3,0,1,15,6,46.6,7,31.7,22.8,14.2,35.2,31648.6,14748.25,225724.46,0.75,18,2.9,47.2,65.7,0.0,1,4,1
1370.41,4178,4,100,76,29,0,5,3,0,0,0,0,2,66.0,15,69.5,92.9,85.7,80.1,60663.95,40038.21,394714.91,0.47,4,5.9,85.3,71.0,35.2,0,13,7
1562.64,5000,3,29,47,3,0,5,3,0,1,0,0,1,77.3,18,73.4,97.5,62.9,57.0,37907.29,29302.34,548341.37,0.76,22,6.3,85.5,75.8,0.0,1,0,13
278.84,545,2,784,420,169,1,4,5,4,1,1,13,1,44.4,30,25.8,21.9,33.9,14.7,10275.16,4562.17,28171.07,0.3,10,3.1,37.8,61.9,0.0,1,10,11
1984.15,2350,4,133,38,22,0,6,0,3,0,0,0,2,93.2,0,98.1,78.6,61.4,81.6,80392.75,74926.04,680517.57,0.5,12,6.3,62.2,79.0,84.4,1,9,6
604.18,964,5,128,69,1,0,5,5,8,1,0,0,0,57.9,26,69.5,60.4,80.7,80.5,24427.25,14143.38,139314.1,0.63,27,5.2,59.7,85.5,69.6,1,11,8
1133.9,3992,2,71,59,9,0,4,3,0,0,0,0,0,90.6,0,86.4,85.6,62.7,54.1,2284.49,2069.75,12937.22,0.61,24,5.4,74.9,68.1,0.0,1,7,14
114.63,119,0,555,256,159,0,7,1,1,1,1,3,0,65.3,10,85.1,56.9,35.9,8.7,2696.85,1761.04,52457.12,0.39,6,4.3,29.8,46.3,0.0,1,5,2
1522.7,4078,5,128,26,16,0,2,5,8,1,0,0,1,80.6,0,75.4,91.0,85.6,71.2,14822.94,11947.29,166288.01,0.61,24,4.4,90.9,69.2,90.3,1,10,14
1111.58,1651,3,32,25,4,0,1,0,5,1,0,0,2,84.5,0,68.1,80.1,49.4,23.7,29332.75,24786.17,521235.36,0.37,15,5.2,73.1,83.6,0.0,1,0,2
698.83,2168,2,132,60,26,0,8,0,0,1,0,0,1,86.2,0,46.7,61.7,46.6,69.8,16714.52,14407.92,35109.0,0.36,4,5.2,73.4,71.9,0.0,0,1,5
1556.91,2050,2,620,492,81,1,7,5,6,0,0,0,7,43.8,35,23.6,24.7,39.3,35.6,41681.69,18256.58,449722.81,0.44,2,3.1,27.6,53.1,0.0,1,4,7
1429.87,2073,1,117,680,221,0,6,1,7,1,1,11,2,55.7,25,12.6,21.9,12.5,18.9,16106.24,8971.18,192713.97,0.77,27,3.8,52.4,56.6,0.0,1,1,4
1310.53,3077,3,161,58,36,0,6,1,4,1,0,0,2,97.4,0,96.7,58.8,95.1,37.6,54660.1,53238.94,155635.15,0.66,33,5.0,88.3,73.9,0.0,0,14,14
1714.58,1968,5,16,36,17,0,1,1,3,1,0,0,1,61.9,29,74.6,95.5,52.3,73.0,14409.85,8919.7,125748.41,0.46,12,7.2,77.4,97.2,71.3,0,5,3
481.81,514,5,134,41,51,0,6,0,3,1,0,0,1,52.2,32,77.4,93.0,72.8,58.1,14180.38,7402.16,169635.58,0.48,8,7.2,89.1,93.4,97.0,1,14,9
764.26,2469,5,122,79,51,0,6,2,1,1,1,12,1,89.1,0,87.0,94.0,79.1,59.0,19389.86,17276.37,121504.92,0.39,17,5.0,63.2,68.2,43.0,1,2,9
1350.31,4113,0,236,490,110,0,7,3,2,0,0,0,1,48.2,20,9.2,58.2,49.0,36.8,16076.45,7748.85,227249.55,0.55,11,1.7,30.7,31.4,0.0,0,3,0
1987.35,3993,2,754,387,207,1,6,4,4,0,1,13,7,51.9,15,14.2,60.5,49.4,21.4,69227.45,35929.05,999352.9,0.79,7,2.0,59.3,61.8,0.0,1,1,1
812.12,1803,3,31,36,28,0,6,4,4,0,1,9,0,95.6,0,98.3,62.7,80.8,50.7,8542.65,8166.77,161232.32,0.61,13,5.7,68.1,69.4,0.0,1,3,13
1797.41,3932,3,92,87,53,0,5,2,4,1,0,0,2,84.7,0,48.9,86.7,59.6,27.2,55756.19,47225.49,226813.95,0.3,3,5.1,61.9,81.5,0.0,1,6,2
991.1,2287,5,106,63,22,0,6,2,5,1,0,0,0,69.3,3,94.1,98.8,83.7,59.9,38253.6,26509.74,143052.01,0.65,24,6.4,63.1,77.7,94.3,1,6,10
88.27,49,4,124,48,5,0,5,1,2,1,1,5,1,97.5,0,44.8,78.9,49.0,97.7,1495.03,1457.65,7852.76,0.46,8,6.0,92.2,61.8,68.5,0,10,12
1420.13,4981,3,106,4,49,0,1,3,4,0,0,0,0,93.4,0,80.3,65.9,85.3,42.4,64198.15,59961.07,426787.05,0.39,6,8.0,62.3,87.6,0.0,0,0,11
438.36,714,3,114,25,33,0,3,3,3,0,0,0,1,93.7,0,44.6,75.3,98.9,69.2,16847.66,15786.26,301007.37,0.42,20,5.9,77.8,98.2,0.0,1,4,7
1519.51,3795,1,623,636,73,0,12,4,2,1,1,1,8,14.2,19,31.4,53.3,27.6,24.0,54242.68,7702.46,598798.91,0.52,22,3.2,38.5,22.5,0.0,1,8,3
1232.21,3053,2,18,4,33,0,2,2,1,1,0,0,0,99.6,0,99.1,76.0,87.2,69.9,10752.22,10709.21,26911.18,0.56,11,6.7,90.1,74.0,0.0,1,11,14
300.7,402,2,53,22,16,0,4,2,0,1,0,0,2,89.6,0,58.3,94.9,56.9,35.4,8388.96,7516.51,90491.99,0.31,6,6.6,73.4,79.7,0.0,0,9,2
71.93,101,3,174,41,32,0,7,0,3,1,0,0,1,99.0,0,45.9,87.9,52.2,34.1,1487.76,1472.88,8654.18,0.74,5,5.8,88.0,68.6,0.0,0,14,4
740.08,644,5,67,52,48,0,3,1,2,1,0,0,0,52.5,3,79.1,75.9,82.6,66.4,36587.35,19208.36,703072.1,0.47,18,6.8,80.3,88.3,75.1,0,12,7
1282.88,2683,2,988,98,143,1,8,2,3,0,1,1,0,93.9,0,76.5,75.0,49.0,11.3,48365.12,45414.85,106372.83,0.71,12,4.3,55.2,36.6,0.0,1,9,4
471.51,357,0,801,301,172,0,4,3,4,1,0,0,1,73.8,34,43.1,24.8,16.6,20.1,15030.59,11092.58,230036.35,0.35,8,2.9,37.8,60.6,0.0,1,2,9
701.11,610,3,141,58,57,0,3,0,4,0,0,0,0,89.4,0,54.7,75.6,66.0,77.4,31911.91,28529.25,254266.05,0.62,17,6.9,90.7,87.1,0.0,0,10,6
1996.64,2679,5,117,67,29,0,9,2,5,1,1,1,1,76.4,26,50.0,77.3,47.1,53.2,87745.58,67037.62,624181.64,0.43,6,4.3,60.5,64.7,91.6,0,12,9
1951.85,4494,3,69,71,22,0,5,2,0,0,0,0,0,89.5,0,63.5,82.5,84.3,54.0,24650.04,22061.79,299472.97,0.58,8,7.0,80.1,84.5,0.0,1,4,0
250.7,892,0,666,344,230,0,7,4,5,1,0,0,2,57.4,4,55.9,16.2,23.1,6.8,1832.47,1051.84,17628.54,0.74,33,3.1,15.5,21.3,0.0,1,0,13
1553.05,2419,3,14,32,13,0,7,1,5,1,0,0,1,62.9,5,88.3,82.0,94.3,52.1,41476.49,26088.71,114745.56,0.46,2,6.7,66.4,99.9,0.0,1,8,0
1844.23,3707,0,897,372,83,0,7,1,3,0,1,12,1,14.8,5,32.4,34.8,31.0,14.4,66382.6,9824.62,676846.83,0.52,20,3.2,36.6,68.5,0.0,1,10,0
231.09,707,2,676,581,353,1,8,2,4,0,1,8,1,72.1,36,18.9,45.1,31.0,30.8,3874.88,2793.79,11038.6,0.66,31,2.3,33.9,41.3,0.0,1,0,4
1114.28,3966,4,127,4,2,0,8,3,3,1,0,0,2,93.2,0,68.5,72.9,90.5,81.1,54724.59,51003.32,337153.17,0.34,14,4.6,55.2,63.3,41.5,1,2,5
47.95,110,5,166,1,8,0,5,0,2,1,0,0,0,54.9,36,50.9,70.9,84.2,59.0,632.82,347.42,8216.55,0.49,9,6.5,74.0,76.1,93.4,0,11,12
1039.97,2640,4,161,56,3,0,6,2,2,1,1,13,1,65.7,30,60.4,92.3,74.3,83.1,48932.02,32148.34,176374.27,0.52,18,5.6,66.0,85.7,80.7,1,4,12
435.71,398,4,11,17,10,0,4,5,6,1,0,0,0,66.6,29,83.9,74.8,88.2,53.4,17715.89,11798.78,47752.3,0.77,10,4.1,65.4,80.4,69.4,1,1,1
1884.1,5000,0,424,544,173,0,12,5,5,0,1,4,2,88.9,0,42.4,43.7,39.8,2.2,69494.46,61780.57,1042490.66,0.76,3,2.9,46.7,47.3,0.0,1,9,4
1130.65,2058,2,165,53,48,0,2,1,3,0,0,0,2,53.7,23,76.6,86.5,76.4,71.3,21529.55,11561.37,48320.58,0.36,8,7.0,97.8,86.9,0.0,1,8,9
1656.64,5000,2,63,24,56,0,6,4,6,1,0,0,0,97.6,0,47.7,72.1,90.9,35.6,48453.56,47290.67,115639.73,0.54,18,5.2,91.4,84.4,0.0,0,7,8
1740.06,5000,2,57,71,42,0,4,3,0,1,0,0,2,54.6,8,86.2,90.5,94.0,27.4,34950.69,19083.08,690868.53,0.42,14,6.8,61.5,77.9,0.0,1,2,12
1145.18,870,4,146,42,31,0,1,2,4,1,1,10,0,98.7,0,62.0,76.2,61.1,54.5,45014.79,44429.6,563110.6,0.38,13,6.5,67.0,76.8,78.9,1,11,9
311.08,524,2,84,88,3,0,4,0,3,0,0,0,2,75.5,28,74.3,87.9,77.2,79.5,3845.49,2903.34,9073.09,0.36,10,5.6,58.6,73.8,0.0,0,3,9
1800.09,5000,4,508,170,131,0,10,2,6,1,1,10,2,55.1,20,76.7,80.7,49.3,96.7,68592.66,37794.56,821280.19,0.43,7,3.7,53.9,50.4,54.1,0,5,2
1559.4,1569,2,416,205,228,1,11,2,8,1,1,5,6,48.4,22,30.0,59.0,32.7,24.5,47491.63,22985.95,614386.88,0.78,24,2.1,31.3,47.0,0.0,1,14,13
18.33,48,3,69,77,21,0,1,1,1,0,0,0,1,88.7,0,42.5,70.1,91.2,45.4,376.97,334.37,6482.19,0.53,18,7.2,88.3,74.0,0.0,1,10,3
1157.69,2922,1,874,172,344,0,11,3,5,0,0,0,2,51.8,16,38.2,24.1,30.8,18.9,4497.71,2329.81,77143.84,0.56,21,1.8,45.6,59.7,0.0,1,4,10
418.53,1346,2,30,0,48,0,8,0,2,1,0,0,1,79.0,22,95.2,98.8,54.7,35.1,3079.59,2432.88,34209.6,0.65,4,5.7,90.0,66.3,0.0,1,2,6
469.18,1783,3,30,17,45,0,4,2,1,0,0,0,1,78.0,2,63.5,77.3,95.3,64.2,3404.29,2655.35,51732.35,0.58,24,6.8,67.8,89.9,0.0,1,10,4
238.96,435,0,154,163,360,0,11,2,7,0,1,9,7,38.0,35,47.1,61.7,52.9,16.9,621.18,236.05,7001.61,0.67,14,3.3,40.4,65.5,0.0,1,13,13
1213.05,1438,5,39,89,3,0,6,0,3,1,0,0,1,92.9,0,62.4,63.5,74.4,63.3,16343.89,15183.47,277232.26,0.56,24,6.7,69.4,96.5,65.0,1,11,10
1830.29,3118,2,1136,664,195,1,10,3,4,1,1,8,0,32.1,2,8.3,22.4,27.9,3.4,6286.97,2018.12,78055.74,0.53,12,2.3,20.1,61.7,0.0,1,2,12
556.95,395,3,167,65,382,0,8,4,2,1,1,9,6,47.5,4,14.2,54.3,42.9,26.5,15194.09,7217.19,205369.2,0.59,6,1.9,52.3,21.6,0.0,1,3,6
1113.98,2121,2,748,378,58,1,9,4,4,1,1,4,8,11.7,33,13.9,61.0,12.5,14.2,45211.49,5289.74,818654.48,0.69,18,3.0,10.8,69.8,0.0,0,2,1
1709.48,5000,3,594,509,119,0,5,2,4,0,1,5,1,78.1,33,40.6,47.7,21.2,13.4,70018.89,54684.75,1266129.37,0.4,9,2.8,22.5,60.6,0.0,1,3,2
696.51,2752,5,123,36,27,0,2,1,5,1,0,0,0,99.7,0,60.9,64.4,81.1,95.2,25995.99,25918.0,208842.45,0.43,6,6.8,57.0,68.8,93.0,0,0,2
605.25,1375,4,142,45,50,0,0,2,1,1,0,0,1,97.0,0,52.4,57.1,81.8,85.6,3095.77,3002.9,60026.79,0.38,8,4.5,74.6,70.5,59.7,1,1,7
84.45,185,2,315,563,129,1,10,2,2,0,0,0,2,65.4,23,42.7,60.4,52.4,28.7,314.19,205.48,5507.38,0.69,13,2.5,22.2,21.5,0.0,1,10,1
684.29,1167,5,141,63,20,0,3,2,0,1,0,0,2,63.5,27,81.2,95.1,94.0,77.3,10992.56,6980.28,157470.44,0.57,5,5.9,61.6,94.8,68.2,1,8,14
83.73,56,2,87,42,56,0,1,3,1,0,0,0,0,57.9,31,87.5,93.9,67.7,29.8,2949.07,1707.51,42964.73,0.42,12,6.3,58.9,73.1,0.0,0,5,3
1184.76,734,2,762,457,310,1,10,3,1,1,0,0,6,16.7,14,14.7,54.6,28.4,16.8,27444.64,4583.25,171169.41,0.52,16,1.8,42.3,46.5,0.0,0,5,9
1907.29,1042,2,12,13,60,0,3,2,3,1,0,0,2,51.4,9,77.0,58.7,81.5,42.0,40325.83,20727.48,463672.87,0.38,5,7.0,86.2,72.3,0.0,1,7,2
1595.25,4077,3,170,17,13,0,5,3,5,1,0,0,1,77.1,5,56.4,97.2,80.9,69.5,29144.18,22470.16,511835.2,0.33,7,6.6,63.3,62.8,0.0,0,6,11
761.35,2146,3,124,81,19,0,2,2,0,0,1,5,2,74.7,6,93.4,61.3,70.4,25.1,31395.31,23452.3,483748.16,0.41,16,5.5,91.1,96.1,0.0,1,14,9
372.94,864,3,1187,458,134,0,7,4,4,0,0,0,4,13.0,11,30.6,33.7,47.8,4.0,5827.8,757.61,90151.9,0.73,29,2.9,39.0,56.5,0.0,1,13,1
548.69,1266,2,17,84,31,0,5,2,1,1,0,0,2,63.5,19,45.4,81.4,80.7,63.6,16364.31,10391.34,54351.7,0.36,16,6.1,73.9,81.0,0.0,0,8,11
1456.36,1512,2,760,406,328,1,5,1,4,1,0,0,8,35.2,2,32.0,41.3,47.5,29.6,65620.13,23098.29,961408.81,0.51,11,1.7,39.4,65.3,0.0,1,12,3
1614.84,1563,0,873,105,167,0,5,2,2,1,1,12,6,48.8,1,50.9,61.0,28.0,7.2,60380.6,29465.73,943456.94,0.37,2,3.9,43.0,27.5,0.0,1,4,5
1370.65,4733,3,874,114,275,0,6,1,6,0,1,7,3,31.5,16,2.1,48.5,40.7,0.3,34631.71,10908.99,582603.05,0.7,4,1.8,45.4,38.4,0.0,0,3,4
724.14,380,0,760,705,197,0,2,2,8,0,1,6,7,30.0,15,15.6,37.7,43.2,27.9,21714.75,6514.43,156529.11,0.7,20,2.3,53.3,21.5,0.0,1,2,14
300.54,841,0,1142,531,224,0,11,5,1,0,0,0,4,25.5,19,49.3,24.9,20.1,19.3,1296.55,330.62,11440.5,0.57,7,3.7,30.0,63.5,0.0,1,9,6
601.39,1724,4,68,28,48,0,5,0,2,1,1,9,1,87.4,0,80.0,68.0,90.2,60.6,24748.9,21630.54,244085.68,0.39,15,5.3,77.3,82.8,63.9,1,6,12
1172.47,926,3,93,47,54,0,6,1,1,1,0,0,1,85.4,0,95.6,73.3,47.7,48.4,20326.16,17358.54,196913.47,0.38,9,6.1,84.1,73.2,0.0,0,12,11
683.05,763,3,92,47,2,0,0,1,0,0,0,0,0,83.5,0,82.3,77.2,85.1,69.4,22748.68,18995.15,288859.61,0.68,34,5.2,77.0,87.8,0.0,1,1,1
592.66,2140,0,707,467,386,0,6,3,1,1,1,12,1,65.6,34,40.1,36.0,19.1,28.0,21940.43,14392.92,237643.82,0.66,31,3.6,46.7,46.1,0.0,1,2,6
1576.34,5000,4,67,53,3,0,5,3,2,0,0,0,2,51.0,4,50.7,63.1,50.6,63.3,44359.48,22623.33,388378.23,0.52,22,6.2,99.0,80.5,44.5,0,8,8
783.71,2540,3,88,0,9,0,5,0,2,0,1,15,1,97.0,0,58.7,91.5,86.6,22.6,22287.44,21618.82,257564.04,0.65,17,5.0,95.4,62.0,0.0,1,14,8
566.95,996,3,828,63,386,0,7,2,2,1,1,4,2,57.9,26,35.0,51.9,42.9,6.0,18391.47,10648.66,48401.32,0.51,21,3.7,33.7,30.0,0.0,1,4,5
787.46,2993,3,151,23,29,0,6,1,0,1,0,0,0,90.2,0,69.6,70.9,68.6,27.6,5026.01,4533.46,20091.73,0.4,9,7.0,84.3,95.8,0.0,0,14,11
157.49,290,2,724,303,304,1,2,4,1,1,0,0,3,18.6,2,2.2,34.9,48.9,3.1,5677.08,1055.94,23862.32,0.69,26,2.4,55.0,27.2,0.0,1,0,1
1200.58,2218,4,40,22,1,0,7,3,1,1,1,15,2,55.8,19,71.6,66.0,65.1,63.4,3938.49,2197.68,46004.26,0.63,19,5.6,88.4,67.3,74.7,0,0,10
896.43,2347,2,134,40,16,0,2,2,4,1,0,0,1,86.1,0,67.9,65.3,62.2,46.3,43198.81,37194.18,484491.03,0.64,19,6.3,75.4,93.7,0.0,1,4,8
1094.13,3179,4,27,34,16,0,6,5,5,0,0,0,1,58.3,34,54.5,67.4,81.7,73.0,33366.84,19452.87,376900.03,0.65,8,4.6,64.1,61.1,45.9,0,11,6
1276.29,5000,4,114,45,0,0,7,3,2,1,0,0,2,50.3,26,64.8,70.4,51.6,95.2,14651.44,7369.67,280114.96,0.4,19,7.2,95.0,68.2,99.8,1,5,11
1816.13,5000,2,672,174,333,1,7,1,2,0,1,13,2,67.8,13,18.4,15.5,46.1,6.3,27672.1,18761.68,279653.94,0.47,6,2.8,42.2,32.6,0.0,1,10,9
1086.52,3182,2,145,77,48,0,3,3,0,1,0,0,1,74.2,18,62.1,89.0,78.5,22.8,3212.57,2383.73,60421.53,0.53,23,4.7,65.0,93.7,0.0,1,14,8
1232.89,4251,3,728,209,208,0,11,1,6,0,1,15,1,20.9,19,52.2,42.3,34.7,17.1,27048.26,5653.09,336231.35,0.77,27,2.8,48.9,51.7,0.0,1,3,1
492.77,1907,2,858,65,186,1,4,1,8,1,0,0,3,31.2,16,18.4,44.4,43.1,15.1,18274.86,5701.76,91620.69,0.73,18,2.3,26.2,52.4,0.0,1,4,13
387.49,265,2,113,155,138,0,7,4,2,1,0,0,6,30.2,36,42.3,56.3,38.6,5.0,18229.98,5505.45,347874.5,0.6,20,2.3,34.6,20.1,0.0,1,2,6
1625.6,4445,3,33,6,41,0,11,4,5,1,1,1,0,66.2,9,88.9,72.4,94.6,59.2,11166.0,7391.89,186531.73,0.68,4,6.0,65.6,83.2,0.0,1,9,8
489.44,1439,2,139,2,18,0,9,5,8,1,0,0,2,54.4,19,52.1,81.0,62.5,44.7,8546.8,4649.46,74003.95,0.51,22,4.7,74.5,87.2,0.0,0,14,3
475.66,1214,3,46,26,47,0,5,0,4,1,0,0,2,82.6,0,53.9,61.6,92.9,44.3,11488.58,9489.57,105176.97,0.55,14,6.1,62.1,69.7,0.0,0,2,3
1952.28,2506,4,68,71,50,0,8,0,0,1,0,0,1,99.9,0,71.8,78.1,55.3,69.5,7857.29,7849.43,30150.28,0.6,12,7.3,90.8,62.8,78.5,0,4,10
357.89,440,3,224,220,389,0,11,3,6,0,0,0,2,16.7,20,1.5,21.3,10.5,38.3,2707.63,452.17,50435.38,0.64,30,2.9,53.2,64.1,0.0,1,4,10
1682.48,5000,1,837,102,277,0,6,3,4,1,0,0,4,60.4,10,29.1,29.7,12.6,33.3,36676.69,22152.72,366056.83,0.42,21,2.7,50.6,63.1,0.0,0,11,0
1820.95,2578,2,292,163,80,1,4,3,8,0,1,11,0,31.6,23,25.4,55.7,28.5,14.4,78776.53,24893.38,379455.05,0.64,17,3.0,37.3,21.6,0.0,1,6,6
1186.02,1867,5,96,58,23,0,8,0,4,1,0,0,1,81.8,0,67.1,91.2,74.7,73.8,1136.35,929.53,20314.22,0.77,6,6.7,61.8,76.1,80.3,0,7,1
145.69,446,3,644,335,157,0,3,2,7,1,1,8,1,58.0,31,5.6,39.3,40.2,3.0,5032.34,2918.76,11746.14,0.52,25,2.9,19.4,20.1,0.0,1,13,12
768.22,2354,3,885,106,119,0,3,4,4,1,1,11,1,18.1,30,2.8,52.7,32.2,19.7,3164.01,572.69,32956.03,0.58,18,1.9,12.6,47.1,0.0,1,3,6
1919.33,4674,1,406,190,273,0,5,4,1,0,1,10,2,62.0,27,19.1,59.1,40.2,9.9,3426.24,2124.27,24157.11,0.65,27,1.5,26.2,24.0,0.0,1,8,14
6.87,10,5,153,16,6,0,0,2,5,1,0,0,1,77.7,1,89.3,56.9,56.6,51.3,210.31,163.41,2789.59,0.51,5,5.4,57.9,67.4,69.7,0,5,10
1882.76,1009,0,297,234,157,0,10,4,8,0,1,14,1,32.2,35,25.5,41.0,43.7,31.0,19359.11,6233.63,149909.46,0.59,7,1.6,15.0,37.8,0.0,1,9,6
599.31,551,4,180,21,0,0,6,3,8,1,0,0,0,71.9,11,42.0,71.6,88.6,60.9,11673.91,8393.54,72896.2,0.54,15,4.3,58.3,85.4,68.5,1,1,14
784.42,2986,3,95,29,46,0,3,3,4,1,0,0,0,95.2,0,100.0,57.1,70.3,27.3,16907.28,16095.73,154142.6,0.39,8,4.7,92.1,64.5,0.0,1,1,5
164.12,476,5,99,63,19,0,8,1,0,1,0,0,2,92.5,0,43.0,79.3,75.3,83.0,4013.68,3712.65,15623.94,0.6,26,5.9,70.9,96.0,37.1,1,6,10
1124.47,1004,3,725,544,141,0,9,2,5,0,0,0,7,32.8,2,48.4,16.9,28.4,20.3,32184.19,10556.41,314242.65,0.53,10,3.9,45.0,33.8,0.0,1,11,3
1495.2,4500,5,107,64,35,0,0,3,4,1,0,0,1,83.1,0,72.0,67.7,46.7,64.4,52263.8,43431.22,320656.5,0.53,22,5.6,80.4,80.8,92.7,1,11,7
1997.9,5000,4,106,62,29,0,9,1,4,1,1,10,0,93.1,0,82.8,82.2,78.8,57.1,91847.99,85510.48,1415442.58,0.58,26,5.2,84.2,92.4,34.5,1,13,8
1031.61,3840,2,731,495,104,1,6,1,8,0,0,0,3,60.2,4,17.0,41.6,46.2,26.2,1821.16,1096.34,26074.04,0.4,11,2.8,51.3,44.1,0.0,1,14,11
414.83,859,4,160,41,34,0,9,1,4,1,0,0,0,59.6,9,88.1,61.7,72.3,88.8,8994.83,5360.92,26086.49,0.55,12,4.5,77.0,76.3,49.2,1,9,10
1159.0,2724,1,495,524,132,0,12,5,2,1,0,0,1,50.4,17,29.8,36.7,35.8,30.6,39214.59,19764.15,202478.4,0.41,16,2.0,51.3,29.5,0.0,1,5,3
1395.66,5000,2,136,34,22,0,1,1,2,0,0,0,2,94.9,0,65.3,94.5,59.9,28.6,37693.74,35771.36,485048.04,0.5,17,5.5,93.3,72.4,0.0,1,6,10
1972.56,2597,0,567,674,347,0,6,2,8,1,1,13,3,45.1,9,39.9,64.5,49.9,37.2,3287.69,1482.75,60258.38,0.4,15,3.2,23.1,53.4,0.0,1,9,5
1725.82,5000,3,929,102,353,0,6,4,2,1,1,6,0,58.4,36,45.9,28.7,55.0,16.4,6702.42,3914.21,75450.86,0.74,23,2.4,54.3,66.3,0.0,1,5,13
1809.18,3585,5,174,45,60,0,5,2,0,1,1,5,1,60.1,4,46.5,89.0,96.9,54.1,28683.4,17238.72,198416.63,0.44,12,4.7,67.6,86.5,64.1,1,14,0
290.49,741,1,412,668,344,0,2,1,4,1,0,0,2,78.3,22,45.5,51.5,26.3,29.9,9377.08,7342.25,89904.88,0.73,35,3.8,13.8,67.8,0.0,0,2,4
1482.24,5000,3,221,565,67,0,5,3,6,0,0,0,2,32.8,34,37.5,36.0,31.8,13.2,59749.19,19597.73,494512.98,0.77,32,2.6,19.9,46.0,0.0,1,14,4
383.54,1337,2,26,59,54,0,8,3,4,0,0,0,2,86.9,0,84.8,70.6,54.9,40.5,6940.7,6031.47,22394.07,0.54,3,7.9,60.3,70.3,0.0,1,9,3
1793.12,5000,1,846,181,68,0,5,5,5,1,1,3,1,59.6,17,46.6,32.5,18.1,1.2,9086.86,5415.77,42564.98,0.5,19,2.9,15.9,44.1,0.0,1,2,6
1376.04,1085,4,67,71,3,0,4,3,3,0,1,15,0,65.6,33,84.3,66.3,63.4,95.6,36864.42,24183.06,154075.58,0.49,11,5.3,88.2,83.6,37.5,1,0,0
1864.63,1780,1,1144,680,351,0,12,1,2,1,0,0,0,22.6,24,7.0,30.2,30.1,18.6,79621.41,17994.44,225428.9,0.48,3,1.7,49.6,52.5,0.0,1,1,0
1248.41,2898,4,135,7,16,0,6,3,5,1,0,0,1,62.1,5,79.8,92.6,80.9,67.2,13876.7,8617.43,262099.09,0.5,10,7.4,78.7,65.6,97.1,0,11,9
734.72,2458,2,65,1,55,0,6,0,2,1,0,0,1,89.1,0,76.6,72.7,84.1,51.3,411.55,366.69,7705.87,0.32,14,6.0,65.2,92.6,0.0,1,0,2
628.52,1235,2,817,455,295,1,11,5,2,1,1,3,1,71.3,30,50.2,33.5,36.7,14.3,6992.65,4985.76,131284.64,0.32,15,4.1,43.0,60.9,0.0,1,11,5
626.73,428,4,111,57,16,0,3,2,1,1,0,0,0,81.4,0,57.5,57.7,62.4,88.1,19341.08,15743.64,161307.83,0.39,15,6.8,82.8,60.1,94.3,0,12,11
1230.86,3652,4,15,29,52,0,8,3,3,1,1,3,1,75.8,28,78.1,76.3,78.2,51.5,34378.74,26059.08,465637.57,0.62,15,6.1,87.9,76.4,42.9,0,6,14
134.07,255,3,13,38,28,0,4,0,4,1,0,0,1,60.3,8,67.3,99.3,49.8,56.5,2956.27,1782.63,19643.62,0.49,21,5.8,64.0,79.3,0.0,1,5,12
240.25,270,2,990,267,198,1,9,1,6,0,1,9,2,62.7,17,33.7,45.1,27.6,17.8,11188.55,7015.22,33189.56,0.47,14,1.9,12.2,30.6,0.0,1,2,12
1963.5,1319,3,1156,694,127,0,10,5,8,1,1,9,7,36.5,24,20.8,18.1,45.4,28.2,21857.55,7978.01,195282.29,0.8,31,2.8,50.9,47.2,0.0,0,5,13
463.59,854,0,566,336,79,0,2,3,4,0,0,0,7,22.3,13,37.5,25.8,30.5,19.9,8998.53,2006.67,43213.52,0.75,27,3.1,39.4,32.5,0.0,0,3,1
1337.84,4834,3,861,307,122,0,5,3,1,0,0,0,6,36.2,29,51.7,22.0,48.0,37.3,28096.49,10170.93,123047.29,0.53,9,3.0,42.4,47.1,0.0,1,1,7
12.39,33,5,92,42,13,0,9,5,1,1,0,0,2,69.6,27,63.0,74.4,91.2,58.7,213.36,148.5,3494.02,0.37,12,5.1,72.6,84.4,90.2,1,8,7
1374.81,835,3,127,34,33,0,5,4,5,1,1,4,1,93.7,0,42.4,98.2,53.9,29.0,20257.29,18981.08,281480.69,0.64,23,4.7,65.2,72.8,0.0,1,2,6
1587.53,4718,4,58,42,29,0,3,2,1,1,0,0,0,89.2,0,67.0,71.3,79.3,86.4,8343.34,7442.26,154752.32,0.46,9,5.6,59.8,70.4,61.3,0,3,2
1517.18,3113,3,382,440,51,0,9,4,4,0,1,6,1,69.4,10,33.4,29.0,15.6,19.9,4017.1,2787.87,58662.04,0.46,11,3.6,12.3,43.7,0.0,1,0,12
329.2,1148,2,85,79,9,0,1,0,1,1,0,0,2,55.0,13,78.4,81.3,90.6,72.3,13825.5,7604.03,33162.76,0.63,7,5.7,77.3,88.3,0.0,1,7,8
1342.73,1593,2,1183,218,346,1,12,1,2,1,1,14,0,74.4,7,48.2,17.3,42.8,33.5,36115.1,26869.63,215818.44,0.43,16,2.8,45.1,57.4,0.0,1,8,2
197.27,702,1,588,361,299,0,3,5,3,0,0,0,3,33.9,8,14.4,35.3,25.1,36.2,2146.75,727.75,7131.23,0.67,27,3.1,31.3,67.2,0.0,1,1,13
1668.87,1482,2,139,89,15,0,5,1,4,0,0,0,1,87.8,0,95.8,94.7,56.6,62.6,36921.5,32417.08,410415.7,0.52,10,6.7,92.4,72.9,0.0,1,2,6
192.7,601,1,996,429,103,0,12,1,1,0,1,4,0,67.2,14,35.6,32.8,13.4,1.4,4369.23,2936.12,12939.48,0.64,10,1.9,45.2,66.8,0.0,1,12,8
336.22,1169,3,803,534,42,0,7,4,8,1,0,0,3,30.5,10,46.4,54.7,24.3,9.0,9758.9,2976.46,152209.22,0.53,15,2.1,29.9,67.6,0.0,1,10,6
644.6,1207,0,864,391,129,0,7,5,8,0,1,11,7,36.5,7,8.0,49.4,50.0,34.3,21325.37,7783.76,302072.48,0.52,9,2.2,27.5,30.2,0.0,1,9,8
587.57,1796,3,843,77,282,0,5,3,2,0,1,14,4,15.3,1,19.9,41.2,14.7,8.2,1634.45,250.07,6528.65,0.68,3,2.0,21.6,62.3,0.0,1,4,6
1847.31,2367,4,52,89,55,0,4,2,6,1,1,15,1,75.5,11,48.9,60.0,90.5,68.4,10117.9,7639.01,24340.63,0.5,23,5.4,78.1,82.4,86.9,1,12,9
859.63,2183,5,61,32,45,0,0,0,5,1,0,0,0,55.9,20,63.3,84.9,75.0,81.3,35307.48,19736.88,449211.84,0.53,26,7.0,83.3,94.8,93.1,0,6,0
567.66,306,5,176,27,26,0,7,0,3,0,1,11,0,69.4,3,98.6,60.5,53.6,52.2,7432.38,5158.07,136638.72,0.38,9,5.1,89.4,69.2,81.9,1,0,11
388.3,334,2,175,47,24,0,2,0,2,1,1,1,2,95.6,0,99.0,56.3,93.3,66.0,15524.0,14840.94,113823.34,0.6,6,6.3,76.9,88.8,0.0,0,10,14
1115.15,581,3,111,60,26,0,3,3,1,1,0,0,1,67.5,11,81.4,93.8,46.2,61.1,11833.51,7987.62,160062.01,0.56,20,6.9,56.1,61.1,0.0,1,10,6
553.99,1863,3,1067,234,276,0,6,4,4,0,0,0,7,53.6,4,7.3,59.6,20.5,17.3,16406.56,8793.92,298226.31,0.62,21,3.4,43.0,56.3,0.0,1,9,8
1285.57,1538,2,1034,454,225,1,10,5,5,1,0,0,6,18.2,19,34.5,19.2,27.1,6.4,31961.81,5817.05,553571.63,0.4,14,3.2,31.4,67.4,0.0,1,8,12
1360.77,4419,2,1078,600,101,1,9,2,1,0,1,5,8,13.2,8,23.9,54.7,45.9,10.8,53682.04,7086.03,934097.95,0.75,9,1.8,22.8,46.9,0.0,1,1,13
764.24,2960,4,81,49,38,0,0,1,4,0,0,0,2,53.8,13,71.8,88.3,88.9,52.0,11376.46,6120.54,115447.54,0.54,24,6.2,94.9,88.7,77.3,1,5,12
881.31,789,3,177,22,59,0,2,0,0,1,0,0,1,94.6,0,87.7,84.3,68.0,70.5,41832.5,39573.54,268969.17,0.7,8,5.8,57.1,77.1,0.0,1,9,6
1820.52,4198,3,28,22,19,0,4,0,2,1,0,0,1,99.3,0,69.0,90.2,84.4,75.1,77548.34,77005.5,473748.59,0.59,28,6.9,99.3,77.0,0.0,0,7,6
209.25,788,4,39,79,2,0,10,5,6,0,0,0,0,94.3,0,93.2,77.9,74.5,85.9,9691.79,9139.36,92548.3,0.71,29,5.4,99.4,97.9,81.5,1,13,13
1600.89,5000,4,104,14,34,0,8,0,1,1,0,0,1,90.1,0,77.0,81.1,62.9,51.1,45357.87,40867.44,409921.24,0.63,27,5.9,80.0,77.4,66.8,0,3,13
14.4,42,3,963,517,302,0,12,4,2,0,1,3,0,71.1,30,34.8,43.3,47.3,5.7,622.1,442.31,10081.43,0.62,19,3.0,19.0,47.9,0.0,1,2,14
220.79,579,5,147,11,0,0,12,2,3,1,1,2,1,74.7,30,83.8,87.6,98.0,75.0,5598.53,4182.1,62381.98,0.39,12,4.8,94.5,62.2,43.7,0,10,2
818.81,1482,2,134,30,30,0,6,2,4,1,0,0,0,50.5,5,41.0,63.3,90.3,21.8,9057.33,4573.95,86173.13,0.46,3,6.4,55.6,88.4,0.0,0,11,2
1525.28,910,2,17,3,24,0,6,2,4,0,0,0,2,57.2,22,53.2,87.2,65.1,67.2,1102.13,630.42,12202.83,0.65,28,5.5,60.2,68.6,0.0,1,9,8
12.07,23,5,84,48,12,0,0,3,2,1,0,0,1,96.2,0,70.2,100.0,95.8,82.8,95.09,91.48,615.89,0.74,34,6.2,99.6,90.7,65.6,0,10,13
1227.87,3538,0,646,519,107,0,2,5,2,0,1,15,8,51.9,30,17.3,43.6,53.3,31.6,44125.94,22901.36,565921.53,0.46,8,2.3,41.3,26.6,0.0,1,14,10
344.87,864,5,144,46,48,0,4,3,1,0,0,0,2,87.8,0,62.3,97.5,95.3,81.1,8945.16,7853.85,22373.73,0.42,20,5.4,67.2,70.0,75.8,0,3,0
154.23,473,4,122,65,42,0,7,0,2,0,0,0,1,91.2,0,95.5,90.0,97.7,82.0,6398.42,5835.36,116398.39,0.51,4,7.0,57.1,82.8,78.1,0,14,9
522.34,1570,2,107,131,324,0,7,5,6,1,0,0,8,51.0,34,50.6,37.5,36.2,21.3,14936.16,7617.44,48527.45,0.58,9,2.3,21.6,58.1,0.0,1,5,10
630.19,453,4,142,50,15,0,12,4,1,0,1,10,2,88.4,0,58.1,94.1,59.7,92.4,22943.47,20282.03,189721.78,0.49,18,5.2,82.4,65.7,59.4,0,7,3
962.2,3679,3,948,381,130,0,4,1,4,1,0,0,3,10.8,11,31.5,49.9,46.5,26.3,44424.19,4797.81,592395.84,0.32,3,3.0,28.0,36.6,0.0,1,0,11
1573.26,848,5,95,26,33,0,1,1,5,0,1,10,2,67.0,1,69.0,95.6,71.4,77.1,66493.8,44550.85,779154.57,0.59,16,6.4,56.3,62.4,39.3,1,12,8
975.61,1386,3,84,56,10,0,1,0,3,1,0,0,1,91.2,0,61.1,77.5,74.9,51.3,22689.28,20692.62,279132.59,0.42,2,6.9,67.4,97.7,0.0,0,3,12
330.79,286,2,187,610,113,1,9,2,7,1,1,3,0,72.2,34,19.0,40.6,15.7,6.8,9388.96,6778.83,135408.95,0.74,14,3.0,10.0,52.2,0.0,1,8,1
1055.81,3029,2,130,9,4,0,7,1,1,0,1,13,0,60.6,26,50.3,91.4,57.1,32.9,44598.9,27026.93,103838.64,0.72,12,5.5,89.8,99.9,0.0,1,9,4
751.35,2795,1,647,340,164,0,9,4,6,1,1,3,8,58.0,12,20.7,23.5,52.0,28.5,35574.96,20633.48,628062.46,0.44,7,4.2,42.7,66.3,0.0,1,4,12
1318.03,3826,5,164,63,7,0,1,3,3,0,0,0,2,67.8,28,56.2,76.1,45.1,80.9,24880.39,16868.9,148579.37,0.63,6,4.8,65.7,70.0,32.0,1,12,1
87.24,162,4,175,4,31,0,4,2,1,1,1,3,0,53.6,14,99.5,72.2,47.0,74.5,500.74,268.4,5047.4,0.59,18,4.5,86.1,76.8,91.4,0,6,0
1490.69,5000,2,506,469,156,1,11,4,7,1,1,15,7,57.0,5,27.9,55.5,50.5,32.1,9339.76,5323.66,177252.1,0.71,16,2.9,23.9,41.5,0.0,1,6,14
1212.02,4030,5,115,56,7,0,7,0,5,1,0,0,0,95.1,0,73.5,91.2,49.1,95.3,6839.95,6504.79,72222.1,0.35,15,7.3,92.8,87.6,92.9,0,6,11
1369.84,1044,5,140,80,44,0,7,3,2,0,0,0,2,57.1,24,56.5,82.3,52.9,73.1,58896.39,33629.84,131279.25,0.5,6,5.8,70.4,60.2,97.5,0,10,10
1249.98,4447,3,972,545,109,0,4,2,5,1,1,9,2,40.5,24,36.2,24.4,23.0,3.6,60223.03,24390.33,287021.6,0.46,6,2.1,48.6,53.5,0.0,1,2,10
52.02,65,2,865,507,319,1,8,1,1,0,0,0,2,68.1,27,39.5,53.1,53.7,9.7,864.81,588.94,2075.26,0.54,20,3.9,16.2,41.5,0.0,1,0,0
817.69,2618,2,684,454,215,1,3,5,7,1,1,1,1,46.1,1,53.5,60.0,48.3,2.8,2248.63,1036.62,25694.66,0.52,24,2.6,15.7,61.3,0.0,1,4,0
1460.69,3178,3,248,262,207,0,10,2,6,0,0,0,2,63.5,28,52.0,26.8,10.3,13.0,34833.44,22119.23,490313.33,0.68,13,3.9,10.8,43.3,0.0,1,2,14
49.21,152,2,66,36,34,0,7,2,0,1,0,0,1,50.4,33,68.8,66.3,74.4,77.0,921.39,464.38,15561.47,0.33,11,6.2,86.6,84.2,0.0,0,2,5
1256.3,3885,5,160,14,34,0,0,2,4,0,0,0,0,70.7,1,69.9,71.3,67.6,99.2,26554.53,18774.05,462562.76,0.46,7,5.6,77.6,77.4,69.4,0,11,3
977.05,639,3,134,71,7,0,4,0,0,1,0,0,2,81.9,0,54.2,93.2,90.8,77.1,19006.1,15566.0,185084.1,0.49,10,5.3,89.5,60.6,0.0,1,13,11
441.9,1471,3,158,34,28,0,0,1,1,0,0,0,1,72.7,22,97.4,98.8,75.5,27.0,14909.71,10839.36,232430.51,0.49,7,6.8,82.3,98.7,0.0,1,2,9
516.36,1970,3,177,71,6,0,3,2,1,1,0,0,0,64.4,1,51.8,61.9,83.0,66.4,18861.74,12146.96,371103.16,0.45,17,6.0,85.4,73.4,0.0,0,7,10
1554.5,5000,4,42,26,45,0,3,1,0,0,1,8,1,65.8,15,62.4,81.0,53.6,91.5,39188.0,25785.7,339382.8,0.34,6,4.9,94.4,67.3,70.1,1,10,11
1674.43,4289,4,130,44,57,0,10,2,3,0,1,7,0,94.3,0,58.1,67.5,66.7,57.7,41393.05,39033.65,364181.27,0.53,4,5.4,66.4,95.9,90.8,0,8,14
373.25,323,0,469,602,185,0,6,3,8,1,0,0,4,17.8,7,25.8,63.1,16.7,17.8,6896.75,1227.62,51536.8,0.48,16,3.5,48.3,50.0,0.0,1,10,5
41.36,79,3,151,57,17,0,7,2,0,1,0,0,2,57.6,4,83.0,95.8,86.9,34.7,213.65,123.06,4076.46,0.61,18,5.9,66.9,74.2,0.0,0,6,10
1804.31,3734,2,124,373,77,0,8,1,8,0,0,0,2,60.0,20,54.1,59.6,45.2,3.4,29814.9,17888.94,393448.97,0.46,2,3.5,46.9,39.5,0.0,1,9,10
1853.7,3016,3,1087,486,176,0,8,1,1,1,1,9,8,48.7,25,6.1,31.1,18.0,19.5,55058.22,26813.35,353795.06,0.34,11,2.5,52.6,45.7,0.0,1,1,11
765.99,2725,0,953,286,380,0,8,4,2,1,0,0,0,54.0,21,44.0,64.0,28.8,4.0,30322.75,16374.29,417977.13,0.4,6,3.7,51.3,56.8,0.0,1,11,12
1241.63,3684,1,907,395,151,0,2,3,6,1,1,2,0,39.2,23,28.0,36.3,18.4,26.4,18483.48,7245.52,215476.33,0.4,8,1.9,11.0,44.9,0.0,1,2,5
860.14,3043,2,169,88,40,0,5,0,3,0,0,0,0,59.6,19,88.4,97.5,59.4,44.2,12196.89,7269.35,124547.54,0.41,13,5.7,66.9,96.2,0.0,0,5,5
980.22,3412,1,815,359,368,0,6,2,2,1,0,0,5,25.3,36,51.7,16.9,17.7,1.9,32961.17,8339.18,529246.54,0.37,18,2.1,38.9,58.4,0.0,1,14,7
1277.98,4311,2,860,170,301,1,11,2,4,0,1,14,8,44.9,6,45.0,43.0,53.5,34.3,44232.22,19860.27,407256.52,0.47,10,3.7,32.4,24.5,0.0,1,4,2
348.88,207,4,134,45,18,0,10,1,8,1,1,13,1,81.9,0,55.2,78.1,96.6,72.7,3446.28,2822.5,50460.83,0.39,1,5.5,58.0,92.2,54.3,1,3,12
1795.26,5000,3,88,32,12,0,3,3,5,1,0,0,0,52.4,20,66.6,79.1,55.3,42.7,9952.29,5215.0,166174.64,0.62,3,5.4,97.2,73.0,0.0,1,11,6
1523.48,5000,2,177,23,9,0,7,0,0,1,0,0,0,56.9,27,45.3,87.6,92.4,34.3,10166.7,5784.85,30022.92,0.29,4,4.8,93.2,77.7,0.0,1,6,2
487.38,1038,2,119,42,60,0,6,0,1,0,0,0,2,54.7,8,97.7,56.8,76.6,77.2,9216.03,5041.17,134301.73,0.37,10,5.6,76.6,66.9,0.0,1,0,5
1338.62,2216,5,23,5,6,0,7,2,4,1,0,0,2,67.4,22,93.8,81.4,72.3,86.5,25295.98,17049.49,478550.21,0.55,26,4.9,98.4,64.8,94.3,1,11,7
1339.32,4141,2,453,617,166,1,11,5,6,1,1,7,0,38.3,12,52.9,53.6,14.6,16.3,5068.61,1941.28,27674.62,0.45,6,3.5,10.8,41.2,0.0,1,5,9
45.12,175,5,171,1,27,0,6,2,1,1,0,0,0,81.8,0,56.7,75.1,80.6,59.6,2076.57,1698.63,24894.96,0.41,18,6.6,63.4,90.0,92.9,1,6,3
424.45,1654,5,30,4,3,0,2,1,5,1,1,15,1,73.6,5,72.0,78.9,91.0,72.8,17185.06,12648.2,295972.03,0.49,16,4.7,65.1,73.9,76.4,0,0,8
246.88,966,0,1055,361,204,0,5,3,2,0,0,0,6,25.7,25,19.0,48.3,43.8,14.2,5268.24,1353.94,19477.48,0.31,6,2.7,17.5,59.4,0.0,1,3,2
1988.28,2128,4,58,62,44,0,1,1,4,1,0,0,1,81.0,0,97.0,68.1,75.2,97.6,18910.03,15317.12,318646.73,0.64,24,5.8,96.9,64.1,70.5,0,2,4
1723.51,4052,0,101,333,248,0,2,3,7,0,1,13,5,62.1,31,9.8,44.5,31.6,26.3,57769.31,35874.74,810936.98,0.43,16,3.0,32.4,47.0,0.0,1,10,0
1700.55,2044,4,144,64,51,0,2,2,5,1,0,0,0,95.8,0,63.0,68.3,84.0,69.2,17917.18,17164.66,137426.98,0.61,20,7.0,91.6,79.6,90.7,1,0,6
808.26,1069,4,56,52,10,0,8,0,2,0,1,6,2,80.6,0,82.4,68.5,68.5,66.8,33013.55,26608.92,408022.14,0.55,6,5.9,69.6,71.2,85.5,0,6,10
1606.59,5000,1,1019,660,330,0,9,2,4,0,1,9,4,43.9,35,20.6,16.4,24.3,26.8,70819.68,31089.84,1380884.16,0.32,8,3.2,19.3,56.5,0.0,0,2,5
1086.12,3959,5,166,84,55,0,3,0,4,0,1,2,1,64.1,31,50.2,61.6,84.5,62.7,13342.11,8552.29,199901.38,0.51,21,5.3,96.6,83.0,43.3,0,2,8
1504.91,2194,4,29,52,10,0,8,0,3,1,0,0,2,76.7,4,79.1,84.8,60.3,63.7,37591.9,28832.99,354688.17,0.43,8,7.9,84.9,64.4,92.3,0,12,7
1110.03,3268,0,1032,610,170,0,10,2,3,1,0,0,5,18.6,26,51.3,42.4,25.9,6.0,7607.75,1415.04,35201.66,0.3,9,3.3,11.0,39.5,0.0,1,7,11
321.91,173,3,146,13,33,0,5,3,3,1,0,0,0,59.9,24,90.5,84.2,84.9,34.9,4838.16,2898.06,39548.02,0.76,32,5.1,75.3,96.1,0.0,0,11,1
384.15,812,1,815,665,49,0,4,1,6,1,1,6,1,72.8,19,37.7,46.4,39.1,15.7,13284.05,9670.79,109659.74,0.36,7,2.9,15.2,42.7,0.0,1,12,5
1750.73,5000,1,643,88,199,0,10,4,7,0,0,0,1,10.9,11,50.9,39.7,31.1,24.5,2587.11,281.99,20653.98,0.71,9,3.8,17.9,48.6,0.0,1,10,1
523.86,295,2,108,39,41,0,5,1,2,1,0,0,0,77.0,23,99.9,65.3,63.4,71.0,15226.74,11724.59,207270.91,0.46,7,4.8,91.5,63.4,0.0,0,4,7
108.03,201,0,193,416,143,0,4,2,7,1,1,15,1,58.8,20,51.2,23.1,23.0,10.0,4511.09,2652.52,88538.03,0.63,24,4.1,31.9,23.7,0.0,1,3,14
499.4,1983,2,78,75,0,0,6,2,5,1,0,0,2,57.3,8,50.8,65.7,56.6,40.7,20370.55,11672.33,127214.1,0.59,15,5.0,65.7,72.3,0.0,0,8,10
199.65,480,0,606,192,162,0,8,2,7,0,1,10,4,68.5,36,0.4,23.4,42.4,8.7,6854.62,4695.41,31011.37,0.69,24,3.2,32.2,21.9,0.0,1,5,4
1476.58,973,0,1102,709,234,0,11,4,3,0,0,0,5,40.8,30,47.3,59.7,44.7,33.1,31042.45,12665.32,563156.52,0.76,33,3.0,40.0,28.3,0.0,1,10,13
1170.82,3477,2,827,266,222,1,11,3,4,1,1,14,7,38.0,15,33.1,51.2,47.2,37.7,22127.0,8408.26,134378.52,0.74,6,2.2,12.2,57.6,0.0,1,10,13
1858.92,1879,3,215,324,349,0,2,4,2,1,1,9,1,51.4,32,33.3,30.8,21.5,4.7,52584.11,27028.23,196415.27,0.65,29,1.9,50.8,50.5,0.0,1,11,4
1615.92,4918,2,502,284,302,1,11,2,1,1,1,6,0,38.4,20,1.0,63.5,30.9,33.9,61445.04,23594.9,962167.44,0.7,14,3.1,29.3,48.5,0.0,1,6,1
1890.81,5000,5,150,37,27,0,7,1,0,1,0,0,1,92.1,0,43.9,73.3,84.1,53.8,48030.13,44235.75,196751.9,0.42,6,5.7,69.3,98.8,92.9,1,14,0
619.22,413,2,240,728,216,1,3,4,5,0,1,5,4,63.5,25,32.2,44.0,36.1,25.3,27780.89,17640.87,89835.66,0.51,14,2.9,18.4,60.4,0.0,1,14,8
1532.86,5000,0,400,216,273,0,9,1,6,0,0,0,7,36.9,8,51.3,18.8,35.4,39.5,31041.29,11454.24,84627.38,0.72,23,3.7,49.7,22.3,0.0,1,1,1
486.63,1309,3,580,563,153,0,4,2,2,0,1,3,1,59.4,13,17.1,19.5,20.2,12.7,7876.09,4678.4,82513.91,0.48,6,2.8,19.7,46.3,0.0,1,11,3
216.34,529,1,164,434,58,0,12,2,6,1,0,0,0,64.4,2,13.8,18.9,15.3,33.6,5005.94,3223.83,37772.19,0.76,24,2.8,15.1,65.7,0.0,1,9,13
586.12,2247,1,708,80,319,0,7,1,5,0,1,11,4,14.0,26,12.8,17.3,16.2,36.3,18750.63,2625.09,105682.41,0.65,22,2.9,39.1,32.7,0.0,1,2,6
935.45,3330,1,1132,427,87,0,4,4,7,0,1,2,6,62.1,17,19.5,23.8,53.8,26.2,9083.5,5640.85,113807.63,0.71,8,3.3,43.9,63.4,0.0,1,10,13
1318.2,1154,3,12,42,24,0,7,3,0,1,1,11,0,63.5,2,73.1,96.2,70.2,47.4,24529.25,15576.07,434097.82,0.5,23,5.4,64.4,83.3,0.0,1,7,6
839.15,1709,0,375,178,183,0,11,2,1,1,1,12,6,58.5,32,9.7,32.1,42.0,1.4,22444.3,13129.92,48766.0,0.59,14,1.4,31.0,69.1,0.0,1,1,4
187.46,423,0,709,556,174,0,11,5,6,1,0,0,7,28.6,22,14.5,28.8,13.1,1.8,3711.2,1061.4,13503.45,0.44,4,1.9,53.4,48.9,0.0,1,1,5
1084.14,1374,3,170,85,53,0,9,1,7,1,0,0,1,52.8,36,90.1,96.7,60.8,38.9,6836.33,3609.58,136337.83,0.5,16,4.6,82.4,87.6,0.0,0,9,6
1735.81,3290,1,432,66,381,0,2,4,3,0,1,4,3,66.1,12,3.4,42.3,47.8,22.7,917.13,606.22,7778.81,0.61,20,2.4,35.0,66.9,0.0,1,4,6
924.85,1380,3,716,104,89,0,9,5,8,0,0,0,8,54.8,9,30.0,17.6,10.1,1.7,10090.92,5529.82,71131.22,0.62,22,2.2,28.6,34.9,0.0,0,9,4
574.22,454,1,793,217,325,0,2,2,6,1,1,5,4,35.5,11,26.6,28.1,35.1,7.9,19276.34,6843.1,319610.15,0.67,11,3.2,22.6,64.4,0.0,1,3,13
1176.64,3951,3,175,88,30,0,8,0,2,1,0,0,1,71.2,20,58.4,56.3,88.5,79.8,52945.28,37697.04,781936.31,0.52,20,5.4,64.0,92.6,0.0,1,13,0
1945.14,4722,3,580,564,115,0,6,3,5,0,0,0,3,63.6,4,28.6,34.9,47.4,0.2,71078.34,45205.82,907855.0,0.64,27,3.6,51.4,50.4,0.0,1,6,13
1896.25,3647,2,132,47,23,0,6,2,3,0,0,0,2,68.9,10,65.2,72.3,70.6,49.3,60741.98,41851.22,608416.94,0.34,6,7.5,85.3,85.4,0.0,0,12,11
1135.46,2369,0,763,179,253,0,3,5,3,0,1,15,3,33.7,21,48.5,32.1,47.5,18.9,16572.74,5585.01,236658.13,0.41,2,2.3,54.3,42.7,0.0,1,1,3
100.58,104,2,814,97,211,1,12,3,6,0,1,13,2,54.1,22,7.3,17.4,19.7,25.2,4522.2,2446.51,32122.76,0.52,4,4.0,44.7,60.7,0.0,1,13,0
1230.52,4444,3,258,211,102,0,10,5,5,0,1,10,1,61.8,15,29.7,15.2,16.8,4.5,37185.51,22980.65,129309.75,0.69,29,1.9,48.5,41.1,0.0,1,5,4
1828.37,5000,3,511,463,213,0,3,2,4,1,1,15,2,25.3,6,1.0,44.0,15.1,33.4,75344.7,19062.21,487813.95,0.68,7,2.5,50.7,70.0,0.0,1,7,14
1215.14,3840,5,156,74,59,0,7,5,4,1,1,5,1,73.9,18,90.2,89.9,85.0,92.1,19499.69,14410.27,302157.59,0.75,36,5.3,99.1,79.4,80.4,1,8,1
1392.11,2012,3,143,55,36,0,4,0,1,1,0,0,1,50.0,17,58.1,70.7,61.0,43.6,34428.16,17214.08,298146.03,0.65,7,5.1,83.1,81.6,0.0,1,9,6
1155.4,4113,0,902,276,336,0,6,4,2,0,0,0,5,43.7,17,49.7,29.3,31.8,4.2,57156.41,24977.35,674737.39,0.76,37,2.4,18.7,58.1,0.0,1,8,13
1272.45,2095,2,74,24,15,0,7,3,1,1,1,2,1,96.6,0,43.1,62.4,95.5,24.0,10022.65,9681.88,133469.9,0.36,12,5.0,70.9,61.3,0.0,1,13,2
405.85,1211,5,31,69,41,0,7,0,5,1,1,5,2,72.5,33,74.2,69.3,97.4,82.1,13601.57,9861.14,28864.03,0.41,14,6.4,79.5,95.0,92.0,0,12,5
647.88,1786,3,1153,130,233,0,4,2,1,1,0,0,4,34.2,6,12.3,16.2,15.0,38.9,17824.86,6096.1,195331.19,0.41,13,2.0,37.6,21.1,0.0,1,3,5
124.92,324,3,14,58,28,0,1,0,2,1,0,0,0,61.0,12,56.4,90.4,75.8,41.5,4387.72,2676.51,14803.76,0.43,12,6.9,68.3,79.5,0.0,0,8,5
1167.99,1556,3,36,34,18,0,4,2,1,1,0,0,2,80.8,0,63.5,95.0,70.0,20.7,25523.66,20623.12,447675.55,0.38,7,6.9,94.6,96.9,0.0,0,7,11
1638.0,5000,3,123,64,10,0,1,1,4,1,1,11,2,94.2,0,48.3,98.2,68.4,77.0,33355.44,31420.82,524793.03,0.67,12,5.2,85.5,96.8,0.0,0,0,1
782.81,2089,3,144,84,5,0,3,1,5,1,0,0,2,81.0,0,92.1,95.2,47.9,75.5,16911.05,13697.95,98532.96,0.51,5,6.9,55.6,87.6,0.0,1,12,5
1010.75,1277,4,17,67,4,0,5,2,3,1,0,0,1,82.7,0,97.6,80.5,95.5,62.7,42205.91,34904.29,721306.24,0.57,15,6.6,74.8,92.6,76.2,0,11,0
374.67,1399,2,93,87,11,0,1,0,4,1,0,0,2,67.9,9,99.3,58.4,99.8,46.0,1434.09,973.75,24840.3,0.69,23,5.3,69.6,62.0,0.0,1,10,4
1666.9,1006,2,544,234,198,1,6,3,8,1,0,0,6,31.8,14,4.1,59.5,45.9,15.7,79220.97,25192.27,513487.03,0.61,9,2.8,20.2,61.8,0.0,1,2,10
1203.38,1204,0,434,444,187,0,3,3,3,1,1,2,2,12.1,17,10.2,33.5,10.4,18.4,29468.36,3565.67,80711.29,0.52,22,2.2,50.9,44.2,0.0,1,1,9
320.08,1002,2,621,258,89,1,11,1,7,1,0,0,4,14.3,5,11.3,61.7,33.6,25.9,13051.82,1866.41,107758.41,0.67,25,3.3,13.7,25.8,0.0,1,2,14
113.34,353,2,82,23,41,0,8,4,5,1,0,0,2,74.0,27,51.0,72.4,67.2,30.0,349.4,258.56,1016.25,0.36,16,4.9,66.8,65.9,0.0,1,12,9
715.75,2413,1,642,476,137,0,3,1,8,1,1,2,2,18.4,34,12.9,60.0,44.8,35.5,28238.24,5195.84,488917.05,0.77,17,2.8,52.5,61.7,0.0,1,9,1
1549.37,1140,2,108,80,37,0,2,3,0,1,0,0,0,70.0,22,97.4,65.4,79.9,34.1,45025.48,31517.84,647306.36,0.7,22,4.9,90.3,61.4,0.0,0,0,4
37.59,44,2,129,678,142,0,8,1,3,1,1,14,5,35.0,28,23.9,23.8,13.2,34.2,261.8,91.63,3040.85,0.77,25,2.9,57.7,56.8,0.0,1,14,1
1536.64,4921,3,116,22,5,0,0,2,5,1,0,0,0,76.0,8,97.4,86.2,59.0,23.8,47356.78,35991.15,207215.89,0.45,16,6.7,60.1,86.8,0.0,0,6,11
602.85,839,2,51,84,5,0,6,5,5,1,0,0,2,60.8,19,76.5,55.9,69.2,23.0,26341.69,16015.75,241355.62,0.55,10,4.3,90.0,92.5,0.0,1,12,14
1181.91,1636,2,477,309,306,1,7,3,4,1,0,0,2,58.3,19,38.1,27.0,38.5,27.8,51605.24,30085.85,147951.04,0.71,33,2.1,19.1,29.6,0.0,1,9,14
1624.36,3286,5,175,47,21,0,4,1,5,0,0,0,0,92.0,0,92.3,72.6,99.5,72.3,72367.44,66578.04,1340183.67,0.42,2,7.9,73.5,69.9,88.0,1,12,9
1871.34,1605,1,531,185,328,0,5,3,4,0,0,0,5,41.4,25,0.0,18.8,17.2,35.0,80768.73,33438.25,1562744.27,0.64,28,1.8,16.7,34.1,0.0,1,8,10
784.19,2887,2,902,716,35,1,10,2,6,1,1,9,4,10.9,34,5.5,30.3,47.7,23.7,20121.16,2193.21,140810.44,0.72,7,1.4,17.3,36.8,0.0,1,6,4
1467.57,827,2,786,574,68,1,10,2,7,1,0,0,3,61.4,15,5.8,20.5,12.8,22.2,8719.71,5353.9,65875.91,0.64,15,2.8,32.0,53.9,0.0,1,11,14
1954.41,4498,3,135,52,41,0,3,5,5,0,1,15,2,88.6,0,96.0,69.1,77.2,24.4,70222.09,62216.77,373859.74,0.45,17,6.0,87.4,83.4,0.0,1,1,11
1939.73,2851,2,174,74,3,0,7,1,3,1,0,0,2,93.9,0,92.1,76.4,50.7,39.2,6432.83,6040.43,43042.16,0.45,13,7.1,67.3,84.8,0.0,0,6,3
1748.02,986,1,143,255,395,0,10,5,1,0,1,10,5,65.3,24,19.9,50.2,10.4,19.1,16550.7,10807.61,35401.9,0.66,7,3.2,21.9,31.4,0.0,1,2,4
1307.63,2951,0,851,445,162,0,12,5,2,1,1,9,3,12.5,18,49.8,26.4,12.7,21.6,57199.71,7149.96,231133.75,0.57,18,3.1,16.6,31.0,0.0,1,12,14
957.62,3024,4,51,29,10,0,7,0,2,1,0,0,2,99.5,0,45.9,69.8,98.9,94.8,5334.9,5308.23,85842.39,0.56,22,7.0,83.5,77.8,85.7,0,12,10
175.05,401,1,197,506,173,0,3,5,3,0,1,15,2,26.4,25,42.1,54.0,50.3,19.1,3705.8,978.33,47680.54,0.45,3,2.8,37.4,54.2,0.0,0,5,11
1543.97,3951,4,118,55,17,0,3,3,1,1,0,0,2,69.7,4,97.9,65.8,67.2,61.7,22846.76,15924.19,366059.27,0.4,2,6.6,86.8,70.2,70.1,0,14,11
1140.32,2646,3,808,376,242,0,12,2,6,0,1,5,2,49.4,6,28.9,19.6,21.2,6.5,38594.09,19065.48,667105.57,0.63,16,3.3,47.1,65.3,0.0,1,6,6
856.04,3313,2,143,83,20,0,7,2,0,0,1,4,0,87.0,0,49.8,69.9,85.9,65.7,24973.25,21726.73,130051.38,0.44,3,5.9,80.6,61.0,0.0,1,8,5
748.3,1668,5,82,20,11,0,4,2,3,1,0,0,0,82.2,0,87.0,67.5,94.7,73.4,1360.33,1118.19,8952.82,0.51,11,6.5,81.4,86.9,78.4,1,7,9
1923.59,3730,3,146,64,49,0,3,1,4,1,1,9,1,54.5,4,57.2,58.1,68.8,38.6,21012.44,11451.78,141473.78,0.46,3,6.1,79.5,89.6,0.0,1,8,3
753.69,1712,1,791,99,51,0,10,3,5,1,0,0,7,60.0,11,19.1,51.6,19.0,2.6,4361.0,2616.6,29403.33,0.43,13,2.1,47.1,37.9,0.0,1,3,5
803.8,1286,5,52,56,20,0,5,0,2,0,1,1,2,90.0,0,93.7,61.4,59.1,77.5,31218.89,28097.0,207788.99,0.4,6,6.6,84.7,64.3,67.4,1,7,2
774.94,1338,3,160,54,27,0,11,2,8,1,0,0,2,55.6,26,44.4,76.3,71.2,35.3,16962.52,9431.16,53318.27,0.41,20,5.7,94.3,67.2,0.0,0,0,7
547.33,1496,5,139,64,41,0,5,3,1,1,0,0,2,93.0,0,88.4,78.0,57.5,57.0,17533.22,16305.89,159193.23,0.4,2,7.3,99.6,82.9,71.5,0,3,5
454.47,1086,1,646,401,373,0,7,1,5,0,1,9,0,35.2,31,12.7,37.4,20.9,20.8,2132.63,750.69,4520.5,0.68,3,2.1,53.1,35.9,0.0,1,4,13
312.31,1218,4,115,15,1,0,6,1,1,1,1,10,2,51.1,10,51.7,97.1,73.3,86.5,5741.34,2933.82,19540.46,0.35,1,5.4,76.0,84.6,62.1,1,4,5
485.64,276,0,501,250,246,0,12,5,3,0,1,11,1,70.5,18,40.6,57.4,17.5,4.5,15609.47,11004.68,100917.97,0.54,11,3.7,20.5,24.9,0.0,1,7,8
1473.44,2105,2,135,59,40,0,1,2,1,0,1,1,1,69.3,8,80.4,78.0,74.2,72.1,28579.16,19805.36,478373.06,0.52,20,6.2,89.7,78.6,0.0,1,8,8
160.1,495,5,62,69,4,0,5,2,5,1,0,0,0,79.6,4,48.8,84.2,65.4,70.1,4917.03,3913.96,18543.02,0.45,7,6.5,91.2,74.3,88.3,0,0,0
34.23,120,2,703,93,282,1,12,4,5,1,0,0,6,19.1,28,33.5,54.4,43.5,17.3,1269.28,242.43,7749.47,0.4,17,3.2,24.9,44.0,0.0,1,12,7
1376.85,3229,4,162,4,48,0,11,3,2,0,1,2,2,74.5,3,82.9,91.9,97.8,50.1,4200.04,3129.03,19760.54,0.4,17,4.6,100.0,91.0,68.2,1,11,2
1829.0,1021,2,633,625,272,1,4,4,4,1,1,13,7,36.0,24,1.4,39.4,18.6,13.1,43219.18,15558.9,799138.74,0.53,13,2.6,40.5,27.3,0.0,0,4,12
79.16,177,3,1021,438,252,0,10,4,4,1,1,11,3,35.1,7,56.0,57.9,14.5,39.6,2772.42,973.12,51929.84,0.7,22,3.4,17.0,51.7,0.0,1,13,13
1230.51,835,3,858,622,201,0,11,5,6,1,1,4,0,77.0,13,8.9,63.9,52.9,16.6,24512.63,18874.73,105103.63,0.39,10,3.0,20.7,33.9,0.0,1,11,11
1506.15,3048,2,73,67,19,0,11,5,6,1,0,0,2,69.9,6,42.1,76.2,99.8,21.5,53051.28,37082.84,289630.55,0.48,16,5.3,80.5,90.6,0.0,1,0,10
184.61,578,2,100,11,53,0,8,2,3,1,0,0,0,96.5,0,96.5,95.4,80.4,56.4,930.8,898.22,14715.21,0.51,7,7.4,73.3,86.3,0.0,0,6,9
1145.46,2646,3,72,22,60,0,5,3,1,1,0,0,1,99.5,0,49.5,71.3,65.4,46.5,37247.45,37061.21,327723.37,0.46,5,7.2,84.8,94.0,0.0,0,6,3
1148.84,4150,2,69,2,44,0,8,1,0,1,0,0,0,94.2,0,44.2,56.8,73.3,34.2,16361.21,15412.26,229789.26,0.68,3,6.0,84.9,77.1,0.0,1,0,1
1603.96,4114,3,51,54,55,0,3,3,2,0,0,0,0,70.0,4,60.6,90.1,72.2,58.4,63993.95,44795.76,825337.1,0.52,16,5.6,86.2,83.0,0.0,1,6,9
1818.8,3509,2,98,90,49,0,1,0,0,1,0,0,2,74.8,25,50.1,58.8,52.2,39.6,7054.5,5276.77,80685.53,0.39,9,4.7,62.4,63.5,0.0,0,8,7
1272.48,2783,3,878,303,46,0,7,4,2,0,1,3,0,43.5,21,47.9,42.2,52.5,16.8,13699.93,5959.47,72726.45,0.63,18,3.2,23.2,31.2,0.0,1,3,1
273.94,529,2,73,20,40,0,3,3,4,0,0,0,2,91.7,0,65.8,80.4,52.8,45.7,308.37,282.78,2919.61,0.45,13,6.4,93.5,60.8,0.0,1,7,7
1275.14,4343,4,147,24,11,0,6,3,3,1,0,0,1,94.8,0,84.7,97.7,62.0,62.1,31567.16,29925.67,501240.83,0.51,7,6.7,75.7,68.1,80.0,1,7,7
243.83,342,4,53,10,36,0,11,4,8,0,0,0,0,68.6,20,99.6,64.6,74.4,75.8,7001.56,4803.07,49683.37,0.75,21,5.0,74.1,62.7,67.5,0,1,1
737.36,1992,0,720,205,52,0,3,3,2,1,0,0,8,38.5,17,35.3,57.6,45.7,15.0,21722.76,8363.26,364496.13,0.56,23,3.1,59.0,64.6,0.0,1,5,6
932.14,2050,2,818,730,162,1,7,1,3,0,1,12,8,33.9,36,29.1,57.6,29.7,5.5,35933.45,12181.44,465867.39,0.57,23,3.1,40.0,40.7,0.0,1,9,14
1999.74,5000,1,1101,67,125,0,12,2,1,1,1,6,5,52.4,6,55.1,60.2,46.4,15.6,71356.98,37391.06,794302.65,0.7,9,3.8,42.8,31.4,0.0,1,3,14
1734.08,2117,3,50,75,51,0,2,0,5,0,0,0,0,57.1,5,93.2,60.7,81.8,25.8,77682.11,44356.48,434303.96,0.37,4,6.4,80.1,87.0,0.0,1,2,2
1980.94,4002,0,423,149,326,0,5,5,1,0,0,0,8,59.3,27,56.4,24.0,53.7,14.2,12961.06,7685.91,132530.73,0.36,9,3.4,14.4,43.9,0.0,1,5,11
1285.21,4960,1,736,363,105,0,11,3,1,0,1,15,2,55.6,16,41.7,29.0,32.6,27.7,12328.59,6854.7,150888.24,0.39,19,2.6,56.2,44.4,0.0,1,5,7
1992.09,4201,2,68,17,55,0,3,0,5,1,1,12,0,55.3,8,94.1,83.4,52.0,40.4,50526.55,27941.18,884065.52,0.57,25,5.7,67.4,83.6,0.0,1,0,6
1442.73,1246,0,353,209,209,0,9,3,5,1,0,0,5,46.1,10,18.7,58.1,39.9,1.1,60007.56,27663.49,595071.08,0.5,22,2.1,37.9,57.1,0.0,1,10,7
806.55,2159,5,39,59,11,0,7,2,3,1,1,10,0,98.3,0,75.6,76.4,94.5,65.3,14419.49,14174.36,262094.43,0.53,12,4.9,67.4,85.6,37.0,1,12,0
1339.03,3583,5,162,9,52,0,1,1,3,1,0,0,2,92.2,0,90.7,84.4,49.2,77.9,35826.69,33032.21,233460.55,0.67,30,5.8,97.5,61.3,89.1,0,13,14
162.68,586,5,170,37,39,0,4,2,1,1,0,0,1,81.3,0,64.9,76.4,55.6,59.8,6909.86,5617.72,90916.03,0.72,16,7.2,86.6,77.6,80.1,1,13,13
1978.12,2183,2,25,19,60,0,8,1,3,1,1,4,0,93.7,0,96.4,76.3,70.3,55.0,16037.46,15027.1,235558.22,0.41,13,6.3,98.2,82.6,0.0,0,9,12
372.2,600,3,120,86,18,0,3,2,1,1,0,0,1,89.6,0,64.3,79.6,95.4,41.6,6369.48,5707.05,72502.23,0.61,9,7.6,79.3,76.7,0.0,0,4,14
332.07,193,4,127,23,34,0,4,2,8,0,0,0,1,54.3,32,92.9,97.3,75.3,65.2,12886.75,6997.51,210441.85,0.52,21,5.8,75.7,68.6,36.1,0,2,10
516.03,869,2,150,15,42,0,7,3,4,0,0,0,0,86.0,0,66.9,79.0,85.3,26.2,984.36,846.55,5989.67,0.3,14,7.6,78.7,91.6,0.0,0,4,11
1928.19,2891,2,250,650,294,1,10,2,7,1,0,0,5,69.1,22,32.6,44.9,25.6,25.0,82677.46,57130.12,1494265.45,0.73,7,2.4,16.0,52.0,0.0,1,14,13
765.77,1921,4,180,48,11,0,2,2,2,1,0,0,2,73.0,32,82.8,65.8,53.2,84.1,30202.94,22048.15,482153.38,0.53,19,4.7,55.7,95.8,49.5,0,13,14
286.02,171,5,117,15,40,0,11,5,6,1,0,0,0,93.3,0,95.0,65.6,54.4,98.2,13777.12,12854.05,45968.75,0.65,29,5.4,84.9,83.8,34.7,1,6,4
524.26,267,0,798,386,330,0,12,1,8,0,1,12,3,46.3,35,12.8,56.7,38.7,0.0,8975.47,4155.64,29690.29,0.38,12,3.4,39.1,27.2,0.0,1,0,9
969.16,516,2,134,32,2,0,1,3,5,1,0,0,0,99.1,0,88.2,66.0,73.0,58.9,24293.85,24075.21,141720.17,0.65,13,6.8,63.1,79.7,0.0,1,3,4
714.6,1938,5,48,18,42,0,2,1,7,1,0,0,0,68.7,15,59.8,60.2,90.4,57.9,34967.16,24022.44,211029.97,0.49,24,4.3,69.1,70.8,47.8,0,1,8
1687.43,3604,1,912,384,177,0,9,5,3,1,0,0,5,23.5,28,32.7,45.6,25.1,33.1,77552.22,18224.77,256980.54,0.44,3,1.5,46.4,55.6,0.0,1,9,5
384.89,659,5,99,44,10,0,4,2,4,0,0,0,0,61.5,16,48.2,94.2,73.9,82.3,14794.79,9098.8,131235.52,0.34,8,4.2,75.3,62.3,77.1,1,12,9
76.16,253,4,42,41,37,0,4,2,3,1,0,0,0,91.9,0,86.6,56.4,94.0,68.9,1654.78,1520.74,28908.34,0.73,26,5.4,74.2,86.1,73.2,1,11,4
1053.96,3493,1,222,477,238,0,8,3,5,1,1,3,3,66.1,33,42.0,40.4,28.4,14.2,47776.87,31580.51,438635.6,0.51,24,2.4,42.3,30.9,0.0,1,8,10
1834.68,5000,0,573,70,239,0,7,2,3,0,1,5,0,57.0,13,32.1,20.4,50.3,26.8,36193.41,20630.24,239412.14,0.77,6,2.3,22.0,25.4,0.0,1,1,4
1052.85,1759,3,139,29,23,0,6,1,4,1,1,9,2,58.5,16,97.6,68.2,88.0,43.9,17481.78,10226.84,200431.18,0.57,18,5.6,67.0,88.5,0.0,0,10,8
21.07,55,5,133,88,50,0,8,1,2,1,0,0,0,90.6,0,51.9,91.5,58.0,52.1,555.83,503.58,6762.07,0.73,28,6.3,76.7,72.4,51.4,0,9,1
668.34,2293,3,433,652,75,0,11,5,1,1,1,9,1,39.4,8,39.0,60.8,36.5,32.2,14939.12,5886.01,192763.42,0.58,25,2.8,53.5,37.6,0.0,1,14,14
1700.6,1156,3,70,66,54,0,8,3,1,1,0,0,2,66.5,35,44.1,62.4,64.7,28.0,53960.16,35883.51,1060616.1,0.58,20,4.3,91.8,97.7,0.0,0,6,10
281.1,510,1,818,330,270,0,10,5,4,1,1,10,2,59.5,33,1.1,53.9,51.8,15.8,1225.93,729.43,14666.25,0.68,25,1.5,43.1,53.7,0.0,1,14,14
1199.31,2362,3,230,698,149,0,4,1,3,1,1,3,0,56.2,2,28.7,46.7,40.4,2.1,24880.22,13982.68,417720.54,0.66,21,1.8,40.4,62.6,0.0,1,5,13
320.36,583,3,144,55,42,0,3,1,5,0,1,9,0,63.8,1,64.0,61.6,71.8,60.9,5788.05,3692.78,102270.0,0.53,10,5.7,62.5,69.4,0.0,1,6,3
1668.01,5000,2,56,57,34,0,3,2,1,1,0,0,2,95.0,0,73.7,68.9,86.8,36.5,41768.7,39680.26,580888.23,0.56,17,6.1,63.0,73.4,0.0,1,4,12
218.43,184,4,47,2,28,0,0,2,4,1,0,0,1,57.2,4,58.3,60.6,67.2,66.2,7358.04,4208.8,106438.15,0.45,6,7.1,92.2,85.9,65.5,0,14,7
1808.23,5000,5,41,40,46,0,2,3,4,1,0,0,0,85.5,0,78.8,62.9,75.9,87.5,12506.04,10692.66,32718.39,0.62,6,6.4,86.2,67.6,66.7,1,3,14
450.63,448,2,810,289,58,1,5,4,3,1,1,13,0,93.1,0,45.7,55.0,41.1,25.0,22067.1,20544.47,267109.02,0.6,12,2.9,34.2,51.1,0.0,1,2,4
397.81,423,2,140,118,103,0,10,3,6,1,1,3,2,45.9,29,40.8,52.4,15.7,23.5,348.22,159.83,6931.94,0.51,17,1.4,57.6,64.8,0.0,1,6,3
1061.64,3837,2,141,88,27,0,7,3,3,1,1,14,2,50.5,12,57.7,89.5,71.6,31.7,13732.21,6934.77,67445.41,0.49,12,5.9,55.7,70.6,0.0,1,3,3
1444.11,3823,2,176,34,54,0,1,2,5,1,0,0,2,58.7,11,84.6,86.0,95.8,72.2,1497.25,878.89,5418.69,0.77,37,6.3,59.3,89.2,0.0,0,9,1
1616.53,4338,2,245,176,383,1,3,4,8,1,0,0,2,53.9,14,65.9,55.8,23.5,22.3,74491.96,40151.17,643668.57,0.7,25,4.4,43.9,34.7,0.0,1,14,1
1665.87,1559,2,120,38,45,0,6,3,0,0,0,0,0,65.1,10,63.8,77.0,80.7,68.2,24070.6,15669.96,443823.01,0.52,10,7.6,67.7,85.0,0.0,0,12,7
695.59,1304,2,31,40,58,0,6,0,2,1,0,0,2,64.6,11,90.5,74.7,48.9,25.9,12727.93,8222.24,244807.49,0.36,5,5.8,56.0,60.8,0.0,0,13,9
1177.44,892,4,21,63,56,0,7,0,3,1,1,1,0,98.4,0,51.3,80.0,83.4,59.6,52957.37,52110.05,882979.01,0.38,9,6.1,56.8,61.8,48.1,0,14,11
1360.92,2605,5,10,78,49,0,3,0,2,1,0,0,0,81.5,0,48.6,96.1,66.4,67.1,42055.27,34275.05,495769.38,0.51,20,5.8,61.3,62.0,33.9,1,1,6
1576.25,5000,3,120,49,59,0,8,2,2,0,0,0,0,96.6,0,46.1,71.0,76.7,41.1,66766.82,64496.75,825923.79,0.47,13,5.9,61.4,99.5,0.0,1,13,3
1414.73,4983,2,120,40,23,0,2,2,5,1,0,0,0,57.3,6,52.4,97.5,54.8,78.4,68692.28,39360.68,1276662.88,0.58,3,7.5,93.1,95.7,0.0,1,10,14
916.02,541,3,440,131,255,0,10,2,5,1,1,12,8,44.1,28,33.8,33.5,18.4,32.9,40002.69,17641.19,284494.85,0.65,29,3.2,45.8,37.7,0.0,1,2,4
871.52,3120,2,22,71,22,0,3,2,6,1,0,0,0,70.8,4,45.4,99.5,47.6,66.7,1640.65,1161.58,3528.22,0.51,18,4.6,65.8,76.2,0.0,0,10,8
1328.75,3114,2,111,13,17,0,2,3,3,0,0,0,1,91.1,0,67.1,61.1,71.8,71.0,54606.31,49746.35,753816.37,0.47,6,7.1,61.3,74.0,0.0,1,8,11
164.76,351,3,167,161,287,0,7,5,5,1,1,5,5,58.6,15,41.6,23.1,27.4,30.5,4935.32,2892.1,83454.21,0.5,9,1.4,59.0,26.6,0.0,1,10,10
1167.16,2891,5,123,9,0,0,5,3,4,0,0,0,1,83.4,0,88.7,66.5,85.8,80.9,8625.9,7194.0,21646.85,0.51,11,5.5,59.7,87.9,49.1,1,6,6
1568.65,1895,0,940,248,274,0,11,4,7,1,0,0,3,47.5,2,8.4,31.9,13.1,12.3,12613.21,5991.27,77859.4,0.54,15,4.2,54.1,31.6,0.0,1,11,7
1305.72,2790,2,1186,215,60,1,4,5,8,0,0,0,5,41.6,8,17.2,60.5,36.0,13.3,57996.67,24126.61,275907.13,0.57,17,2.7,39.6,46.7,0.0,1,2,8
306.63,197,2,126,51,60,0,2,1,5,1,1,14,0,88.5,0,73.4,72.7,65.0,62.3,1823.19,1613.52,19932.86,0.46,17,5.0,59.4,87.4,0.0,0,1,10
1095.99,3273,2,127,77,15,0,8,3,2,0,0,0,1,83.9,0,89.2,71.8,78.3,44.4,24042.54,20171.69,313619.49,0.45,17,6.8,97.2,78.8,0.0,1,2,9
47.21,36,2,406,473,261,1,8,3,2,0,1,8,6,61.7,6,29.2,32.4,13.0,32.4,945.6,583.44,16491.26,0.44,21,3.2,52.6,67.8,0.0,1,8,11
1495.31,5000,2,506,294,53,1,6,4,6,0,0,0,0,57.9,29,18.9,22.4,17.1,36.8,26222.27,15182.69,95504.37,0.64,17,1.9,27.4,55.4,0.0,1,12,1
1929.74,3166,2,176,22,56,0,5,3,0,1,1,12,0,59.7,12,73.9,59.6,87.0,78.0,85603.9,51105.53,1391427.63,0.54,14,6.7,88.7,63.3,0.0,0,13,3
999.78,3030,4,179,47,52,0,8,0,0,1,0,0,1,91.7,0,42.8,93.4,50.2,67.4,41265.37,37840.34,723731.01,0.3,4,6.3,79.6,93.9,53.5,0,7,11
1263.57,1200,0,332,429,47,0,11,1,1,1,1,15,8,11.0,14,9.0,17.4,36.5,36.4,20454.07,2249.95,331308.67,0.63,5,2.3,16.1,67.9,0.0,1,4,1
729.44,2521,5,177,16,3,0,2,0,1,0,0,0,0,73.1,32,96.5,76.7,72.2,94.9,15677.18,11460.02,140819.53,0.68,6,5.6,67.4,79.6,77.0,1,6,13
1880.65,5000,4,30,35,39,0,12,5,8,0,0,0,1,57.9,3,46.9,72.1,97.2,71.4,87450.86,50634.05,1376826.1,0.65,5,5.1,80.1,76.5,72.1,0,1,8
1072.54,3883,3,63,8,57,0,8,3,4,1,0,0,1,62.9,32,60.0,56.4,96.0,50.6,42164.4,26521.41,333467.6,0.34,11,4.6,73.4,77.3,0.0,1,10,2
593.04,1241,1,826,459,199,0,5,1,1,0,1,12,5,19.8,8,6.1,44.2,15.6,24.7,15240.35,3017.59,65257.71,0.78,12,2.5,55.9,20.3,0.0,1,5,1
638.44,1699,2,179,12,40,0,4,0,2,1,0,0,2,53.9,22,67.8,84.0,54.6,35.5,22841.78,12311.72,325295.04,0.49,16,7.1,78.1,91.7,0.0,1,14,3
561.7,1011,3,311,660,169,0,7,5,5,0,0,0,6,10.2,5,21.9,31.9,52.6,9.3,5911.04,602.93,17503.2,0.33,14,3.8,50.7,66.9,0.0,1,9,5
816.79,1762,3,131,65,50,0,4,3,5,1,0,0,2,95.4,0,63.6,78.5,84.8,32.8,33323.49,31790.61,119839.91,0.69,12,6.5,92.5,91.5,0.0,0,6,1
309.45,937,2,922,172,176,1,7,4,6,1,0,0,3,30.5,24,38.5,23.2,27.0,27.1,8252.25,2516.94,18824.48,0.57,16,2.2,53.7,67.0,0.0,1,10,8
94.26,177,2,98,482,64,0,2,4,7,0,1,10,4,23.3,3,52.8,27.4,19.1,12.8,1945.26,453.25,37216.05,0.67,24,1.9,39.7,31.0,0.0,1,12,1
557.25,2050,1,972,566,60,0,8,3,1,0,0,0,3,54.1,28,58.7,58.3,47.8,28.4,25413.05,13748.46,73409.17,0.63,6,2.9,58.4,56.9,0.0,1,0,8
211.33,541,5,30,12,2,0,4,4,4,1,0,0,0,79.4,31,64.0,73.5,67.2,99.4,9853.0,7823.28,185311.88,0.41,12,4.7,68.3,62.0,43.6,1,8,0
710.37,1644,0,1062,563,316,0,7,1,5,0,1,12,2,66.2,24,32.3,32.6,53.6,20.2,29155.16,19300.72,326499.25,0.45,8,2.6,56.1,50.6,0.0,1,14,3
1303.56,3165,2,125,71,12,0,6,2,1,1,0,0,0,66.0,7,67.4,59.4,66.4,37.7,35118.6,23178.28,586301.77,0.4,2,7.0,68.9,99.7,0.0,0,7,2
625.68,2132,0,464,248,106,0,2,5,4,0,1,13,0,57.6,28,18.3,33.1,16.0,7.1,28859.94,16623.33,557918.5,0.63,30,2.2,51.6,26.4,0.0,1,11,13
433.69,1578,3,804,636,271,0,4,1,6,0,1,3,6,11.1,35,24.1,47.0,10.6,9.8,10672.03,1184.6,176579.73,0.65,9,2.6,21.7,21.9,0.0,1,1,13
740.93,1601,1,219,171,49,0,5,4,8,0,0,0,5,17.2,11,36.3,62.6,46.2,25.9,26142.07,4496.44,357591.02,0.64,4,2.6,11.9,24.4,0.0,1,3,6
1301.45,4185,0,295,236,184,0,3,2,1,1,1,14,7,23.6,19,26.8,60.8,39.9,14.7,20393.41,4812.84,49780.89,0.52,26,2.2,51.4,69.7,0.0,1,3,0
